Customer ID,Age,Gender,Item Purchased,Category,Purchase Amount (USD),Location,Size,Color,Season,Review Rating,Subscription Status,Shipping Type,Discount Applied,Previous Purchases,Payment Method,Frequency of Purchases,Purchase_Freq_Per_Year,Est_Tenure_Years,Total_Spend_Proxy,Promo_Reliant,Promo_Dependency_Score,Satisfaction_Flag,LoyaltyA_raw,LoyaltyB_raw,Loyalty_Tier,Value_Tier
1,55,Male,Blouse,Clothing,53,Kentucky,L,Gray,Winter,3.1,Yes,Express,Yes,14,Venmo,Fortnightly,26,0.5384615384615384,795,1,0.6,Medium,0.7216405566203181,-1.7753067758792327,Medium,Silver
2,19,Male,Sweater,Clothing,64,Maine,L,Maroon,Winter,3.1,Yes,Express,Yes,2,Cash,Fortnightly,26,0.07692307692307693,192,1,0.6,Medium,-0.10897452135619545,-1.8979223953878037,Medium,Bronze
3,50,Male,Jeans,Clothing,73,Massachusetts,S,Maroon,Spring,3.1,Yes,Free Shipping,Yes,23,Credit Card,Weekly,52,0.4423076923076923,1752,1,0.6,Medium,2.891332850261335,-1.8008516966101848,High,Gold
4,21,Male,Sandals,Footwear,90,Rhode Island,M,Maroon,Spring,3.5,Yes,Next Day Air,Yes,49,PayPal,Weekly,52,0.9423076923076923,4500,1,0.6,Medium,4.690998852543781,-1.1074716283157398,High,Platinum
5,45,Male,Blouse,Clothing,49,Oregon,M,Turquoise,Spring,2.7,Yes,Free Shipping,Yes,31,PayPal,Annually,1,10.0,1568,1,0.6,Low,0.41110391853707895,0.17776694355298406,Medium,Gold
6,46,Male,Sneakers,Footwear,20,Wyoming,M,White,Summer,2.9,Yes,Standard,Yes,14,Venmo,Weekly,52,0.2692307692307692,300,1,0.6,Low,2.26837154177895,-2.127105794172646,High,Bronze
7,63,Male,Shirt,Clothing,85,Montana,M,Gray,Fall,3.2,Yes,Free Shipping,Yes,49,Cash,Quarterly,4,10.0,4250,1,0.6,Medium,1.835495495327845,0.8784500441698504,High,Platinum
8,27,Male,Shorts,Clothing,34,Louisiana,L,Charcoal,Winter,3.2,Yes,Free Shipping,Yes,19,Credit Card,Weekly,52,0.36538461538461536,680,1,0.6,Medium,2.614461157602497,-1.6811510130715734,High,Silver
9,26,Male,Coat,Outerwear,97,West Virginia,L,Silver,Summer,2.6,Yes,Express,Yes,8,Venmo,Annually,1,8.0,873,1,0.6,Low,-1.1809083142512384,-0.4937040277741982,Low,Silver
10,57,Male,Handbag,Accessories,31,Missouri,M,Pink,Spring,4.8,Yes,2-Day Shipping,Yes,4,Cash,Quarterly,4,1.0,155,1,0.6,High,-1.2793110470840805,0.7296313857266842,Low,Bronze
11,53,Male,Shoes,Footwear,34,Arkansas,L,Purple,Fall,4.1,Yes,Store Pickup,Yes,26,Bank Transfer,Bi-Weekly,26,1.0,918,1,0.6,High,1.5522556345968315,-0.25132495513692915,High,Silver
12,30,Male,Shorts,Clothing,68,Hawaii,S,Olive,Winter,4.9,Yes,Store Pickup,Yes,10,Bank Transfer,Fortnightly,26,0.38461538461538464,748,1,0.6,High,0.4447688639614803,0.7062805131719633,Medium,Silver
13,61,Male,Coat,Outerwear,72,Delaware,M,Gold,Winter,4.5,Yes,Express,Yes,37,Venmo,Fortnightly,26,1.4230769230769231,2736,1,0.6,High,2.3136527894086356,0.42161917657275483,High,Platinum
14,65,Male,Dress,Clothing,51,New Hampshire,M,Violet,Spring,4.7,Yes,Express,Yes,31,PayPal,Weekly,52,0.5961538461538461,1632,1,0.6,High,3.4450762355790108,0.48220609853331153,High,Gold
15,64,Male,Coat,Outerwear,53,New York,L,Teal,Winter,4.7,Yes,Free Shipping,Yes,34,Debit Card,Weekly,52,0.6538461538461539,1855,1,0.6,High,3.652730005073139,0.49753305097188283,High,Gold
16,64,Male,Skirt,Clothing,81,Rhode Island,M,Teal,Winter,2.8,Yes,Store Pickup,Yes,8,PayPal,Monthly,12,0.6666666666666666,729,1,0.6,Low,-0.5265221282225865,-2.1616567419414165,Low,Silver
17,25,Male,Sunglasses,Accessories,36,Alabama,S,Gray,Spring,4.1,Yes,Next Day Air,Yes,44,Debit Card,Bi-Weekly,26,1.6923076923076923,1620,1,0.6,High,2.7981782515616014,-0.06740152587407228,High,Gold
18,53,Male,Dress,Clothing,38,Mississippi,XL,Lavender,Winter,4.7,Yes,2-Day Shipping,Yes,36,Venmo,Quarterly,4,9.0,1406,1,0.6,High,0.9356624941866222,2.7148321704185454,High,Gold
19,52,Male,Sweater,Clothing,48,Montana,S,Black,Summer,4.6,Yes,Free Shipping,Yes,17,Cash,Weekly,52,0.3269230769230769,864,1,0.6,High,2.4760253112730783,0.2705437003632709,High,Silver
20,66,Male,Pants,Clothing,90,Rhode Island,M,Green,Summer,3.3,Yes,Standard,Yes,46,Debit Card,Bi-Weekly,26,1.7692307692307692,4230,1,0.6,Medium,2.9366140978910202,-1.1680585502762966,High,Platinum
21,21,Male,Pants,Clothing,51,Louisiana,M,Black,Winter,2.8,Yes,Express,Yes,50,Cash,Quarterly,4,10.0,2601,1,0.6,Low,1.9047134184925545,0.31790356367635675,High,Platinum
22,31,Male,Pants,Clothing,62,North Carolina,M,Charcoal,Winter,4.1,Yes,Store Pickup,Yes,22,Debit Card,Quarterly,4,5.5,1426,1,0.6,High,-0.03338843011931014,0.94417733507164,Medium,Gold
23,56,Male,Pants,Clothing,37,California,M,Peach,Summer,3.2,Yes,Store Pickup,Yes,32,Debit Card,Annually,1,10.0,1221,1,0.6,Medium,0.4803218417017884,0.8784500441698504,Medium,Silver
24,31,Male,Pants,Clothing,88,Oklahoma,XL,White,Winter,4.4,Yes,Express,Yes,40,Credit Card,Weekly,52,0.7692307692307693,3608,1,0.6,High,4.068037544061395,0.10777709547890613,High,Platinum
25,18,Male,Jacket,Outerwear,22,Florida,M,Green,Fall,2.9,Yes,Store Pickup,Yes,16,Debit Card,Weekly,52,0.3076923076923077,374,1,0.6,Low,2.4068073881083687,-2.1168878258802653,High,Bronze
26,18,Male,Hoodie,Clothing,25,Texas,M,Silver,Summer,3.6,Yes,Express,Yes,14,PayPal,Annually,1,10.0,375,1,0.6,Medium,-0.7656007752629816,1.4389965246633434,Low,Bronze
27,38,Male,Jewelry,Accessories,20,Nevada,M,Red,Spring,3.6,Yes,Next Day Air,Yes,13,Credit Card,Annually,1,10.0,280,1,0.6,Medium,-0.8348186984276911,1.4389965246633434,Low,Bronze
28,56,Male,Shorts,Clothing,56,Kentucky,L,Cyan,Summer,5.0,Yes,Next Day Air,Yes,7,Bank Transfer,Quarterly,4,1.75,448,1,0.6,High,-1.071657277589952,1.209155007674859,Low,Bronze
29,54,Male,Handbag,Accessories,94,North Carolina,M,Gray,Fall,4.4,Yes,Free Shipping,Yes,41,PayPal,Quarterly,4,10.0,3948,1,0.6,High,1.2817521100101694,2.5600894856503302,High,Platinum
30,31,Male,Dress,Clothing,48,Wyoming,S,Black,Fall,4.1,Yes,Store Pickup,Yes,14,Credit Card,Weekly,52,0.2692307692307692,720,1,0.6,High,2.26837154177895,-0.4454663526921669,High,Silver
31,57,Male,Jewelry,Accessories,31,North Carolina,L,Black,Winter,4.7,Yes,Standard,Yes,16,Credit Card,Monthly,12,1.3333333333333333,527,1,0.6,High,0.027221257095089157,0.678050490803946,Medium,Bronze
32,33,Male,Dress,Clothing,79,West Virginia,L,Brown,Winter,4.7,Yes,Store Pickup,Yes,45,Venmo,Monthly,12,3.75,3634,1,0.6,High,2.034541028871663,1.320079498508548,High,Platinum
33,36,Male,Jacket,Outerwear,67,Kansas,M,Silver,Summer,4.9,Yes,Free Shipping,Yes,37,Venmo,Annually,1,10.0,2546,1,0.6,High,0.8264114575253356,3.260772586267197,Medium,Platinum
34,54,Male,Pants,Clothing,38,Colorado,L,Green,Summer,3.3,Yes,Store Pickup,Yes,45,Cash,Quarterly,4,10.0,1748,1,0.6,Medium,1.5586238026690071,1.018586664293223,High,Gold
35,36,Male,T-shirt,Clothing,91,North Dakota,L,Violet,Spring,4.6,Yes,2-Day Shipping,Yes,38,PayPal,Quarterly,4,9.5,3549,1,0.6,High,1.074098340516041,2.7075291380961235,High,Platinum
36,54,Male,Blouse,Clothing,33,Massachusetts,M,Cyan,Summer,4.0,Yes,2-Day Shipping,Yes,48,Credit Card,Bi-Weekly,26,1.8461538461538463,1617,1,0.6,Medium,3.0750499442204395,-0.1666662728279214,High,Gold
37,35,Male,T-shirt,Clothing,69,Illinois,M,Maroon,Winter,4.6,Yes,Free Shipping,Yes,44,PayPal,Fortnightly,26,1.6923076923076923,3105,1,0.6,High,2.7981782515616014,0.6332815747427941,High,Platinum
38,35,Male,Jeans,Clothing,45,Indiana,S,Cyan,Summer,2.8,Yes,Store Pickup,Yes,10,PayPal,Weekly,52,0.19230769230769232,495,1,0.6,Low,1.9914998491201121,-2.287678350880781,High,Bronze
39,29,Male,Dress,Clothing,37,Florida,M,Red,Winter,3.8,Yes,2-Day Shipping,Yes,44,Venmo,Quarterly,4,10.0,1665,1,0.6,Medium,1.4894058795042977,1.7192697649100896,High,Gold
40,70,Male,Pants,Clothing,60,Arizona,S,Turquoise,Summer,4.2,Yes,Express,Yes,18,Credit Card,Monthly,12,1.5,1140,1,0.6,High,0.165657103424508,0.02164525278739704,Medium,Silver
41,69,Male,Handbag,Accessories,76,Louisiana,L,Beige,Winter,4.6,Yes,Next Day Air,Yes,31,Debit Card,Quarterly,4,7.75,2432,1,0.6,High,0.5895728783630749,2.242611580792791,Medium,Platinum
42,67,Male,Scarf,Accessories,39,Alaska,M,Orange,Spring,4.5,Yes,Standard,Yes,40,Venmo,Annually,1,10.0,1599,1,0.6,High,1.0340652270194641,2.700226105773703,High,Gold
43,20,Male,Coat,Outerwear,100,Tennessee,M,Beige,Spring,4.1,Yes,Free Shipping,Yes,15,PayPal,Annually,1,10.0,1600,1,0.6,High,-0.6963828520982722,2.139679625280209,Low,Gold
44,25,Male,Scarf,Accessories,69,Ohio,L,Lavender,Fall,3.7,Yes,Store Pickup,Yes,19,PayPal,Fortnightly,26,0.7307692307692307,1380,1,0.6,Medium,1.0677301724438653,-0.883397213677088,High,Gold
45,39,Male,Hat,Accessories,53,Kentucky,S,Silver,Summer,4.6,Yes,Free Shipping,Yes,45,PayPal,Weekly,52,0.8653846153846154,2438,1,0.6,High,4.414127159884943,0.413595256456604,High,Platinum
46,50,Male,Socks,Clothing,21,Tennessee,XL,Indigo,Fall,2.9,Yes,2-Day Shipping,Yes,25,PayPal,Annually,1,10.0,546,1,0.6,Low,-0.004203620451177725,0.4580401837997301,Medium,Bronze
47,57,Male,Shirt,Clothing,43,California,L,White,Summer,2.9,Yes,Store Pickup,Yes,45,Cash,Quarterly,4,10.0,1978,1,0.6,Low,1.5586238026690071,0.4580401837997301,High,Gold
48,55,Male,Jewelry,Accessories,54,Montana,M,Charcoal,Winter,4.5,Yes,Free Shipping,Yes,36,Cash,Weekly,52,0.6923076923076923,1998,1,0.6,High,3.7911658514025577,0.2274777790175171,High,Gold
49,42,Male,Shirt,Clothing,55,Nevada,M,Orange,Summer,2.7,Yes,Store Pickup,Yes,38,Cash,Monthly,12,3.1666666666666665,2145,1,0.6,Low,1.550015566718697,-1.6376254230600285,High,Gold
50,68,Male,Hoodie,Clothing,30,New Jersey,S,Indigo,Spring,4.6,Yes,Next Day Air,Yes,34,Debit Card,Bi-Weekly,26,1.3076923076923077,1050,1,0.6,High,2.105999019914507,0.5311018918189846,High,Silver
51,49,Male,Blouse,Clothing,28,Maryland,M,Red,Spring,3.8,Yes,Store Pickup,Yes,39,Debit Card,Bi-Weekly,26,1.5,1120,1,0.6,Medium,2.4520886357380545,-0.5389012277060966,High,Silver
52,59,Male,Skirt,Clothing,59,Vermont,XL,Gray,Winter,4.7,Yes,2-Day Shipping,Yes,7,Credit Card,Quarterly,4,1.75,472,1,0.6,High,-1.071657277589952,0.7887451473047394,Low,Bronze
53,42,Male,T-shirt,Clothing,20,Alaska,M,Green,Summer,2.6,Yes,Free Shipping,Yes,26,Credit Card,Weekly,52,0.5,540,1,0.6,Low,3.0989866197554634,-2.48620784478848,High,Bronze
54,29,Male,Skirt,Clothing,24,Mississippi,S,Peach,Winter,3.9,Yes,Next Day Air,Yes,35,Credit Card,Weekly,52,0.6730769230769231,864,1,0.6,Medium,3.7219479282378485,-0.6184509258689133,High,Silver
55,47,Male,Coat,Outerwear,94,New Mexico,M,Brown,Summer,4.2,Yes,Next Day Air,Yes,35,Debit Card,Bi-Weekly,26,1.3461538461538463,3384,1,0.6,High,2.1752169430792163,-0.019226620382126636,High,Platinum
56,40,Male,Jacket,Outerwear,28,South Carolina,M,Lavender,Winter,3.0,Yes,2-Day Shipping,Yes,49,Credit Card,Annually,1,10.0,1400,1,0.6,Low,1.6570265355018492,0.5981768039231035,High,Gold
57,41,Male,Backpack,Accessories,73,Mississippi,XL,Brown,Summer,4.7,Yes,Store Pickup,Yes,46,Credit Card,Weekly,52,0.8846153846153846,3431,1,0.6,High,4.483345083049652,0.5588408607261685,High,Platinum
58,21,Male,Coat,Outerwear,64,West Virginia,M,White,Summer,4.4,Yes,Store Pickup,Yes,17,Debit Card,Fortnightly,26,0.6538461538461539,1152,1,0.6,High,0.9292943261144464,0.07712319060176331,High,Silver
59,69,Male,Hoodie,Clothing,54,Missouri,M,Charcoal,Summer,4.2,Yes,Free Shipping,Yes,29,Venmo,Monthly,12,2.4166666666666665,1620,1,0.6,High,0.9270542582363119,0.26517349708914256,High,Gold
60,63,Male,Belt,Accessories,79,Louisiana,L,Yellow,Spring,4.6,Yes,Standard,Yes,4,Debit Card,Weekly,52,0.07692307692307693,395,1,0.6,High,1.5761923101318553,0.20412690646279485,High,Bronze
61,50,Male,Sweater,Clothing,37,Idaho,L,Brown,Summer,4.0,Yes,Express,Yes,17,Cash,Weekly,52,0.3269230769230769,666,1,0.6,Medium,2.4760253112730783,-0.5702760203769683,High,Silver
62,55,Male,Scarf,Accessories,68,Texas,M,Orange,Winter,4.7,Yes,Store Pickup,Yes,21,Credit Card,Quarterly,4,5.25,1496,1,0.6,High,-0.10260635328401957,1.7185802619114043,Medium,Gold
63,30,Male,Sneakers,Footwear,21,Mississippi,S,Magenta,Spring,3.8,Yes,Free Shipping,Yes,31,Credit Card,Fortnightly,26,1.1923076923076923,672,1,0.6,Medium,1.8983452504203786,-0.620644974045144,High,Silver
64,33,Male,Sunglasses,Accessories,79,Arizona,L,Lavender,Winter,2.7,Yes,2-Day Shipping,Yes,43,Credit Card,Weekly,52,0.8269230769230769,3476,1,0.6,Low,4.275691313555524,-2.2592184941798688,High,Platinum
65,65,Male,Boots,Footwear,83,Alabama,S,Green,Fall,4.8,Yes,Standard,Yes,18,Debit Card,Fortnightly,26,0.6923076923076923,1577,1,0.6,High,0.9985122492791558,0.6478876393876367,High,Gold
66,65,Male,Backpack,Accessories,36,New Jersey,M,Purple,Spring,4.8,Yes,2-Day Shipping,Yes,44,Venmo,Quarterly,4,10.0,1620,1,0.6,High,1.4894058795042977,3.1206359661438228,High,Gold
67,31,Male,Blouse,Clothing,94,Pennsylvania,S,Magenta,Winter,4.7,Yes,2-Day Shipping,Yes,3,Venmo,Quarterly,4,0.75,376,1,0.6,High,-1.3485289702487897,0.5230779717028352,Low,Bronze
68,45,Male,Coat,Outerwear,33,Connecticut,L,Gray,Winter,4.4,Yes,Store Pickup,Yes,49,Debit Card,Monthly,12,4.083333333333333,1650,1,0.6,High,2.311412721530501,0.9882253633390631,High,Gold
69,57,Male,Handbag,Accessories,46,Utah,L,Silver,Summer,3.9,Yes,Next Day Air,Yes,21,Cash,Quarterly,4,5.25,1012,1,0.6,Medium,-0.10260635328401957,0.5974873009244177,Medium,Silver
70,48,Male,Belt,Accessories,70,Tennessee,S,Cyan,Summer,4.4,Yes,Express,Yes,5,Cash,Weekly,52,0.09615384615384616,420,1,0.6,High,1.6454102332965648,-0.0710373496377602,High,Bronze
71,22,Male,Belt,Accessories,29,Alabama,M,Magenta,Fall,4.2,Yes,Express,Yes,32,Debit Card,Quarterly,4,8.0,957,1,0.6,High,0.6587908015277844,1.7484818941997746,Medium,Silver
72,36,Male,Dress,Clothing,48,Virginia,L,Gold,Summer,2.9,Yes,Express,Yes,34,Bank Transfer,Annually,1,10.0,1680,1,0.6,Low,0.6187576880312073,0.4580401837997301,Medium,Gold
73,18,Male,Dress,Clothing,26,Georgia,M,Olive,Winter,2.9,Yes,Store Pickup,Yes,21,Bank Transfer,Quarterly,4,5.25,572,1,0.6,Low,-0.10260635328401957,-0.8038789003093152,Medium,Bronze
74,48,Male,Pants,Clothing,85,Hawaii,M,Teal,Spring,2.7,Yes,Free Shipping,Yes,43,Bank Transfer,Bi-Weekly,26,1.6538461538461537,3740,1,0.6,Low,2.728960328396892,-2.0395321758936786,High,Platinum
75,49,Male,Gloves,Accessories,58,Indiana,L,Violet,Spring,4.5,Yes,Express,Yes,3,Cash,Monthly,12,0.25,232,1,0.6,High,-0.8726117440461338,0.10997114365513638,Low,Bronze
76,64,Male,Scarf,Accessories,85,Utah,M,Blue,Summer,2.7,Yes,Free Shipping,Yes,21,Credit Card,Annually,1,10.0,1870,1,0.6,Low,-0.28107531311001566,0.17776694355298406,Medium,Gold
77,50,Male,Hat,Accessories,43,Delaware,S,Teal,Summer,4.2,Yes,Free Shipping,Yes,32,Venmo,Monthly,12,2.6666666666666665,1419,1,0.6,High,1.1347080277304402,0.3315902909896186,High,Gold
78,22,Male,Dress,Clothing,53,Delaware,L,Gold,Summer,3.3,Yes,Next Day Air,Yes,36,Debit Card,Fortnightly,26,1.3846153846153846,1961,1,0.6,Medium,2.244434866243926,-1.2702382332001059,High,Gold
79,50,Male,Skirt,Clothing,91,Nebraska,M,Maroon,Spring,4.7,Yes,Free Shipping,Yes,50,Venmo,Fortnightly,26,1.9230769230769231,4641,1,0.6,High,3.2134857905498584,0.8347260046204537,High,Platinum
80,38,Male,Jacket,Outerwear,96,Iowa,M,Olive,Winter,2.6,Yes,2-Day Shipping,Yes,43,Bank Transfer,Quarterly,4,10.0,4224,1,0.6,Low,1.4201879563395883,0.03763032342961048,High,Platinum
81,19,Male,Sandals,Footwear,72,New York,XL,Blue,Summer,3.8,Yes,Store Pickup,Yes,24,Credit Card,Quarterly,4,6.0,1800,1,0.6,Medium,0.10504741621010882,0.6566010625024725,Medium,Gold
82,67,Male,Shoes,Footwear,96,Virginia,L,Maroon,Summer,2.6,Yes,Express,Yes,36,Credit Card,Quarterly,4,9.0,3552,1,0.6,Low,0.9356624941866222,-0.22803685217229397,High,Platinum
83,19,Male,Pants,Clothing,28,Georgia,S,Olive,Spring,4.0,Yes,2-Day Shipping,Yes,21,Credit Card,Quarterly,4,5.25,616,1,0.6,Medium,-0.10260635328401957,0.7376239210477911,Medium,Bronze
84,36,Male,Dress,Clothing,40,Texas,M,Turquoise,Summer,4.1,Yes,Standard,Yes,34,Bank Transfer,Weekly,52,0.6538461538461539,1400,1,0.6,High,3.652730005073139,-0.3432866697683576,High,Gold
85,52,Male,Coat,Outerwear,32,Arizona,S,Peach,Spring,4.4,Yes,Standard,Yes,42,Bank Transfer,Quarterly,4,10.0,1376,1,0.6,High,1.3509700331748788,2.5600894856503302,High,Gold
86,53,Male,Sunglasses,Accessories,95,New Mexico,M,Charcoal,Winter,4.5,Yes,Next Day Air,Yes,2,Debit Card,Bi-Weekly,26,0.07692307692307693,285,1,0.6,High,-0.10897452135619545,0.06399028633942216,Medium,Bronze
87,24,Male,Hoodie,Clothing,41,Nevada,L,Pink,Spring,3.7,Yes,2-Day Shipping,Yes,47,Cash,Bi-Weekly,26,1.8076923076923077,1968,1,0.6,Medium,3.00583202105573,-0.597294101490422,High,Gold
88,52,Male,Shoes,Footwear,53,Ohio,M,Green,Fall,3.7,Yes,2-Day Shipping,Yes,44,Debit Card,Fortnightly,26,1.6923076923076923,2385,1,0.6,Medium,2.7981782515616014,-0.6279480063675646,High,Platinum
89,33,Male,T-shirt,Clothing,47,Wyoming,M,Orange,Fall,3.5,Yes,Free Shipping,Yes,35,Credit Card,Monthly,12,2.9166666666666665,1692,1,0.6,Medium,1.3423617972245687,-0.5829492559735185,High,Gold
90,47,Male,Jacket,Outerwear,83,California,XL,Pink,Fall,3.6,Yes,Next Day Air,Yes,15,Cash,Quarterly,4,3.75,1328,1,0.6,Medium,-0.5179138922722761,-0.22142332284855826,Low,Silver
91,25,Male,Hat,Accessories,48,South Carolina,L,Violet,Summer,2.9,Yes,Express,Yes,29,Credit Card,Monthly,12,2.4166666666666665,1440,1,0.6,Low,0.9270542582363119,-1.5566025645147106,High,Gold
92,44,Male,Scarf,Accessories,99,South Carolina,S,Green,Winter,4.6,Yes,Standard,Yes,18,Credit Card,Quarterly,4,4.5,1881,1,0.6,High,-0.3102601227781481,1.3791932600866021,Medium,Gold
93,61,Male,Jacket,Outerwear,87,Texas,M,Olive,Winter,4.4,Yes,2-Day Shipping,Yes,13,Venmo,Quarterly,4,3.25,1218,1,0.6,High,-0.6563497386016952,0.7668360503374763,Low,Silver
94,37,Male,Sweater,Clothing,62,Florida,M,Purple,Fall,4.5,Yes,Standard,Yes,46,Credit Card,Weekly,52,0.8846153846153846,2914,1,0.6,High,4.483345083049652,0.27856762047942174,High,Platinum
95,58,Male,Skirt,Clothing,76,Nevada,S,Silver,Spring,4.6,Yes,Free Shipping,Yes,28,Credit Card,Weekly,52,0.5384615384615384,2204,1,0.6,High,3.2374224660848823,0.326742525971366,High,Gold
96,37,Male,Sneakers,Footwear,100,Missouri,L,Pink,Fall,3.8,Yes,Free Shipping,Yes,48,PayPal,Monthly,12,4.0,4900,1,0.6,Medium,2.2421947983657917,0.125266711298664,High,Platinum
97,32,Male,Gloves,Accessories,73,Delaware,S,Gold,Spring,3.8,Yes,Express,Yes,43,Venmo,Quarterly,4,10.0,3212,1,0.6,Medium,1.4201879563395883,1.7192697649100896,High,Platinum
98,21,Male,Shoes,Footwear,92,Virginia,M,Teal,Winter,4.8,Yes,Store Pickup,Yes,37,Cash,Annually,1,10.0,3496,1,0.6,High,0.8264114575253356,3.1206359661438228,Medium,Platinum
99,20,Male,Jeans,Clothing,67,New York,XL,Teal,Spring,2.6,Yes,Next Day Air,Yes,20,Bank Transfer,Annually,1,10.0,1407,1,0.6,Low,-0.35029323627472486,0.03763032342961048,Medium,Gold
100,26,Male,Hoodie,Clothing,40,Missouri,XL,Indigo,Summer,3.7,Yes,Express,Yes,33,Debit Card,Quarterly,4,8.25,1360,1,0.6,Medium,0.7280087246924938,1.1142155874833841,Medium,Gold
101,62,Male,Sunglasses,Accessories,98,South Dakota,M,Maroon,Fall,2.7,Yes,Express,Yes,31,Cash,Fortnightly,26,1.1923076923076923,3136,1,0.6,Low,1.8983452504203786,-2.1621477954022494,High,Platinum
102,27,Male,Coat,Outerwear,85,North Dakota,XL,White,Spring,4.6,Yes,Express,Yes,50,Credit Card,Bi-Weekly,26,1.9230769230769231,4335,1,0.6,High,3.2134857905498584,0.6945893844970796,High,Platinum
103,51,Male,Socks,Clothing,67,Oklahoma,L,Violet,Winter,4.8,Yes,Next Day Air,Yes,35,Credit Card,Quarterly,4,8.75,2412,1,0.6,High,0.8664445710219127,2.7885519966414423,High,Platinum
104,54,Male,Boots,Footwear,89,West Virginia,L,Red,Winter,4.0,Yes,Next Day Air,Yes,22,Venmo,Bi-Weekly,26,0.8461538461538461,2047,1,0.6,Medium,1.2753839419379935,-0.43233344842982563,High,Gold
105,55,Male,Sunglasses,Accessories,24,New Hampshire,L,Pink,Spring,4.4,Yes,2-Day Shipping,Yes,1,PayPal,Monthly,12,0.08333333333333333,48,1,0.6,High,-1.0110475903755525,-0.07444333906855383,Low,Bronze
106,69,Male,Backpack,Accessories,96,New York,M,Charcoal,Fall,3.6,Yes,Next Day Air,Yes,4,Bank Transfer,Annually,1,4.0,480,1,0.6,Medium,-1.4577800069100761,-0.1550065289480822,Low,Bronze
107,64,Male,Jacket,Outerwear,35,Minnesota,L,White,Summer,3.7,Yes,Standard,Yes,31,Credit Card,Monthly,12,2.5833333333333335,1120,1,0.6,Medium,1.0654901045657308,-0.3912317409274064,High,Silver
108,28,Male,Sneakers,Footwear,67,Maryland,L,Olive,Winter,3.1,Yes,Next Day Air,Yes,46,PayPal,Fortnightly,26,1.7692307692307692,3149,1,0.6,Medium,2.9366140978910202,-1.4483317905230428,High,Platinum
109,70,Male,Socks,Clothing,79,Montana,L,Purple,Spring,3.4,Yes,Next Day Air,Yes,32,Bank Transfer,Bi-Weekly,26,1.2307692307692308,2607,1,0.6,Medium,1.9675631735850883,-1.1709734862462562,High,Platinum
110,58,Male,T-shirt,Clothing,85,Alabama,M,Violet,Spring,2.6,Yes,Next Day Air,Yes,43,Bank Transfer,Fortnightly,26,1.6538461538461537,3740,1,0.6,Low,2.728960328396892,-2.179668796017052,High,Platinum
111,56,Male,Backpack,Accessories,26,New York,M,Black,Summer,4.0,Yes,Standard,Yes,26,Venmo,Fortnightly,26,1.0,702,1,0.6,Medium,1.5522556345968315,-0.39146157526030195,High,Silver
112,26,Male,Belt,Accessories,75,Massachusetts,L,Purple,Summer,5.0,Yes,Free Shipping,Yes,9,Credit Card,Annually,1,9.0,750,1,0.6,High,-1.1116903910865288,3.135242030788665,Low,Silver
113,37,Male,Gloves,Accessories,65,Florida,M,Red,Spring,4.3,Yes,Free Shipping,Yes,28,PayPal,Bi-Weekly,26,1.0769230769230769,1885,1,0.6,High,1.6906914809262503,0.049384221694579566,High,Gold
114,44,Male,Hat,Accessories,54,New Jersey,L,Maroon,Winter,3.1,Yes,Next Day Air,Yes,20,PayPal,Quarterly,4,5.0,1134,1,0.6,Medium,-0.171824276448729,-0.5900224539630444,Medium,Silver
115,70,Male,Coat,Outerwear,95,Massachusetts,S,Blue,Summer,3.7,Yes,Store Pickup,Yes,9,Cash,Weekly,52,0.17307692307692307,950,1,0.6,Medium,1.9222819259554027,-1.0315577539166116,High,Silver
116,53,Male,Skirt,Clothing,94,Wyoming,M,Gray,Spring,3.8,Yes,Standard,Yes,48,Debit Card,Quarterly,4,10.0,4606,1,0.6,Medium,1.7662775721631356,1.7192697649100896,High,Platinum
117,55,Male,Shoes,Footwear,86,Virginia,S,Blue,Spring,3.4,Yes,Free Shipping,Yes,12,Venmo,Annually,1,10.0,1118,1,0.6,Medium,-0.9040366215924007,1.1587232844165967,Low,Silver
118,50,Male,Sandals,Footwear,32,South Dakota,L,Yellow,Summer,4.6,Yes,Express,Yes,29,Cash,Fortnightly,26,1.1153846153846154,960,1,0.6,High,1.7599094040909598,0.48001205035708006,High,Silver
119,50,Male,Sweater,Clothing,45,Kentucky,L,Orange,Fall,4.8,Yes,2-Day Shipping,Yes,27,Cash,Bi-Weekly,26,1.0384615384615385,1260,1,0.6,High,1.621473557761541,0.739849354019065,High,Silver
120,38,Male,Coat,Outerwear,76,Wyoming,M,Orange,Fall,4.3,Yes,Express,Yes,44,Cash,Annually,1,10.0,3420,1,0.6,High,1.3109369196783018,2.419952865526956,High,Platinum
121,64,Male,Hat,Accessories,84,West Virginia,L,Red,Summer,4.0,Yes,Express,Yes,32,Bank Transfer,Annually,1,10.0,2772,1,0.6,Medium,0.4803218417017884,1.9995430051568364,Medium,Platinum
122,19,Male,Shorts,Clothing,72,Virginia,M,Olive,Winter,4.2,Yes,Standard,Yes,11,Cash,Fortnightly,26,0.4230769230769231,864,1,0.6,High,0.5139867871261897,-0.26445785939926914,Medium,Silver
123,40,Male,Backpack,Accessories,40,Washington,L,Brown,Spring,4.8,Yes,2-Day Shipping,Yes,44,Cash,Fortnightly,26,1.6923076923076923,1800,1,0.6,High,2.7981782515616014,0.913554814989541,High,Gold
124,57,Male,Sweater,Clothing,89,Louisiana,L,Brown,Fall,3.1,Yes,Free Shipping,Yes,46,Cash,Weekly,52,0.8846153846153846,4183,1,0.6,Medium,4.483345083049652,-1.6833450612478043,High,Platinum
125,44,Male,Sweater,Clothing,86,Nevada,M,Gray,Spring,3.1,Yes,Next Day Air,Yes,50,PayPal,Annually,1,10.0,4386,1,0.6,Medium,1.7262444586665584,0.7383134240464769,High,Platinum
126,49,Male,Shorts,Clothing,54,California,M,Indigo,Winter,3.6,Yes,Next Day Air,Yes,45,Venmo,Quarterly,4,10.0,2484,1,0.6,Medium,1.5586238026690071,1.4389965246633434,High,Platinum
127,43,Male,Shorts,Clothing,36,Mississippi,L,Pink,Spring,3.9,Yes,Store Pickup,Yes,48,Cash,Quarterly,4,10.0,1764,1,0.6,Medium,1.7662775721631356,1.859406385033463,High,Gold
128,24,Male,Sweater,Clothing,89,Mississippi,M,Gray,Winter,4.8,Yes,Next Day Air,Yes,26,Credit Card,Weekly,52,0.5,2403,1,0.6,High,3.0989866197554634,0.5967977979257321,High,Platinum
129,20,Male,Scarf,Accessories,32,California,M,Gold,Spring,4.7,Yes,Standard,Yes,21,Credit Card,Fortnightly,26,0.8076923076923077,704,1,0.6,High,1.2061660187732843,0.5384049241414065,High,Silver
130,24,Male,Dress,Clothing,67,Pennsylvania,XL,Olive,Summer,4.2,Yes,2-Day Shipping,Yes,49,PayPal,Bi-Weekly,26,1.8846153846153846,3350,1,0.6,High,3.1442678673851487,0.12382493571120634,High,Platinum
131,44,Male,Scarf,Accessories,39,Kentucky,L,Violet,Fall,3.7,Yes,Next Day Air,Yes,13,PayPal,Fortnightly,26,0.5,546,1,0.6,Medium,0.6524226334556086,-0.9447050234313736,Medium,Bronze
132,28,Male,Skirt,Clothing,29,Maine,L,Indigo,Summer,3.9,Yes,Standard,Yes,46,Credit Card,Weekly,52,0.8846153846153846,1363,1,0.6,Medium,4.483345083049652,-0.5622521002608182,High,Gold
133,30,Male,Backpack,Accessories,58,New Mexico,M,Orange,Fall,4.7,Yes,2-Day Shipping,Yes,42,PayPal,Weekly,52,0.8076923076923077,2494,1,0.6,High,4.206473390390815,0.5384049241414065,High,Platinum
134,52,Male,Sweater,Clothing,65,Montana,M,Violet,Winter,2.5,Yes,Next Day Air,Yes,25,Venmo,Annually,1,10.0,1690,1,0.6,Low,-0.004203620451177725,-0.10250629669376288,Medium,Gold
135,43,Male,Hat,Accessories,94,Texas,L,Gray,Fall,4.9,Yes,Store Pickup,Yes,25,Cash,Monthly,12,2.0833333333333335,2444,1,0.6,High,0.6501825655774742,1.1575741127521213,Medium,Platinum
136,43,Male,Sandals,Footwear,81,Kansas,M,Purple,Fall,4.1,Yes,Express,Yes,12,PayPal,Quarterly,4,3.0,1053,1,0.6,High,-0.7255676617664046,0.28000939606687936,Low,Silver
137,39,Male,Blouse,Clothing,86,South Carolina,M,White,Winter,3.3,Yes,Free Shipping,Yes,4,Debit Card,Quarterly,4,1.0,430,1,0.6,Medium,-1.2793110470840805,-1.3724179161239152,Low,Bronze
138,68,Male,Sneakers,Footwear,43,Colorado,M,Turquoise,Spring,4.7,Yes,Free Shipping,Yes,38,PayPal,Weekly,52,0.7307692307692307,1677,1,0.6,High,3.9296016977319765,0.5179689875566448,High,Gold
139,68,Male,Skirt,Clothing,29,Georgia,M,Maroon,Winter,4.4,Yes,Store Pickup,Yes,42,Bank Transfer,Weekly,52,0.8076923076923077,1247,1,0.6,High,4.206473390390815,0.11799506377128699,High,Silver
140,49,Male,Coat,Outerwear,95,Florida,M,White,Fall,3.8,Yes,Store Pickup,Yes,30,Venmo,Annually,1,10.0,2945,1,0.6,Medium,0.3418859953723695,1.7192697649100896,Medium,Platinum
141,63,Male,Shirt,Clothing,28,North Carolina,L,Yellow,Fall,3.9,Yes,2-Day Shipping,Yes,50,Credit Card,Weekly,52,0.9615384615384616,1428,1,0.6,Medium,4.76021677570849,-0.5418161636760562,High,Gold
142,56,Male,Gloves,Accessories,46,Virginia,M,Turquoise,Fall,4.9,Yes,Free Shipping,Yes,45,PayPal,Weekly,52,0.8653846153846154,2116,1,0.6,High,4.414127159884943,0.834005116826725,High,Gold
143,37,Male,Jacket,Outerwear,58,Nebraska,L,Violet,Fall,3.1,Yes,Free Shipping,Yes,33,Credit Card,Fortnightly,26,1.2692307692307692,1972,1,0.6,Medium,2.0367810967497975,-1.581165378323995,High,Gold
144,30,Male,Coat,Outerwear,48,Missouri,M,Beige,Fall,2.7,Yes,Store Pickup,Yes,25,PayPal,Quarterly,4,6.25,1248,1,0.6,Low,0.17426533937481825,-0.818484964954157,Medium,Silver
145,19,Male,Shoes,Footwear,43,New Jersey,M,Silver,Fall,3.2,Yes,Express,Yes,25,Cash,Monthly,12,2.0833333333333335,1118,1,0.6,Medium,0.6501825655774742,-1.224748429345225,Medium,Silver
146,24,Male,Jewelry,Accessories,95,Missouri,M,Teal,Fall,4.5,Yes,Standard,Yes,44,Debit Card,Quarterly,4,10.0,4275,1,0.6,High,1.4894058795042977,2.700226105773703,High,Platinum
147,52,Male,Skirt,Clothing,30,Colorado,S,Black,Fall,4.0,Yes,Standard,Yes,21,Venmo,Fortnightly,26,0.8076923076923077,660,1,0.6,Medium,1.2061660187732843,-0.4425514167222067,High,Bronze
148,63,Male,Shoes,Footwear,64,Idaho,M,Purple,Summer,3.5,Yes,2-Day Shipping,Yes,31,Bank Transfer,Fortnightly,26,1.1923076923076923,2048,1,0.6,Medium,1.8983452504203786,-1.0410548344152635,High,Gold
149,37,Male,Gloves,Accessories,90,Wyoming,M,Gray,Fall,2.6,Yes,Store Pickup,Yes,47,Debit Card,Annually,1,10.0,4320,1,0.6,Low,1.5185906891724303,0.03763032342961048,High,Platinum
150,38,Male,Pants,Clothing,76,Delaware,M,White,Summer,3.2,Yes,Free Shipping,Yes,14,PayPal,Monthly,12,1.1666666666666667,1140,1,0.6,Medium,-0.1112145892343297,-1.4682766736469706,Medium,Silver
151,35,Male,Boots,Footwear,96,California,L,Cyan,Fall,4.9,Yes,Standard,Yes,17,Debit Card,Quarterly,4,4.25,1728,1,0.6,High,-0.3794780459428573,1.733186326556247,Medium,Gold
152,28,Male,Sunglasses,Accessories,47,North Dakota,L,Turquoise,Fall,4.5,Yes,Next Day Air,Yes,3,Venmo,Annually,1,3.0,188,1,0.6,High,-1.5269979300747858,0.8405558765603731,Low,Bronze
153,30,Male,Shirt,Clothing,85,South Carolina,S,Brown,Summer,4.3,Yes,Express,Yes,42,Venmo,Annually,1,10.0,3655,1,0.6,High,1.172501073348883,2.419952865526956,High,Platinum
154,69,Male,Hoodie,Clothing,55,North Carolina,M,Maroon,Winter,3.2,Yes,Standard,Yes,22,Debit Card,Annually,1,10.0,1265,1,0.6,Medium,-0.211857389945306,0.8784500441698504,Medium,Silver
155,41,Male,Dress,Clothing,98,Oklahoma,M,Charcoal,Fall,3.6,Yes,Next Day Air,Yes,21,Venmo,Quarterly,4,5.25,2156,1,0.6,Medium,-0.10260635328401957,0.1770774405542981,Medium,Gold
156,63,Male,Socks,Clothing,77,Maine,S,Olive,Spring,4.3,Yes,Free Shipping,Yes,21,Bank Transfer,Quarterly,4,5.25,1694,1,0.6,High,-0.10260635328401957,1.158033781417911,Medium,Gold
157,35,Male,Shorts,Clothing,26,Missouri,M,Lavender,Fall,4.0,Yes,Standard,Yes,40,Debit Card,Annually,1,10.0,1066,1,0.6,Medium,1.0340652270194641,1.9995430051568364,High,Silver
158,36,Male,Hat,Accessories,68,Vermont,S,Yellow,Fall,3.0,Yes,Next Day Air,Yes,1,Bank Transfer,Fortnightly,26,0.038461538461538464,136,1,0.6,Low,-0.17819244452090466,-2.048276983803558,Medium,Bronze
159,25,Male,Shirt,Clothing,73,Connecticut,XL,Teal,Fall,4.1,Yes,Standard,Yes,50,Bank Transfer,Monthly,12,4.166666666666667,3723,1,0.6,High,2.38063064469521,0.5899544342691011,High,Platinum
160,58,Male,Gloves,Accessories,27,New Hampshire,M,Charcoal,Fall,3.8,Yes,Store Pickup,Yes,39,Bank Transfer,Quarterly,4,9.75,1080,1,0.6,Medium,1.1433162636807506,1.6528529710096136,High,Silver
161,27,Male,Gloves,Accessories,23,Texas,M,Orange,Summer,4.6,Yes,Free Shipping,Yes,34,Venmo,Monthly,12,2.8333333333333335,805,1,0.6,High,1.2731438740598593,0.9364146340834284,High,Silver
162,65,Male,Backpack,Accessories,49,North Dakota,M,Olive,Fall,3.0,Yes,Express,Yes,29,Venmo,Fortnightly,26,1.1153846153846154,1470,1,0.6,Low,1.7599094040909598,-1.7621738716168922,High,Gold
163,54,Male,Sunglasses,Accessories,74,California,M,Turquoise,Summer,3.0,Yes,Store Pickup,Yes,31,PayPal,Bi-Weekly,26,1.1923076923076923,2368,1,0.6,Low,1.8983452504203786,-1.74173793503213,High,Platinum
164,54,Male,Skirt,Clothing,67,Virginia,M,Purple,Summer,3.4,Yes,Standard,Yes,8,Debit Card,Weekly,52,0.15384615384615385,603,1,0.6,Medium,1.8530640027906933,-1.4570765984329224,High,Bronze
165,59,Male,Handbag,Accessories,65,Delaware,S,Purple,Spring,2.6,Yes,Free Shipping,Yes,5,Credit Card,Fortnightly,26,0.19230769230769232,390,1,0.6,Low,0.09867924813793294,-2.5679515911275272,Medium,Bronze
166,42,Male,Handbag,Accessories,60,Kentucky,S,Yellow,Winter,2.8,Yes,Store Pickup,Yes,7,Cash,Monthly,12,0.5833333333333334,480,1,0.6,Low,-0.5957400513872959,-2.183795673241575,Low,Bronze
167,46,Male,Sneakers,Footwear,31,Delaware,XL,Indigo,Fall,4.0,Yes,Store Pickup,Yes,30,Cash,Monthly,12,2.5,961,1,0.6,Medium,0.9962721814010214,0.007039188142554442,High,Silver
168,33,Male,Gloves,Accessories,27,Arkansas,M,Green,Fall,4.0,Yes,Express,Yes,14,Credit Card,Quarterly,4,3.5,405,1,0.6,Medium,-0.5871318154369858,0.27270636374445867,Low,Bronze
169,34,Male,Shoes,Footwear,80,Louisiana,M,Magenta,Summer,3.0,Yes,Express,Yes,5,Cash,Fortnightly,26,0.19230769230769232,480,1,0.6,Low,0.09867924813793294,-2.0074051106340347,Medium,Bronze
170,27,Male,Jacket,Outerwear,30,Nevada,S,Gold,Summer,3.3,Yes,Standard,Yes,3,PayPal,Quarterly,4,0.75,120,1,0.6,Medium,-1.3485289702487897,-1.4388347100243912,Low,Bronze
171,52,Male,Shirt,Clothing,25,Wyoming,M,Maroon,Fall,2.6,Yes,Store Pickup,Yes,46,Venmo,Bi-Weekly,26,1.7692307692307692,1175,1,0.6,Low,2.9366140978910202,-2.149014891139909,High,Silver
172,29,Male,Shorts,Clothing,35,Virginia,M,Blue,Summer,3.6,Yes,Store Pickup,Yes,4,Credit Card,Weekly,52,0.07692307692307693,175,1,0.6,Medium,1.5761923101318553,-1.1972392947709374,High,Bronze
173,54,Male,Jewelry,Accessories,67,Nebraska,M,Violet,Summer,3.9,Yes,Next Day Air,Yes,42,Credit Card,Bi-Weekly,26,1.6153846153846154,2881,1,0.6,Medium,2.6597424052321825,-0.36811070270558044,High,Platinum
174,25,Male,Hat,Accessories,46,Hawaii,M,Turquoise,Fall,3.4,Yes,Standard,Yes,30,Cash,Annually,1,10.0,1426,1,0.6,Medium,0.3418859953723695,1.1587232844165967,Medium,Gold
175,41,Male,Shoes,Footwear,35,Vermont,L,Brown,Winter,3.5,Yes,Express,Yes,37,Venmo,Annually,1,10.0,1330,1,0.6,Medium,0.8264114575253356,1.29885990453997,Medium,Silver
176,53,Male,Coat,Outerwear,86,Oklahoma,L,Violet,Fall,2.8,Yes,Next Day Air,Yes,2,Bank Transfer,Annually,1,2.0,258,1,0.6,Low,-1.596215853239495,-1.8074338411388773,Low,Bronze
177,53,Male,Backpack,Accessories,81,New Hampshire,L,Black,Spring,2.7,Yes,Next Day Air,Yes,30,Credit Card,Quarterly,4,7.5,2511,1,0.6,Low,0.5203549551983655,-0.4864009954517766,Medium,Platinum
178,21,Male,Hoodie,Clothing,42,Kansas,L,Magenta,Fall,3.7,Yes,Next Day Air,Yes,47,Bank Transfer,Monthly,12,3.9166666666666665,2016,1,0.6,Medium,2.172976875201082,-0.037008840124867506,High,Gold
179,61,Male,Skirt,Clothing,43,Idaho,L,Lavender,Fall,4.3,Yes,2-Day Shipping,Yes,21,PayPal,Quarterly,4,5.25,946,1,0.6,High,-0.10260635328401957,1.158033781417911,Medium,Silver
180,64,Male,Boots,Footwear,31,Illinois,M,Violet,Fall,4.9,Yes,Store Pickup,Yes,9,Bank Transfer,Fortnightly,26,0.34615384615384615,310,1,0.6,High,0.37555094079677087,0.6960625448795824,Medium,Bronze
181,51,Male,Sandals,Footwear,81,South Dakota,L,Green,Fall,3.3,Yes,Store Pickup,Yes,12,Debit Card,Fortnightly,26,0.46153846153846156,1053,1,0.6,Medium,0.5832047102908992,-1.5154694722172481,Medium,Silver
182,32,Male,Pants,Clothing,61,Massachusetts,M,Beige,Summer,4.7,Yes,Next Day Air,Yes,4,Bank Transfer,Weekly,52,0.07692307692307693,305,1,0.6,High,1.5761923101318553,0.3442635265861689,High,Bronze
183,38,Male,Gloves,Accessories,96,Alabama,XL,Purple,Summer,2.8,Yes,Store Pickup,Yes,10,Debit Card,Annually,1,10.0,1056,1,0.6,Low,-1.0424724679218196,0.31790356367635675,Low,Silver
184,58,Male,Skirt,Clothing,29,Ohio,XL,Beige,Spring,3.6,Yes,2-Day Shipping,Yes,26,Credit Card,Weekly,52,0.5,783,1,0.6,Medium,3.0989866197554634,-1.084841643554747,High,Silver
185,32,Male,Sneakers,Footwear,33,Hawaii,L,Cyan,Spring,3.0,Yes,Express,Yes,40,Cash,Fortnightly,26,1.5384615384615385,1353,1,0.6,Low,2.5213065589027637,-1.6497762204007018,High,Gold
186,46,Male,T-shirt,Clothing,32,Wisconsin,XL,Silver,Summer,4.5,Yes,Store Pickup,Yes,34,Bank Transfer,Fortnightly,26,1.3076923076923077,1120,1,0.6,High,2.105999019914507,0.3909652716956119,High,Silver
187,39,Male,Backpack,Accessories,56,Minnesota,S,Lavender,Summer,2.9,Yes,Standard,Yes,31,Debit Card,Annually,1,10.0,1792,1,0.6,Low,0.41110391853707895,0.4580401837997301,Medium,Gold
188,19,Male,Shoes,Footwear,94,Georgia,S,Purple,Spring,3.3,Yes,Store Pickup,Yes,1,Bank Transfer,Bi-Weekly,26,0.038461538461538464,188,1,0.6,Medium,-0.17819244452090466,-1.6278671234334385,Medium,Bronze
189,50,Male,Hoodie,Clothing,53,Arkansas,M,Pink,Spring,3.1,Yes,Express,Yes,5,Bank Transfer,Bi-Weekly,26,0.19230769230769232,318,1,0.6,Medium,0.09867924813793294,-1.8672684905106611,Medium,Bronze
190,36,Male,Blouse,Clothing,82,West Virginia,M,Maroon,Fall,4.4,Yes,Next Day Air,Yes,4,Credit Card,Weekly,52,0.07692307692307693,410,1,0.6,High,1.5761923101318553,-0.07614633378395064,High,Bronze
191,65,Male,Coat,Outerwear,70,Indiana,XL,Beige,Fall,3.0,Yes,Free Shipping,Yes,48,Venmo,Quarterly,4,10.0,3430,1,0.6,Low,1.7662775721631356,0.5981768039231035,High,Platinum
192,64,Male,Hat,Accessories,76,Utah,M,Gray,Fall,3.9,Yes,Free Shipping,Yes,29,Cash,Quarterly,4,7.25,2280,1,0.6,Medium,0.45113703203365607,1.1288216521282264,Medium,Gold
193,46,Male,Shoes,Footwear,29,Nebraska,L,Turquoise,Summer,2.9,Yes,Express,Yes,12,PayPal,Bi-Weekly,26,0.46153846153846156,377,1,0.6,Low,0.5832047102908992,-2.0760159527107414,Medium,Bronze
194,36,Male,Belt,Accessories,100,North Dakota,S,Silver,Fall,3.0,Yes,Standard,Yes,29,Venmo,Annually,1,10.0,3000,1,0.6,Low,0.27266807220766,0.5981768039231035,Medium,Platinum
195,51,Male,Backpack,Accessories,94,Missouri,M,Olive,Spring,3.1,Yes,Express,Yes,15,Debit Card,Quarterly,4,3.75,1504,1,0.6,Medium,-0.5179138922722761,-0.9221064234654247,Low,Gold
196,51,Male,Jacket,Outerwear,25,New York,M,Magenta,Fall,4.3,Yes,Free Shipping,Yes,34,Credit Card,Monthly,12,2.8333333333333335,875,1,0.6,High,1.2731438740598593,0.5160047737133089,High,Silver
197,38,Male,Boots,Footwear,88,Washington,M,Lavender,Summer,3.9,Yes,Next Day Air,Yes,41,Credit Card,Fortnightly,26,1.5769230769230769,3696,1,0.6,Medium,2.5905244820674733,-0.3783286709979614,High,Platinum
198,59,Male,Scarf,Accessories,78,South Carolina,M,Black,Fall,3.2,Yes,2-Day Shipping,Yes,41,Credit Card,Monthly,12,3.4166666666666665,3276,1,0.6,Medium,1.7576693362128253,-0.8705255285426861,High,Platinum
199,57,Male,Jewelry,Accessories,45,Utah,M,Turquoise,Winter,4.8,Yes,Standard,Yes,39,Credit Card,Fortnightly,26,1.5,1800,1,0.6,High,2.4520886357380545,0.8624649735276363,High,Gold
200,54,Male,Hat,Accessories,73,Idaho,XL,Green,Summer,3.8,Yes,Express,Yes,32,Cash,Weekly,52,0.6153846153846154,2409,1,0.6,Medium,3.51429415874372,-0.773914498430858,High,Platinum
201,25,Male,Dress,Clothing,61,Pennsylvania,S,Teal,Summer,3.3,Yes,Next Day Air,Yes,29,Venmo,Monthly,12,2.4166666666666665,1830,1,0.6,Medium,0.9270542582363119,-0.9960560840212176,High,Gold
202,69,Male,Blouse,Clothing,22,Missouri,S,Beige,Fall,4.3,Yes,Free Shipping,Yes,15,Bank Transfer,Annually,1,10.0,352,1,0.6,High,-0.6963828520982722,2.419952865526956,Low,Bronze
203,57,Male,Hat,Accessories,38,Nebraska,L,Magenta,Spring,2.7,Yes,Express,Yes,33,Venmo,Annually,1,10.0,1292,1,0.6,Low,0.5495397648664978,0.17776694355298406,Medium,Silver
204,70,Male,Scarf,Accessories,38,Indiana,S,Yellow,Fall,3.2,Yes,Next Day Air,Yes,18,Bank Transfer,Weekly,52,0.34615384615384615,722,1,0.6,Medium,2.5452432344377875,-1.6862599972177637,High,Silver
205,24,Male,Sneakers,Footwear,100,Arizona,M,Yellow,Fall,4.0,Yes,Store Pickup,Yes,35,Cash,Bi-Weekly,26,1.3461538461538463,3600,1,0.6,Medium,2.1752169430792163,-0.2994998606288735,High,Platinum
206,67,Male,Shirt,Clothing,64,Hawaii,M,Silver,Winter,3.0,Yes,Standard,Yes,25,PayPal,Weekly,52,0.4807692307692308,1664,1,0.6,Low,3.0297686965907538,-1.9307703484411776,High,Gold
207,24,Male,T-shirt,Clothing,55,Wisconsin,L,Silver,Summer,4.2,Yes,Free Shipping,Yes,6,Venmo,Fortnightly,26,0.23076923076923078,385,1,0.6,High,0.1678971713026426,-0.3155477008611737,Medium,Bronze
208,62,Male,Gloves,Accessories,91,Rhode Island,M,Silver,Summer,2.9,Yes,Express,Yes,17,Bank Transfer,Bi-Weekly,26,0.6538461538461539,1638,1,0.6,Low,0.9292943261144464,-2.0249261112488366,High,Gold
209,57,Male,Skirt,Clothing,38,Wisconsin,M,Gold,Spring,4.1,Yes,Store Pickup,Yes,17,Credit Card,Monthly,12,1.4166666666666667,684,1,0.6,High,0.09643918025979858,-0.1406302986361357,Medium,Silver
210,55,Male,Sandals,Footwear,97,Minnesota,S,Olive,Winter,3.2,Yes,Store Pickup,Yes,44,Cash,Quarterly,4,10.0,4365,1,0.6,Medium,1.4894058795042977,0.8784500441698504,High,Platinum
211,45,Male,Jacket,Outerwear,22,Vermont,L,Teal,Fall,3.0,Yes,2-Day Shipping,Yes,6,PayPal,Fortnightly,26,0.23076923076923078,154,1,0.6,Low,0.1678971713026426,-1.9971871423416534,Medium,Bronze
212,69,Male,Skirt,Clothing,92,South Dakota,L,Maroon,Fall,4.2,Yes,2-Day Shipping,Yes,45,Debit Card,Fortnightly,26,1.7307692307692308,4232,1,0.6,High,2.867396174726311,0.08295306254168267,High,Platinum
213,67,Male,Handbag,Accessories,84,Virginia,L,Blue,Fall,4.2,Yes,Express,Yes,7,Debit Card,Annually,1,7.0,672,1,0.6,High,-1.2501262374159476,1.4828147185978704,Low,Silver
214,30,Male,Handbag,Accessories,93,Nevada,L,Peach,Fall,4.4,Yes,Store Pickup,Yes,11,Debit Card,Quarterly,4,2.75,1116,1,0.6,High,-0.7947855849311141,0.6340024625365241,Low,Silver
215,24,Male,Jacket,Outerwear,50,Hawaii,L,Blue,Summer,4.2,Yes,Next Day Air,Yes,41,Cash,Quarterly,4,10.0,2100,1,0.6,High,1.2817521100101694,2.279816245403583,High,Gold
216,62,Male,Scarf,Accessories,64,New Jersey,S,Orange,Spring,2.8,Yes,2-Day Shipping,Yes,24,PayPal,Bi-Weekly,26,0.9230769230769231,1600,1,0.6,Low,1.4138197882674126,-2.0935369533255432,High,Gold
217,43,Male,Shorts,Clothing,61,Massachusetts,L,Yellow,Spring,3.7,Yes,Free Shipping,Yes,21,Venmo,Weekly,52,0.40384615384615385,1342,1,0.6,Medium,2.752897003931916,-0.970249944162326,High,Gold
218,35,Male,Sunglasses,Accessories,48,Oklahoma,M,Purple,Winter,3.5,Yes,Next Day Air,Yes,24,Bank Transfer,Annually,1,10.0,1200,1,0.6,Medium,-0.07342154361588715,1.29885990453997,Medium,Silver
219,28,Male,T-shirt,Clothing,45,California,S,Magenta,Spring,2.9,Yes,Store Pickup,Yes,8,Credit Card,Quarterly,4,2.0,405,1,0.6,Low,-1.0024393544252423,-1.6672972210155041,Low,Bronze
220,32,Male,Belt,Accessories,88,Nevada,M,Cyan,Spring,3.0,Yes,Free Shipping,Yes,12,Cash,Fortnightly,26,0.46153846153846156,1144,1,0.6,Low,0.5832047102908992,-1.9358793325873678,Medium,Silver
221,39,Male,Sneakers,Footwear,57,Arizona,S,Indigo,Spring,3.7,Yes,Express,Yes,48,Debit Card,Fortnightly,26,1.8461538461538463,2793,1,0.6,Medium,3.0750499442204395,-0.587076133198041,High,Platinum
222,28,Male,Hat,Accessories,68,North Carolina,XL,Magenta,Summer,4.4,Yes,Store Pickup,Yes,6,Bank Transfer,Quarterly,4,1.5,476,1,0.6,High,-1.1408752007546612,0.30191849303414386,Low,Bronze
223,47,Male,Gloves,Accessories,94,New York,XL,Gray,Spring,4.5,Yes,2-Day Shipping,Yes,14,PayPal,Fortnightly,26,0.5384615384615384,1410,1,0.6,High,0.7216405566203181,0.1866059058479933,Medium,Gold
224,20,Male,Pants,Clothing,41,Wyoming,M,Turquoise,Spring,4.8,Yes,Free Shipping,Yes,34,PayPal,Annually,1,10.0,1435,1,0.6,High,0.6187576880312073,3.1206359661438228,Medium,Gold
225,63,Male,Socks,Clothing,83,South Dakota,S,Beige,Summer,2.9,Yes,Free Shipping,Yes,12,Cash,Quarterly,4,3.0,1079,1,0.6,Low,-0.7255676617664046,-1.4016300454135997,Low,Silver
226,25,Male,Jacket,Outerwear,22,Arkansas,M,Olive,Spring,3.2,Yes,Next Day Air,Yes,11,Bank Transfer,Annually,1,10.0,264,1,0.6,Medium,-0.9732545447571099,0.8784500441698504,Low,Bronze
227,29,Male,Shoes,Footwear,74,Texas,L,Violet,Spring,3.3,Yes,Free Shipping,Yes,5,PayPal,Monthly,12,0.4166666666666667,444,1,0.6,Medium,-0.734175897716715,-1.527390435225026,Low,Bronze
228,50,Male,Jeans,Clothing,90,Rhode Island,M,Turquoise,Winter,4.2,Yes,Standard,Yes,25,Venmo,Fortnightly,26,0.9615384615384616,2340,1,0.6,High,1.483037711432122,-0.12140630330593594,High,Platinum
229,18,Male,Socks,Clothing,79,New Hampshire,M,White,Spring,2.9,Yes,Store Pickup,Yes,11,Credit Card,Annually,1,10.0,948,1,0.6,Low,-0.9732545447571099,0.4580401837997301,Low,Silver
230,70,Male,Sandals,Footwear,28,Ohio,S,Silver,Spring,4.6,Yes,Next Day Air,Yes,27,PayPal,Quarterly,4,6.75,784,1,0.6,High,0.3127011857042371,1.9769444051908867,Medium,Silver
231,66,Male,Scarf,Accessories,88,Utah,L,Olive,Fall,4.1,Yes,Standard,Yes,43,Credit Card,Annually,1,10.0,3872,1,0.6,High,1.2417189965135922,2.139679625280209,High,Platinum
232,28,Male,Blouse,Clothing,26,Tennessee,M,Blue,Spring,3.1,Yes,2-Day Shipping,Yes,18,Debit Card,Quarterly,4,4.5,494,1,0.6,Medium,-0.3102601227781481,-0.7228560417639965,Medium,Bronze
233,54,Male,Jewelry,Accessories,27,Hawaii,L,Purple,Winter,4.2,Yes,Express,Yes,32,Bank Transfer,Bi-Weekly,26,1.2307692307692308,891,1,0.6,High,1.9675631735850883,-0.04988052525926945,High,Silver
234,19,Male,Sweater,Clothing,83,Arizona,XL,Yellow,Fall,4.5,Yes,Next Day Air,Yes,27,Bank Transfer,Quarterly,4,6.75,2324,1,0.6,High,0.3127011857042371,1.836807785067514,Medium,Platinum
235,20,Male,Gloves,Accessories,39,South Dakota,S,Silver,Summer,3.7,Yes,Next Day Air,Yes,24,Credit Card,Weekly,52,0.46153846153846156,975,1,0.6,Medium,2.9605507734260446,-0.9549229917237545,High,Silver
236,43,Male,Sunglasses,Accessories,89,New Jersey,M,Cyan,Winter,3.7,Yes,Free Shipping,Yes,31,Debit Card,Quarterly,4,7.75,2848,1,0.6,Medium,0.5895728783630749,0.9813819996824321,Medium,Platinum
237,38,Male,Coat,Outerwear,68,North Dakota,L,Green,Winter,3.4,Yes,Next Day Air,Yes,39,PayPal,Fortnightly,26,1.5,2720,1,0.6,Medium,2.4520886357380545,-1.0994477081995897,High,Platinum
238,50,Male,Dress,Clothing,90,Iowa,M,Beige,Summer,3.0,Yes,Store Pickup,Yes,36,Debit Card,Fortnightly,26,1.3846153846153846,3330,1,0.6,Low,2.244434866243926,-1.6906480935702257,High,Platinum
239,64,Male,Skirt,Clothing,34,Ohio,M,Peach,Fall,4.2,Yes,Free Shipping,Yes,5,Cash,Annually,1,5.0,204,1,0.6,High,-1.388562083745367,0.9514803673940619,Low,Bronze
240,49,Male,Pants,Clothing,51,Vermont,L,Yellow,Summer,2.9,Yes,Express,Yes,47,Credit Card,Bi-Weekly,26,1.8076923076923077,2448,1,0.6,Low,3.00583202105573,-1.7183870624774087,High,Platinum
241,47,Male,Sweater,Clothing,45,Montana,XL,Turquoise,Winter,3.5,Yes,Free Shipping,Yes,29,Bank Transfer,Fortnightly,26,1.1153846153846154,1350,1,0.6,Medium,1.7599094040909598,-1.0614907710000256,High,Gold
242,36,Male,Hoodie,Clothing,88,Delaware,M,Peach,Winter,4.1,Yes,Free Shipping,Yes,43,Venmo,Bi-Weekly,26,1.6538461538461537,3872,1,0.6,High,2.728960328396892,-0.07761949416645336,High,Platinum
243,55,Male,Coat,Outerwear,85,New York,L,Gray,Summer,4.3,Yes,Store Pickup,Yes,40,Debit Card,Quarterly,4,10.0,3485,1,0.6,High,1.21253418684546,2.419952865526956,High,Platinum
244,25,Male,Jewelry,Accessories,100,Kentucky,M,Olive,Winter,2.8,Yes,2-Day Shipping,Yes,4,Debit Card,Monthly,12,0.3333333333333333,500,1,0.6,Low,-0.8033938208814244,-2.250212467142051,Low,Bronze
245,53,Male,Belt,Accessories,42,Oregon,S,Indigo,Spring,4.9,Yes,2-Day Shipping,Yes,39,PayPal,Weekly,52,0.75,1680,1,0.6,High,3.998819620896686,0.8033512119495821,High,Gold
246,49,Male,Sandals,Footwear,53,Rhode Island,L,Charcoal,Summer,3.3,Yes,Next Day Air,Yes,45,Venmo,Fortnightly,26,1.7307692307692308,2438,1,0.6,Medium,2.867396174726311,-1.1782765185686774,High,Platinum
247,35,Male,Sunglasses,Accessories,86,Nevada,XL,Beige,Spring,3.2,Yes,Express,Yes,20,Venmo,Bi-Weekly,26,0.7692307692307693,1806,1,0.6,Medium,1.1369480956085747,-1.5738623460015737,High,Gold
248,29,Male,Sweater,Clothing,66,Montana,XL,Brown,Spring,4.4,Yes,Standard,Yes,14,Debit Card,Weekly,52,0.2692307692307692,990,1,0.6,High,2.26837154177895,-0.025056492322045987,High,Silver
249,47,Male,Belt,Accessories,100,Pennsylvania,M,Blue,Winter,4.8,Yes,Express,Yes,33,PayPal,Weekly,52,0.6346153846153846,3400,1,0.6,High,3.583512081908429,0.6325606869490653,High,Platinum
250,53,Male,Handbag,Accessories,47,Alaska,S,Teal,Fall,4.2,Yes,Standard,Yes,18,Credit Card,Annually,1,10.0,893,1,0.6,High,-0.48872908260414394,2.279816245403583,Low,Silver
251,33,Male,Skirt,Clothing,25,Mississippi,L,Black,Fall,4.0,Yes,Express,Yes,9,Bank Transfer,Weekly,52,0.17307692307692307,250,1,0.6,Medium,1.9222819259554027,-0.611147893546492,High,Bronze
252,21,Male,Handbag,Accessories,51,Wyoming,XL,Gold,Winter,2.5,Yes,Standard,Yes,34,PayPal,Annually,1,10.0,1785,1,0.6,Low,0.6187576880312073,-0.10250629669376288,Medium,Gold
253,32,Male,Shorts,Clothing,41,Delaware,M,Violet,Summer,3.9,Yes,Free Shipping,Yes,33,Venmo,Fortnightly,26,1.2692307692307692,1394,1,0.6,Medium,2.0367810967497975,-0.4600724173370089,High,Gold
254,52,Male,Boots,Footwear,73,Oklahoma,L,Cyan,Winter,4.9,Yes,2-Day Shipping,Yes,15,Bank Transfer,Bi-Weekly,26,0.5769230769230769,1168,1,0.6,High,0.7908584797850275,0.7573703546338678,Medium,Silver
255,67,Male,Sunglasses,Accessories,42,Indiana,M,White,Winter,3.5,Yes,Store Pickup,Yes,4,PayPal,Bi-Weekly,26,0.15384615384615385,210,1,0.6,Medium,0.029461324973223513,-1.316939978309549,Medium,Bronze
256,43,Male,Scarf,Accessories,20,Maryland,M,Charcoal,Spring,4.2,Yes,Free Shipping,Yes,25,Debit Card,Annually,1,10.0,520,1,0.6,High,-0.004203620451177725,2.279816245403583,Medium,Bronze
257,58,Male,Jewelry,Accessories,30,South Dakota,XL,Violet,Spring,4.7,Yes,Express,Yes,20,Credit Card,Quarterly,4,5.0,630,1,0.6,High,-0.171824276448729,1.6521634680109283,Medium,Bronze
258,20,Male,Handbag,Accessories,53,West Virginia,M,Red,Summer,4.5,Yes,Express,Yes,5,Credit Card,Quarterly,4,1.25,318,1,0.6,High,-1.2100931239193708,0.3756383192570406,Low,Bronze
259,61,Male,Gloves,Accessories,74,Alabama,S,Lavender,Spring,2.8,Yes,Express,Yes,16,Cash,Quarterly,4,4.0,1258,1,0.6,Low,-0.4486959691075669,-1.2760994899350688,Medium,Silver
260,32,Male,Jeans,Clothing,57,Louisiana,M,Gold,Fall,2.9,Yes,Standard,Yes,13,Debit Card,Annually,1,10.0,798,1,0.6,Low,-0.8348186984276911,0.4580401837997301,Low,Silver
261,38,Male,Hat,Accessories,57,Montana,S,Red,Winter,3.2,Yes,2-Day Shipping,Yes,11,Credit Card,Quarterly,4,2.75,684,1,0.6,Medium,-0.7947855849311141,-1.0476369789439555,Low,Silver
262,21,Male,Jeans,Clothing,77,California,L,Magenta,Winter,4.9,Yes,Standard,Yes,21,Credit Card,Annually,1,10.0,1694,1,0.6,High,-0.28107531311001566,3.260772586267197,Medium,Gold
263,37,Male,Pants,Clothing,40,Hawaii,M,Teal,Summer,3.8,Yes,Next Day Air,Yes,6,Debit Card,Annually,1,6.0,280,1,0.6,Medium,-1.3193441605806573,0.6566010625024725,Low,Bronze
264,27,Male,Shorts,Clothing,46,Iowa,M,Purple,Summer,4.3,Yes,Store Pickup,Yes,29,Venmo,Monthly,12,2.4166666666666665,1380,1,0.6,High,0.9270542582363119,0.40531011721251536,High,Gold
265,36,Male,Pants,Clothing,78,Colorado,S,Charcoal,Fall,3.9,Yes,Store Pickup,Yes,15,Cash,Annually,1,10.0,1248,1,0.6,Medium,-0.6963828520982722,1.859406385033463,Low,Silver
266,32,Male,Backpack,Accessories,59,Michigan,M,Gray,Spring,3.2,Yes,2-Day Shipping,Yes,17,Bank Transfer,Bi-Weekly,26,0.6538461538461539,1062,1,0.6,Medium,0.9292943261144464,-1.6045162508787163,High,Silver
267,51,Male,Jewelry,Accessories,75,Louisiana,L,White,Summer,3.1,Yes,Express,Yes,32,Credit Card,Weekly,52,0.6153846153846154,2475,1,0.6,Medium,3.51429415874372,-1.7548708392944707,High,Platinum
268,64,Male,Sweater,Clothing,54,Maryland,M,Olive,Spring,3.9,Yes,2-Day Shipping,Yes,42,Venmo,Annually,1,10.0,2322,1,0.6,Medium,1.172501073348883,1.859406385033463,High,Platinum
269,68,Male,Shoes,Footwear,42,Georgia,M,Charcoal,Spring,2.6,Yes,Store Pickup,Yes,21,Cash,Monthly,12,1.75,924,1,0.6,Low,0.3733108729186363,-2.1541238752861,Medium,Silver
270,68,Male,Blouse,Clothing,44,Georgia,M,Charcoal,Winter,3.3,Yes,Next Day Air,Yes,9,Cash,Bi-Weekly,26,0.34615384615384615,440,1,0.6,Medium,0.37555094079677087,-1.546123377094391,Medium,Bronze
271,33,Male,Jeans,Clothing,52,North Dakota,XL,Orange,Fall,4.6,Yes,Free Shipping,Yes,16,Bank Transfer,Annually,1,10.0,884,1,0.6,High,-0.6271649289335628,2.8403627258970756,Low,Silver
272,65,Male,Sunglasses,Accessories,69,Maryland,XL,Yellow,Summer,4.6,Yes,Express,Yes,42,Credit Card,Fortnightly,26,1.6153846153846154,2967,1,0.6,High,2.6597424052321825,0.6128456381580322,High,Platinum
273,48,Male,Jewelry,Accessories,26,Oregon,M,Beige,Summer,4.4,Yes,2-Day Shipping,Yes,37,Debit Card,Bi-Weekly,26,1.4230769230769231,988,1,0.6,High,2.3136527894086356,0.281482556449382,High,Silver
274,69,Male,Coat,Outerwear,33,North Dakota,S,Silver,Spring,4.2,Yes,Express,Yes,32,Debit Card,Quarterly,4,8.0,1089,1,0.6,High,0.6587908015277844,1.7484818941997746,Medium,Silver
275,59,Male,Jewelry,Accessories,32,Maryland,M,Indigo,Spring,3.0,Yes,Express,Yes,28,Cash,Bi-Weekly,26,1.0769230769230769,928,1,0.6,Low,1.6906914809262503,-1.772391839909273,High,Silver
276,48,Male,Backpack,Accessories,85,Virginia,XL,Lavender,Winter,4.0,Yes,Express,Yes,13,Credit Card,Weekly,52,0.25,1190,1,0.6,Medium,2.1991536186142406,-0.5907119569617301,High,Silver
277,25,Male,Skirt,Clothing,30,South Dakota,XL,Turquoise,Fall,3.5,Yes,Express,Yes,11,Bank Transfer,Fortnightly,26,0.4230769230769231,360,1,0.6,Medium,0.5139867871261897,-1.2454142002628825,Medium,Bronze
278,29,Male,Shirt,Clothing,29,Georgia,M,Green,Winter,3.0,Yes,Store Pickup,Yes,36,Bank Transfer,Bi-Weekly,26,1.3846153846153846,1073,1,0.6,Low,2.244434866243926,-1.6906480935702257,High,Silver
279,57,Male,Sweater,Clothing,95,Hawaii,M,Orange,Spring,3.7,Yes,Express,Yes,23,Debit Card,Annually,1,10.0,2280,1,0.6,Medium,-0.14263946678059658,1.5791331447867167,Medium,Gold
280,23,Male,Sneakers,Footwear,69,Arkansas,L,Turquoise,Summer,4.0,Yes,Standard,Yes,37,Bank Transfer,Monthly,12,3.0833333333333335,2622,1,0.6,Medium,1.4807976435539876,0.1620117072436653,High,Platinum
281,45,Male,Sandals,Footwear,69,Montana,S,Cyan,Fall,4.2,Yes,2-Day Shipping,Yes,21,Cash,Bi-Weekly,26,0.8076923076923077,1518,1,0.6,High,1.2061660187732843,-0.16227817647545983,High,Gold
282,38,Male,Belt,Accessories,61,Oklahoma,XL,Charcoal,Spring,2.5,Yes,Standard,Yes,22,Debit Card,Bi-Weekly,26,0.8461538461538461,1403,1,0.6,Low,1.2753839419379935,-2.534382750280425,High,Gold
283,21,Male,Skirt,Clothing,94,Minnesota,M,Teal,Summer,3.0,Yes,2-Day Shipping,Yes,9,Cash,Monthly,12,0.75,940,1,0.6,Low,-0.45730420505787706,-1.859244570394511,Medium,Silver
284,32,Male,Sweater,Clothing,30,Montana,S,Maroon,Fall,3.2,Yes,Next Day Air,Yes,16,Venmo,Annually,1,10.0,510,1,0.6,Medium,-0.6271649289335628,0.8784500441698504,Low,Bronze
285,63,Male,Skirt,Clothing,45,Ohio,M,Red,Summer,3.5,Yes,Standard,Yes,4,PayPal,Quarterly,4,1.0,225,1,0.6,Medium,-1.2793110470840805,-1.0921446758771682,Low,Bronze
286,29,Male,Handbag,Accessories,39,Kentucky,XL,Yellow,Summer,4.8,Yes,Express,Yes,3,Debit Card,Bi-Weekly,26,0.11538461538461539,156,1,0.6,High,-0.039756598191485804,0.49461811500192276,Medium,Bronze
287,27,Male,Jewelry,Accessories,51,Nebraska,L,Gray,Summer,2.6,Yes,Store Pickup,Yes,6,Debit Card,Annually,1,6.0,357,1,0.6,Low,-1.3193441605806573,-1.0250383789780066,Low,Bronze
288,56,Male,Scarf,Accessories,37,Delaware,L,Blue,Spring,3.4,Yes,2-Day Shipping,Yes,18,Venmo,Fortnightly,26,0.6923076923076923,703,1,0.6,Medium,0.9985122492791558,-1.3140250423395892,High,Silver
289,30,Male,T-shirt,Clothing,62,North Carolina,M,Lavender,Winter,3.7,Yes,2-Day Shipping,Yes,34,Venmo,Bi-Weekly,26,1.3076923076923077,2170,1,0.6,Medium,2.105999019914507,-0.7301276892913742,High,Gold
290,49,Male,Coat,Outerwear,85,New York,M,Yellow,Fall,4.5,Yes,2-Day Shipping,Yes,26,Credit Card,Monthly,12,2.1666666666666665,2295,1,0.6,High,0.7194004887421837,0.6191665635587862,Medium,Platinum
291,58,Male,T-shirt,Clothing,33,Colorado,M,Indigo,Winter,3.7,Yes,Standard,Yes,50,PayPal,Weekly,52,0.9615384615384616,1683,1,0.6,Medium,4.76021677570849,-0.8220894039228024,High,Gold
292,57,Male,Dress,Clothing,26,Delaware,XL,Violet,Fall,3.3,Yes,Next Day Air,Yes,40,Bank Transfer,Monthly,12,3.3333333333333335,1066,1,0.6,Medium,1.6884514130481159,-0.7525278397194719,High,Silver
293,60,Male,Shoes,Footwear,99,Utah,M,Green,Spring,4.7,Yes,Free Shipping,Yes,24,Cash,Quarterly,4,6.0,2475,1,0.6,High,0.10504741621010882,1.9178306436128325,Medium,Platinum
294,69,Male,Handbag,Accessories,39,Connecticut,M,White,Spring,2.7,Yes,Express,Yes,33,PayPal,Annually,1,10.0,1326,1,0.6,Low,0.5495397648664978,0.17776694355298406,Medium,Silver
295,70,Male,Skirt,Clothing,20,New Jersey,M,Gold,Spring,4.6,Yes,Store Pickup,Yes,19,Credit Card,Quarterly,4,4.75,400,1,0.6,High,-0.24104219961343842,1.4456100539870782,Medium,Bronze
296,53,Male,Sunglasses,Accessories,42,West Virginia,M,Indigo,Winter,2.7,Yes,Store Pickup,Yes,24,Credit Card,Quarterly,4,6.0,1050,1,0.6,Low,0.10504741621010882,-0.8849017588546331,Medium,Silver
297,25,Male,Sandals,Footwear,74,Indiana,S,Lavender,Spring,4.8,Yes,2-Day Shipping,Yes,19,Credit Card,Weekly,52,0.36538461538461536,1480,1,0.6,High,2.614461157602497,0.5610349089023988,High,Gold
298,48,Male,Shoes,Footwear,26,Delaware,XL,Purple,Summer,4.4,Yes,Standard,Yes,4,Credit Card,Bi-Weekly,26,0.15384615384615385,130,1,0.6,High,0.029461324973223513,-0.0557103971991888,Medium,Bronze
299,69,Male,T-shirt,Clothing,53,Maryland,M,Lavender,Winter,4.0,Yes,Standard,Yes,11,Venmo,Quarterly,4,2.75,636,1,0.6,Medium,-0.7947855849311141,0.0734559820430305,Low,Bronze
300,25,Male,Sneakers,Footwear,80,Pennsylvania,M,Maroon,Summer,3.2,Yes,Next Day Air,Yes,28,PayPal,Fortnightly,26,1.0769230769230769,2320,1,0.6,Medium,1.6906914809262503,-1.4921185996625261,High,Platinum
301,29,Male,Hat,Accessories,98,Iowa,M,Teal,Spring,4.4,Yes,Store Pickup,Yes,24,PayPal,Weekly,52,0.46153846153846156,2450,1,0.6,High,2.9605507734260446,0.026033349139858775,High,Platinum
302,46,Male,Skirt,Clothing,95,Pennsylvania,M,Green,Spring,3.8,Yes,Standard,Yes,25,Credit Card,Quarterly,4,6.25,2470,1,0.6,Medium,0.17426533937481825,0.7230178564029486,Medium,Platinum
303,37,Male,Sweater,Clothing,44,Delaware,L,Olive,Summer,3.6,Yes,Express,Yes,27,Bank Transfer,Quarterly,4,6.75,1232,1,0.6,Medium,0.3127011857042371,0.5755782039571544,Medium,Silver
304,20,Male,Sandals,Footwear,60,Oregon,M,Turquoise,Summer,3.3,Yes,Next Day Air,Yes,49,Venmo,Weekly,52,0.9423076923076923,3000,1,0.6,Medium,4.690998852543781,-1.3877448685624865,High,Platinum
305,40,Male,Dress,Clothing,84,Oregon,M,Green,Winter,3.4,Yes,Next Day Air,Yes,45,Credit Card,Bi-Weekly,26,1.7307692307692308,3864,1,0.6,Medium,2.867396174726311,-1.038139898445304,High,Platinum
306,60,Male,Sweater,Clothing,59,Utah,M,Teal,Fall,3.5,Yes,2-Day Shipping,Yes,26,PayPal,Annually,1,10.0,1593,1,0.6,Medium,0.0650143027135317,1.29885990453997,Medium,Gold
307,26,Male,Jacket,Outerwear,49,North Dakota,S,White,Summer,3.6,Yes,Express,Yes,4,Cash,Annually,1,4.0,245,1,0.6,Medium,-1.4577800069100761,-0.1550065289480822,Low,Bronze
308,29,Male,Gloves,Accessories,32,Florida,M,Orange,Winter,3.2,Yes,Free Shipping,Yes,3,Credit Card,Quarterly,4,0.75,128,1,0.6,Medium,-1.3485289702487897,-1.578971330147764,Low,Bronze
309,66,Male,Handbag,Accessories,29,Maryland,M,Beige,Fall,3.7,Yes,Standard,Yes,45,Venmo,Bi-Weekly,26,1.7307692307692308,1334,1,0.6,Medium,2.867396174726311,-0.6177300380751838,High,Gold
310,66,Male,Dress,Clothing,22,Minnesota,M,Yellow,Spring,4.5,Yes,Standard,Yes,21,Cash,Fortnightly,26,0.8076923076923077,484,1,0.6,High,1.2061660187732843,0.2581316838946598,High,Bronze
311,56,Male,Pants,Clothing,85,Montana,M,Charcoal,Winter,4.6,Yes,Standard,Yes,50,Cash,Fortnightly,26,1.9230769230769231,4335,1,0.6,High,3.2134857905498584,0.6945893844970796,High,Platinum
312,69,Male,Jeans,Clothing,52,Rhode Island,L,Silver,Winter,4.1,Yes,Store Pickup,Yes,19,Bank Transfer,Monthly,12,1.5833333333333333,1040,1,0.6,High,0.23487502658921744,-0.09635243603581839,Medium,Silver
313,38,Male,Pants,Clothing,89,Massachusetts,L,Green,Spring,3.4,Yes,Next Day Air,Yes,6,PayPal,Annually,1,6.0,623,1,0.6,Medium,-1.3193441605806573,0.09605458200897948,Low,Bronze
314,42,Male,Dress,Clothing,77,Vermont,M,Pink,Spring,3.7,Yes,Express,Yes,50,Credit Card,Quarterly,4,10.0,3927,1,0.6,Medium,1.9047134184925545,1.5791331447867167,High,Platinum
315,30,Male,Pants,Clothing,24,New Jersey,M,Purple,Summer,3.3,Yes,Store Pickup,Yes,17,Debit Card,Quarterly,4,4.25,432,1,0.6,Medium,-0.3794780459428573,-0.5089995954177263,Medium,Bronze
316,66,Male,Jewelry,Accessories,24,Wisconsin,XL,Orange,Spring,4.5,Yes,Express,Yes,24,Debit Card,Annually,1,10.0,600,1,0.6,High,-0.07342154361588715,2.700226105773703,Medium,Bronze
317,36,Male,Handbag,Accessories,22,California,M,Charcoal,Fall,3.3,Yes,Free Shipping,Yes,46,Venmo,Monthly,12,3.8333333333333335,1034,1,0.6,Medium,2.1037589520363724,-0.6196942519185198,High,Silver
318,58,Male,Sweater,Clothing,82,West Virginia,L,Teal,Fall,4.3,Yes,Standard,Yes,42,Cash,Quarterly,4,10.0,3526,1,0.6,High,1.3509700331748788,2.419952865526956,High,Platinum
319,45,Male,Backpack,Accessories,67,South Dakota,M,Beige,Winter,2.5,Yes,Standard,Yes,10,Cash,Annually,1,10.0,737,1,0.6,Low,-1.0424724679218196,-0.10250629669376288,Low,Silver
320,47,Male,Shorts,Clothing,74,Maine,XL,White,Spring,2.6,Yes,Standard,Yes,1,Cash,Quarterly,4,0.25,148,1,0.6,Low,-1.4869648165782086,-2.552624638688956,Low,Bronze
321,66,Male,Jewelry,Accessories,72,Kansas,L,White,Summer,4.9,Yes,Standard,Yes,28,Debit Card,Quarterly,4,7.0,2088,1,0.6,High,0.38191910886894664,2.4637710594614837,Medium,Gold
322,41,Male,Sneakers,Footwear,36,Vermont,L,Orange,Summer,4.7,Yes,Free Shipping,Yes,48,Debit Card,Quarterly,4,10.0,1764,1,0.6,High,1.7662775721631356,2.9804993460204496,High,Gold
323,41,Male,Belt,Accessories,95,Tennessee,S,Cyan,Winter,3.0,Yes,Standard,Yes,47,Credit Card,Monthly,12,3.9166666666666665,4560,1,0.6,Low,2.172976875201082,-1.0179651809884809,High,Platinum
324,66,Male,Hoodie,Clothing,78,Tennessee,M,Orange,Winter,3.5,Yes,Next Day Air,Yes,29,PayPal,Bi-Weekly,26,1.1153846153846154,2340,1,0.6,Medium,1.7599094040909598,-1.0614907710000256,High,Platinum
325,37,Male,Shirt,Clothing,82,Wyoming,M,Olive,Summer,4.8,Yes,Standard,Yes,37,Venmo,Quarterly,4,9.25,3116,1,0.6,High,1.0048804173513317,2.9213855844423944,High,Platinum
326,70,Male,Pants,Clothing,70,Vermont,M,Charcoal,Winter,4.3,Yes,Free Shipping,Yes,38,Debit Card,Annually,1,10.0,2730,1,0.6,High,0.895629380690045,2.419952865526956,High,Platinum
327,62,Male,Scarf,Accessories,41,New Jersey,M,White,Fall,3.2,Yes,Store Pickup,Yes,48,Bank Transfer,Weekly,52,0.9230769230769231,2009,1,0.6,Medium,4.621780929379071,-1.5329904728320498,High,Gold
328,61,Male,Coat,Outerwear,42,Iowa,M,Teal,Summer,3.1,Yes,Free Shipping,Yes,36,PayPal,Weekly,52,0.6923076923076923,1554,1,0.6,Medium,3.7911658514025577,-1.734434902709709,High,Gold
329,48,Male,Coat,Outerwear,50,Florida,M,Yellow,Fall,2.8,Yes,Free Shipping,Yes,9,Credit Card,Weekly,52,0.17307692307692307,500,1,0.6,Low,1.9222819259554027,-2.2927873350269716,High,Bronze
330,70,Male,Socks,Clothing,31,Nevada,S,White,Summer,2.9,Yes,2-Day Shipping,Yes,34,Bank Transfer,Monthly,12,2.8333333333333335,1085,1,0.6,Low,1.2731438740598593,-1.445907908013917,High,Silver
331,46,Male,Sweater,Clothing,51,North Dakota,M,Beige,Winter,3.8,Yes,Express,Yes,43,Venmo,Bi-Weekly,26,1.6538461538461537,2244,1,0.6,Medium,2.728960328396892,-0.49802935453657293,High,Gold
332,31,Male,Shirt,Clothing,98,Florida,L,Beige,Fall,3.3,Yes,Store Pickup,Yes,46,PayPal,Quarterly,4,10.0,4606,1,0.6,Medium,1.6278417258337166,1.018586664293223,High,Platinum
333,19,Male,Shirt,Clothing,86,New York,M,Maroon,Winter,2.8,Yes,2-Day Shipping,Yes,5,Credit Card,Monthly,12,0.4166666666666667,516,1,0.6,Low,-0.734175897716715,-2.2280735358418924,Low,Bronze
334,39,Male,Sweater,Clothing,64,Alaska,M,Teal,Winter,4.5,Yes,Standard,Yes,15,Bank Transfer,Bi-Weekly,26,0.5769230769230769,1024,1,0.6,High,0.7908584797850275,0.19682387414037417,Medium,Silver
335,41,Male,Blouse,Clothing,46,Kansas,M,Lavender,Fall,2.6,Yes,Next Day Air,Yes,30,Credit Card,Annually,1,10.0,1426,1,0.6,Low,0.3418859953723695,0.03763032342961048,Medium,Gold
336,20,Male,Sweater,Clothing,85,Oregon,L,Maroon,Spring,3.7,Yes,Standard,Yes,44,Venmo,Quarterly,4,10.0,3825,1,0.6,Medium,1.4894058795042977,1.5791331447867167,High,Platinum
337,36,Male,Hat,Accessories,81,Rhode Island,S,Orange,Fall,4.4,Yes,Express,Yes,16,PayPal,Annually,1,10.0,1377,1,0.6,High,-0.6271649289335628,2.5600894856503302,Low,Gold
338,32,Male,Sweater,Clothing,59,New Mexico,M,Cyan,Winter,4.3,Yes,2-Day Shipping,Yes,16,Bank Transfer,Annually,1,10.0,1003,1,0.6,High,-0.6271649289335628,2.419952865526956,Low,Silver
339,69,Male,Hoodie,Clothing,79,Massachusetts,M,Silver,Winter,3.5,Yes,Express,Yes,16,Cash,Weekly,52,0.3076923076923077,1343,1,0.6,Medium,2.4068073881083687,-1.276068105140025,High,Gold
340,40,Male,Shorts,Clothing,33,Pennsylvania,M,Teal,Spring,3.8,Yes,2-Day Shipping,Yes,21,Credit Card,Quarterly,4,5.25,726,1,0.6,Medium,-0.10260635328401957,0.45735068080104435,Medium,Silver
341,40,Male,Shorts,Clothing,47,New Jersey,L,Blue,Summer,3.5,Yes,Express,Yes,39,Venmo,Quarterly,4,9.75,1880,1,0.6,Medium,1.1433162636807506,1.232443110639494,High,Gold
342,20,Male,Hat,Accessories,20,Utah,S,Blue,Summer,4.6,Yes,Store Pickup,Yes,40,Debit Card,Bi-Weekly,26,1.5384615384615385,820,1,0.6,High,2.5213065589027637,0.5924097015732702,High,Silver
343,64,Male,Coat,Outerwear,36,Kentucky,M,Olive,Spring,2.6,Yes,Next Day Air,Yes,48,Credit Card,Quarterly,4,10.0,1764,1,0.6,Low,1.7662775721631356,0.03763032342961048,High,Gold
344,27,Male,Sandals,Footwear,39,Nebraska,M,Purple,Summer,4.4,Yes,Next Day Air,Yes,26,Venmo,Monthly,12,2.1666666666666665,1053,1,0.6,High,0.7194004887421837,0.47902994343541333,Medium,Silver
345,24,Male,Skirt,Clothing,71,Virginia,M,Charcoal,Winter,4.0,Yes,Standard,Yes,46,Debit Card,Monthly,12,3.8333333333333335,3337,1,0.6,Medium,2.1037589520363724,0.3612620889450935,High,Platinum
346,48,Male,Shoes,Footwear,59,Wyoming,S,Olive,Winter,4.4,Yes,Next Day Air,Yes,27,Bank Transfer,Annually,1,10.0,1652,1,0.6,High,0.13423222587824113,2.5600894856503302,Medium,Gold
347,49,Male,Jeans,Clothing,50,New Mexico,L,Violet,Spring,4.7,Yes,Next Day Air,Yes,5,Cash,Weekly,52,0.09615384615384616,300,1,0.6,High,1.6454102332965648,0.3493725107323593,High,Bronze
348,36,Male,Sandals,Footwear,41,Oregon,L,Red,Fall,3.9,Yes,Store Pickup,Yes,43,PayPal,Fortnightly,26,1.6538461538461537,1804,1,0.6,Medium,2.728960328396892,-0.3578927344131996,High,Gold
349,56,Male,Blouse,Clothing,59,South Carolina,M,Beige,Fall,2.7,Yes,Free Shipping,Yes,17,PayPal,Fortnightly,26,0.6538461538461539,1062,1,0.6,Low,0.9292943261144464,-2.305199351495583,High,Silver
350,37,Male,Hat,Accessories,87,Arizona,M,Green,Winter,3.7,Yes,2-Day Shipping,Yes,3,Bank Transfer,Bi-Weekly,26,0.11538461538461539,348,1,0.6,Medium,-0.039756598191485804,-1.046884706355183,Medium,Bronze
351,42,Male,Sweater,Clothing,68,Kentucky,M,Violet,Spring,2.6,Yes,2-Day Shipping,Yes,47,Bank Transfer,Fortnightly,26,1.8076923076923077,3264,1,0.6,Low,3.00583202105573,-2.1387969228475283,High,Platinum
352,28,Male,Skirt,Clothing,90,New York,M,Teal,Winter,3.9,Yes,Standard,Yes,24,Debit Card,Bi-Weekly,26,0.9230769230769231,2250,1,0.6,Medium,1.4138197882674126,-0.5520341319684372,High,Gold
353,27,Male,Jeans,Clothing,71,Texas,XL,Yellow,Fall,4.9,Yes,Next Day Air,Yes,12,Cash,Quarterly,4,3.0,923,1,0.6,High,-0.7255676617664046,1.4011023570538668,Low,Silver
354,63,Male,Sneakers,Footwear,64,Missouri,L,Yellow,Fall,4.1,Yes,Store Pickup,Yes,35,Debit Card,Monthly,12,2.9166666666666665,2304,1,0.6,High,1.3423617972245687,0.2578704647667206,High,Platinum
355,58,Male,Jewelry,Accessories,76,Pennsylvania,S,Olive,Fall,3.0,Yes,Free Shipping,Yes,42,Venmo,Weekly,52,0.8076923076923077,3268,1,0.6,Low,4.206473390390815,-1.8439176179559396,High,Platinum
356,37,Male,Jewelry,Accessories,42,Oregon,XL,Magenta,Fall,4.1,Yes,2-Day Shipping,Yes,1,PayPal,Quarterly,4,0.25,84,1,0.6,High,-1.4869648165782086,-0.4505753368383573,Low,Bronze
357,56,Male,Pants,Clothing,80,Nevada,L,Black,Spring,3.8,Yes,Standard,Yes,27,Cash,Weekly,52,0.5192307692307693,2240,1,0.6,Medium,3.1682045429201726,-0.7994594191618104,High,Gold
358,18,Male,Belt,Accessories,56,Arkansas,M,Olive,Spring,4.0,Yes,Standard,Yes,16,Credit Card,Bi-Weekly,26,0.6153846153846154,952,1,0.6,Medium,0.860076402949737,-0.49364125818411125,High,Silver
359,48,Male,Hat,Accessories,25,Minnesota,XL,Magenta,Summer,3.6,Yes,Express,Yes,36,Credit Card,Quarterly,4,9.0,925,1,0.6,Medium,0.9356624941866222,1.173329349061439,High,Silver
360,31,Male,Sneakers,Footwear,74,Georgia,M,Olive,Winter,3.0,Yes,Store Pickup,Yes,30,Credit Card,Quarterly,4,7.5,2294,1,0.6,Low,0.5203549551983655,-0.06599113508165722,Medium,Platinum
361,51,Male,Pants,Clothing,30,Rhode Island,M,Teal,Summer,3.0,Yes,Standard,Yes,18,Debit Card,Fortnightly,26,0.6923076923076923,570,1,0.6,Low,0.9985122492791558,-1.8745715228330824,High,Bronze
362,65,Male,T-shirt,Clothing,96,Nevada,M,White,Spring,2.6,Yes,Free Shipping,Yes,45,Cash,Annually,1,10.0,4416,1,0.6,Low,1.380154842843011,0.03763032342961048,High,Platinum
363,53,Male,Sneakers,Footwear,64,Texas,M,Charcoal,Fall,3.4,Yes,Free Shipping,Yes,1,Venmo,Fortnightly,26,0.038461538461538464,128,1,0.6,Medium,-0.17819244452090466,-1.4877305033100652,Medium,Bronze
364,55,Male,Shorts,Clothing,88,Florida,L,Yellow,Winter,3.1,Yes,Free Shipping,Yes,42,Bank Transfer,Fortnightly,26,1.6153846153846154,3784,1,0.6,Medium,2.6597424052321825,-1.4892036636925665,High,Platinum
365,62,Male,Shoes,Footwear,88,North Dakota,L,Charcoal,Summer,3.0,Yes,Free Shipping,Yes,7,Venmo,Quarterly,4,1.75,704,1,0.6,Low,-1.071657277589952,-1.5935773947926068,Low,Silver
366,55,Male,Gloves,Accessories,88,West Virginia,XL,Gray,Summer,3.7,Yes,Standard,Yes,50,PayPal,Quarterly,4,10.0,4488,1,0.6,Medium,1.9047134184925545,1.5791331447867167,High,Platinum
367,64,Male,Socks,Clothing,36,Nebraska,M,Turquoise,Spring,3.5,Yes,Store Pickup,Yes,37,Venmo,Fortnightly,26,1.4230769230769231,1368,1,0.6,Medium,2.3136527894086356,-0.9797470246609781,High,Gold
368,52,Male,Dress,Clothing,40,Tennessee,XL,Cyan,Spring,2.8,Yes,Store Pickup,Yes,18,Bank Transfer,Monthly,12,1.5,760,1,0.6,Low,0.165657103424508,-1.9402674289398294,Medium,Silver
369,24,Male,Handbag,Accessories,39,Oklahoma,M,Charcoal,Spring,4.5,Yes,Standard,Yes,29,Cash,Monthly,12,2.4166666666666665,1170,1,0.6,High,0.9270542582363119,0.6855833574592622,High,Silver
370,38,Male,Belt,Accessories,40,Wisconsin,M,Silver,Summer,3.3,Yes,Store Pickup,Yes,45,PayPal,Quarterly,4,10.0,1840,1,0.6,Medium,1.5586238026690071,1.018586664293223,High,Gold
371,59,Male,Scarf,Accessories,34,Oregon,M,Olive,Winter,3.4,Yes,Express,Yes,13,PayPal,Weekly,52,0.25,476,1,0.6,Medium,2.1991536186142406,-1.43153167770197,High,Bronze
372,27,Male,Sneakers,Footwear,83,North Carolina,S,Pink,Winter,3.2,Yes,2-Day Shipping,Yes,47,PayPal,Monthly,12,3.9166666666666665,3984,1,0.6,Medium,2.172976875201082,-0.7376919407417339,High,Platinum
373,24,Male,Sweater,Clothing,85,Pennsylvania,L,Orange,Summer,3.7,Yes,Standard,Yes,7,Debit Card,Weekly,52,0.1346153846153846,680,1,0.6,Medium,1.7838460796259838,-1.0417757222089925,High,Silver
374,23,Male,Coat,Outerwear,27,North Dakota,L,White,Summer,4.6,Yes,Express,Yes,11,Venmo,Bi-Weekly,26,0.4230769230769231,324,1,0.6,High,0.5139867871261897,0.2960886210942232,Medium,Bronze
375,69,Male,Jewelry,Accessories,78,Ohio,S,Purple,Spring,5.0,Yes,Store Pickup,Yes,39,Bank Transfer,Monthly,12,3.25,3120,1,0.6,High,1.6192334898834064,1.6076557710777155,High,Platinum
376,59,Male,Sunglasses,Accessories,32,Oklahoma,M,Olive,Summer,4.4,Yes,Standard,Yes,6,Debit Card,Quarterly,4,1.5,224,1,0.6,High,-1.1408752007546612,0.30191849303414386,Low,Bronze
377,51,Male,Shoes,Footwear,51,South Carolina,S,Gray,Fall,4.9,Yes,Express,Yes,2,Venmo,Bi-Weekly,26,0.07692307692307693,153,1,0.6,High,-0.10897452135619545,0.6245367668329158,Medium,Bronze
378,63,Male,Scarf,Accessories,32,Maine,M,Silver,Spring,4.1,Yes,Standard,Yes,39,Credit Card,Quarterly,4,9.75,1280,1,0.6,High,1.1433162636807506,2.073262831379733,High,Silver
379,54,Male,Dress,Clothing,62,Nevada,L,Orange,Winter,4.9,Yes,Next Day Air,Yes,23,Credit Card,Monthly,12,1.9166666666666667,1488,1,0.6,High,0.5117467192480553,1.1132962501518038,Medium,Gold
380,32,Male,T-shirt,Clothing,29,Montana,S,Magenta,Fall,4.7,Yes,2-Day Shipping,Yes,46,Debit Card,Bi-Weekly,26,1.7692307692307692,1363,1,0.6,High,2.9366140978910202,0.7938541314509299,High,Gold
381,39,Male,Backpack,Accessories,69,New Hampshire,XL,Beige,Fall,3.0,Yes,Store Pickup,Yes,19,Bank Transfer,Weekly,52,0.36538461538461536,1380,1,0.6,Low,2.614461157602497,-1.9614242533183202,High,Gold
382,66,Male,Jewelry,Accessories,25,Maine,L,Lavender,Winter,3.4,Yes,Store Pickup,Yes,3,Credit Card,Quarterly,4,0.75,100,1,0.6,Medium,-1.3485289702487897,-1.2986980899010179,Low,Bronze
383,28,Male,Jeans,Clothing,76,California,M,Peach,Winter,3.2,Yes,Store Pickup,Yes,47,PayPal,Quarterly,4,10.0,3648,1,0.6,Medium,1.6970596489984262,0.8784500441698504,High,Platinum
384,50,Male,Sunglasses,Accessories,77,West Virginia,S,Magenta,Fall,3.8,Yes,Standard,Yes,6,PayPal,Quarterly,4,1.5,539,1,0.6,Medium,-1.1408752007546612,-0.5389012277060966,Low,Bronze
385,70,Male,Sweater,Clothing,33,California,M,Beige,Fall,4.5,Yes,2-Day Shipping,Yes,6,Venmo,Annually,1,6.0,231,1,0.6,High,-1.3193441605806573,1.6375574033660858,Low,Bronze
386,67,Male,Shorts,Clothing,93,West Virginia,S,Yellow,Fall,2.7,Yes,Next Day Air,Yes,12,Credit Card,Bi-Weekly,26,0.46153846153846156,1209,1,0.6,Low,0.5832047102908992,-2.356289192957487,Medium,Silver
387,64,Male,Jewelry,Accessories,39,Louisiana,L,Brown,Spring,3.4,Yes,Express,Yes,40,PayPal,Quarterly,4,10.0,1599,1,0.6,Medium,1.21253418684546,1.1587232844165967,High,Gold
388,45,Male,Coat,Outerwear,93,Georgia,L,Silver,Summer,4.6,Yes,Store Pickup,Yes,38,PayPal,Fortnightly,26,1.4615384615384615,3627,1,0.6,High,2.382870712573345,0.5719737649885085,High,Platinum
389,22,Male,Handbag,Accessories,82,Washington,M,Orange,Summer,2.7,Yes,Store Pickup,Yes,10,PayPal,Quarterly,4,2.5,902,1,0.6,Low,-0.8640035080958235,-1.8147368734612979,Low,Silver
390,27,Male,Boots,Footwear,42,Virginia,L,Purple,Spring,4.2,Yes,Standard,Yes,28,Bank Transfer,Monthly,12,2.3333333333333335,1218,1,0.6,High,0.8578363350716025,0.24303456578898397,High,Silver
391,25,Male,Gloves,Accessories,71,Indiana,M,Indigo,Winter,3.2,Yes,2-Day Shipping,Yes,19,PayPal,Annually,1,10.0,1420,1,0.6,Medium,-0.4195111594394345,0.8784500441698504,Medium,Gold
392,37,Male,Sweater,Clothing,86,Minnesota,L,Gray,Spring,4.8,Yes,Standard,Yes,25,Cash,Fortnightly,26,0.9615384615384616,2236,1,0.6,High,1.483037711432122,0.7194134174343033,High,Gold
393,26,Male,T-shirt,Clothing,82,Idaho,XL,Black,Spring,3.3,Yes,Next Day Air,Yes,38,Credit Card,Annually,1,10.0,3198,1,0.6,Medium,0.895629380690045,1.018586664293223,High,Platinum
394,33,Male,Shoes,Footwear,65,Vermont,L,Maroon,Fall,4.2,Yes,Standard,Yes,6,PayPal,Fortnightly,26,0.23076923076923078,455,1,0.6,High,0.1678971713026426,-0.3155477008611737,Medium,Bronze
395,43,Male,Scarf,Accessories,29,North Dakota,M,Beige,Spring,4.8,Yes,Store Pickup,Yes,7,Debit Card,Bi-Weekly,26,0.2692307692307692,232,1,0.6,High,0.23711509446735202,0.5354899881714464,Medium,Bronze
396,37,Male,Sneakers,Footwear,65,Rhode Island,L,Brown,Winter,4.9,Yes,Store Pickup,Yes,2,PayPal,Annually,1,2.0,195,1,0.6,High,-1.596215853239495,1.1354351814519625,Low,Bronze
397,46,Male,Dress,Clothing,88,South Carolina,S,Black,Fall,3.9,Yes,Standard,Yes,24,Bank Transfer,Annually,1,10.0,2200,1,0.6,Medium,-0.07342154361588715,1.859406385033463,Medium,Gold
398,22,Male,Belt,Accessories,46,Mississippi,M,Indigo,Fall,3.0,Yes,Free Shipping,Yes,26,Cash,Annually,1,10.0,1242,1,0.6,Low,0.0650143027135317,0.5981768039231035,Medium,Silver
399,20,Male,Boots,Footwear,67,Montana,S,Silver,Winter,4.6,Yes,Free Shipping,Yes,25,Debit Card,Quarterly,4,6.25,1742,1,0.6,High,0.17426533937481825,1.8441108173899345,Medium,Gold
400,60,Male,Scarf,Accessories,35,Idaho,L,Blue,Fall,3.5,Yes,2-Day Shipping,Yes,10,Debit Card,Monthly,12,0.8333333333333334,385,1,0.6,Medium,-0.38808628189316763,-1.1364225384774858,Medium,Bronze
401,39,Male,Boots,Footwear,66,Utah,M,Green,Winter,4.8,Yes,Free Shipping,Yes,14,PayPal,Fortnightly,26,0.5384615384615384,990,1,0.6,High,0.7216405566203181,0.6070157662181129,Medium,Silver
402,43,Male,T-shirt,Clothing,91,Oklahoma,L,Orange,Fall,4.8,Yes,Standard,Yes,21,Cash,Quarterly,4,5.25,2002,1,0.6,High,-0.10260635328401957,1.8587168820347773,Medium,Gold
403,31,Male,Backpack,Accessories,78,California,L,Cyan,Fall,3.0,Yes,Express,Yes,26,PayPal,Monthly,12,2.1666666666666665,2106,1,0.6,Low,0.7194004887421837,-1.4828827382918133,Medium,Gold
404,19,Male,Sneakers,Footwear,45,Nevada,M,Orange,Winter,4.5,Yes,Next Day Air,Yes,12,Bank Transfer,Annually,1,10.0,585,1,0.6,High,-0.9040366215924007,2.700226105773703,Low,Bronze
405,35,Male,T-shirt,Clothing,93,Delaware,M,Indigo,Spring,4.8,Yes,Store Pickup,Yes,11,Credit Card,Monthly,12,0.9166666666666666,1116,1,0.6,High,-0.3188683587284582,0.7074924544265254,Medium,Silver
406,41,Male,Jeans,Clothing,74,South Carolina,S,Silver,Summer,3.8,Yes,Standard,Yes,15,Cash,Annually,1,10.0,1184,1,0.6,Medium,-0.6963828520982722,1.7192697649100896,Low,Silver
407,52,Male,Gloves,Accessories,55,Maryland,M,Peach,Spring,4.6,Yes,Express,Yes,13,Cash,Monthly,12,1.0833333333333333,770,1,0.6,High,-0.18043251239903935,0.4714970767800959,Medium,Silver
408,45,Male,Hoodie,Clothing,76,North Carolina,XL,Teal,Spring,3.1,Yes,Next Day Air,Yes,5,Credit Card,Bi-Weekly,26,0.19230769230769232,456,1,0.6,Medium,0.09867924813793294,-1.8672684905106611,Medium,Bronze
409,34,Male,Sneakers,Footwear,66,Alabama,L,White,Spring,3.4,Yes,Express,Yes,36,Cash,Fortnightly,26,1.3846153846153846,2442,1,0.6,Medium,2.244434866243926,-1.1301016130767325,High,Platinum
410,35,Male,Shorts,Clothing,51,Minnesota,M,Brown,Winter,3.3,Yes,2-Day Shipping,Yes,32,Bank Transfer,Monthly,12,2.6666666666666665,1683,1,0.6,Medium,1.1347080277304402,-0.9296392901207415,High,Gold
411,29,Male,Sweater,Clothing,26,Virginia,L,Lavender,Spring,4.8,Yes,2-Day Shipping,Yes,1,Credit Card,Quarterly,4,0.25,52,1,0.6,High,-1.4869648165782086,0.530381004025256,Low,Bronze
412,59,Male,Jeans,Clothing,29,Michigan,M,Indigo,Summer,2.8,Yes,Express,Yes,15,PayPal,Annually,1,10.0,464,1,0.6,Low,-0.6963828520982722,0.31790356367635675,Low,Bronze
413,24,Male,Jacket,Outerwear,74,Maine,M,Yellow,Summer,3.1,Yes,Store Pickup,Yes,3,Bank Transfer,Weekly,52,0.057692307692307696,296,1,0.6,Medium,1.506974386967146,-1.9030313795339944,High,Bronze
414,70,Male,Jewelry,Accessories,99,Nevada,S,White,Summer,4.6,Yes,Free Shipping,Yes,48,Cash,Monthly,12,4.0,4851,1,0.6,High,2.2421947983657917,1.24635967228565,High,Platinum
415,29,Male,Backpack,Accessories,88,Wyoming,L,Violet,Winter,2.6,Yes,Store Pickup,Yes,30,Debit Card,Weekly,52,0.5769230769230769,2728,1,0.6,Low,3.375858312414301,-2.465771908203718,High,Platinum
416,67,Male,Coat,Outerwear,31,Connecticut,M,Lavender,Winter,2.6,Yes,Express,Yes,40,Bank Transfer,Monthly,12,3.3333333333333335,1271,1,0.6,Low,1.6884514130481159,-1.7334841805830845,High,Silver
417,36,Male,Belt,Accessories,55,Oregon,L,Olive,Spring,3.8,Yes,Free Shipping,Yes,24,Bank Transfer,Fortnightly,26,0.9230769230769231,1375,1,0.6,Medium,1.4138197882674126,-0.6921707520918106,High,Gold
418,23,Male,Sandals,Footwear,81,Mississippi,L,Beige,Fall,4.5,Yes,Free Shipping,Yes,48,Debit Card,Quarterly,4,10.0,3969,1,0.6,High,1.7662775721631356,2.700226105773703,High,Platinum
419,18,Male,Sweater,Clothing,73,Illinois,L,Purple,Spring,3.0,Yes,Standard,Yes,27,Venmo,Bi-Weekly,26,1.0384615384615385,2044,1,0.6,Low,1.621473557761541,-1.782609808201654,High,Gold
420,53,Male,Shorts,Clothing,91,Utah,S,Teal,Winter,3.8,Yes,Free Shipping,Yes,14,Credit Card,Quarterly,4,3.5,1365,1,0.6,Medium,-0.5871318154369858,-0.007566876502288114,Low,Gold
421,32,Male,Socks,Clothing,54,North Carolina,S,Peach,Spring,3.8,Yes,Free Shipping,Yes,18,Debit Card,Bi-Weekly,26,0.6923076923076923,1026,1,0.6,Medium,0.9985122492791558,-0.7534785618460962,High,Silver
422,38,Male,Shirt,Clothing,40,Kentucky,M,Violet,Winter,3.5,Yes,Standard,Yes,48,Cash,Bi-Weekly,26,1.8461538461538463,1960,1,0.6,Medium,3.0750499442204395,-0.8673493734447878,High,Gold
423,47,Male,Pants,Clothing,59,Minnesota,M,Purple,Fall,3.1,Yes,Store Pickup,Yes,32,Debit Card,Annually,1,10.0,1947,1,0.6,Medium,0.4803218417017884,0.7383134240464769,Medium,Gold
424,46,Male,Scarf,Accessories,26,New York,L,Teal,Spring,3.0,Yes,Store Pickup,Yes,21,Credit Card,Bi-Weekly,26,0.8076923076923077,572,1,0.6,Low,1.2061660187732843,-1.8439176179559396,High,Bronze
425,66,Male,Sweater,Clothing,23,Illinois,M,Gold,Winter,4.3,Yes,Standard,Yes,42,PayPal,Fortnightly,26,1.6153846153846154,989,1,0.6,High,2.6597424052321825,0.19243577778791265,High,Silver
426,40,Male,Jeans,Clothing,87,North Dakota,S,Teal,Winter,3.3,Yes,Store Pickup,Yes,4,Credit Card,Quarterly,4,1.0,435,1,0.6,Medium,-1.2793110470840805,-1.3724179161239152,Low,Bronze
427,43,Male,Pants,Clothing,71,Louisiana,M,Violet,Winter,4.7,Yes,Express,Yes,19,Credit Card,Quarterly,4,4.75,1420,1,0.6,High,-0.24104219961343842,1.5857466741104522,Medium,Gold
428,58,Male,Backpack,Accessories,91,Illinois,L,Black,Winter,4.5,Yes,Store Pickup,Yes,6,Credit Card,Quarterly,4,1.5,637,1,0.6,High,-1.1408752007546612,0.44205511315751667,Low,Bronze
429,21,Male,Coat,Outerwear,64,Wyoming,XL,Gold,Winter,2.9,Yes,Free Shipping,Yes,2,Debit Card,Fortnightly,26,0.07692307692307693,192,1,0.6,Low,-0.10897452135619545,-2.178195635634551,Medium,Bronze
430,42,Male,Sandals,Footwear,94,Washington,M,Gold,Winter,4.1,Yes,2-Day Shipping,Yes,21,Cash,Fortnightly,26,0.8076923076923077,2068,1,0.6,High,1.2061660187732843,-0.3024147965988339,High,Gold
431,24,Male,Shirt,Clothing,40,Texas,M,Brown,Summer,3.5,Yes,Store Pickup,Yes,40,Debit Card,Annually,1,10.0,1640,1,0.6,Medium,1.0340652270194641,1.29885990453997,High,Gold
432,43,Male,Hat,Accessories,76,New Hampshire,L,Cyan,Winter,3.4,Yes,Store Pickup,Yes,33,Cash,Fortnightly,26,1.2692307692307692,2584,1,0.6,Medium,2.0367810967497975,-1.1607555179538753,High,Platinum
433,47,Male,Shirt,Clothing,86,Indiana,S,Indigo,Fall,3.3,Yes,Free Shipping,Yes,26,Venmo,Weekly,52,0.5,2322,1,0.6,Medium,3.0989866197554634,-1.5052515039248673,High,Platinum
434,49,Male,Skirt,Clothing,92,Alabama,M,Orange,Fall,3.2,Yes,Store Pickup,Yes,23,Credit Card,Fortnightly,26,0.8846153846153846,2208,1,0.6,Medium,1.3446018651027032,-1.5432084411244307,High,Gold
435,50,Male,Shoes,Footwear,52,Oklahoma,L,Pink,Spring,4.0,Yes,Store Pickup,Yes,39,PayPal,Quarterly,4,9.75,2080,1,0.6,Medium,1.1433162636807506,1.9331262112563603,High,Gold
436,51,Male,Coat,Outerwear,28,Montana,XL,Olive,Winter,3.6,Yes,Next Day Air,Yes,42,Bank Transfer,Monthly,12,3.5,1204,1,0.6,Medium,1.8268872593775347,-0.2878401167490343,High,Silver
437,40,Male,Pants,Clothing,46,Tennessee,L,Cyan,Summer,4.6,Yes,Free Shipping,Yes,41,Bank Transfer,Weekly,52,0.7884615384615384,1932,1,0.6,High,4.137255467226105,0.39315931987184205,High,Gold
438,45,Male,Jewelry,Accessories,50,New Mexico,M,Peach,Summer,2.6,Yes,Next Day Air,Yes,41,PayPal,Annually,1,10.0,2100,1,0.6,Low,1.1032831501841733,0.03763032342961048,High,Gold
439,52,Male,Belt,Accessories,23,Iowa,M,Turquoise,Winter,4.3,Yes,Express,Yes,12,Credit Card,Fortnightly,26,0.46153846153846156,299,1,0.6,High,0.5832047102908992,-0.11410327098351525,Medium,Bronze
440,62,Male,Jacket,Outerwear,50,Idaho,M,Turquoise,Summer,3.4,Yes,Free Shipping,Yes,31,Cash,Monthly,12,2.5833333333333335,1600,1,0.6,Medium,1.0654901045657308,-0.8116416012975267,High,Gold
441,20,Male,Shirt,Clothing,89,Oklahoma,XL,Maroon,Winter,3.5,Yes,Store Pickup,Yes,34,Debit Card,Fortnightly,26,1.3076923076923077,3115,1,0.6,Medium,2.105999019914507,-1.0104009295381209,High,Platinum
442,43,Male,Hoodie,Clothing,81,Florida,M,Maroon,Winter,4.2,Yes,Standard,Yes,32,Credit Card,Annually,1,10.0,2673,1,0.6,High,0.4803218417017884,2.279816245403583,Medium,Platinum
443,29,Male,Sunglasses,Accessories,69,Michigan,M,Olive,Fall,3.8,Yes,Store Pickup,Yes,31,Credit Card,Quarterly,4,7.75,2208,1,0.6,Medium,0.5895728783630749,1.121518619805805,Medium,Gold
444,22,Male,Sunglasses,Accessories,67,Hawaii,M,Magenta,Summer,3.6,Yes,Free Shipping,Yes,24,PayPal,Annually,1,10.0,1675,1,0.6,Medium,-0.07342154361588715,1.4389965246633434,Medium,Gold
445,48,Male,Dress,Clothing,20,California,M,Red,Summer,4.3,Yes,Store Pickup,Yes,31,Debit Card,Annually,1,10.0,640,1,0.6,High,0.41110391853707895,2.419952865526956,Medium,Bronze
446,42,Male,Boots,Footwear,29,Iowa,M,Olive,Fall,4.9,Yes,Standard,Yes,18,Venmo,Annually,1,10.0,551,1,0.6,High,-0.48872908260414394,3.260772586267197,Low,Bronze
447,19,Male,Shirt,Clothing,74,West Virginia,M,Silver,Summer,4.1,Yes,Store Pickup,Yes,15,Venmo,Monthly,12,1.25,1184,1,0.6,High,-0.04199666606962027,-0.1849081612364531,Medium,Silver
448,60,Male,Shorts,Clothing,82,Washington,S,Turquoise,Spring,3.6,Yes,Standard,Yes,7,Bank Transfer,Quarterly,4,1.75,656,1,0.6,Medium,-1.071657277589952,-0.7527576740523668,Low,Bronze
449,32,Male,Gloves,Accessories,23,Missouri,M,Yellow,Summer,3.4,Yes,Next Day Air,Yes,35,Bank Transfer,Fortnightly,26,1.3461538461538463,828,1,0.6,Medium,2.1752169430792163,-1.1403195813691134,High,Silver
450,26,Male,Jewelry,Accessories,45,New York,L,Peach,Summer,2.9,Yes,2-Day Shipping,Yes,35,Bank Transfer,Monthly,12,2.9166666666666665,1620,1,0.6,Low,1.3423617972245687,-1.4237689767137585,High,Gold
451,25,Male,Boots,Footwear,21,Connecticut,L,Beige,Summer,2.7,Yes,Store Pickup,Yes,19,Credit Card,Monthly,12,1.5833333333333333,420,1,0.6,Low,0.23487502658921744,-2.0582651177630433,Medium,Bronze
452,66,Male,Jewelry,Accessories,31,Virginia,M,Pink,Summer,4.3,Yes,Express,Yes,26,Credit Card,Fortnightly,26,1.0,837,1,0.6,High,1.5522556345968315,0.02894828510981773,High,Silver
453,45,Male,Pants,Clothing,45,Missouri,M,Violet,Summer,3.8,Yes,Express,Yes,39,PayPal,Fortnightly,26,1.5,1800,1,0.6,Medium,2.4520886357380545,-0.5389012277060966,High,Gold
454,54,Male,Jewelry,Accessories,56,Nebraska,XL,Peach,Winter,2.8,Yes,Next Day Air,Yes,22,Credit Card,Weekly,52,0.4230769230769231,1288,1,0.6,Low,2.8221149270966253,-2.226370541126496,High,Silver
455,37,Male,Jacket,Outerwear,97,New Jersey,S,Gold,Summer,3.2,Yes,Next Day Air,Yes,14,Cash,Bi-Weekly,26,0.5384615384615384,1455,1,0.6,Medium,0.7216405566203181,-1.6351701557558593,Medium,Gold
456,54,Male,Blouse,Clothing,100,Utah,XL,Gold,Fall,3.6,Yes,Store Pickup,Yes,50,Debit Card,Fortnightly,26,1.9230769230769231,5100,1,0.6,Medium,3.2134857905498584,-0.7067768167366526,High,Platinum
457,50,Male,Blouse,Clothing,96,North Carolina,S,Indigo,Fall,4.0,Yes,2-Day Shipping,Yes,33,Credit Card,Quarterly,4,8.25,3264,1,0.6,Medium,0.7280087246924938,1.5346254478535037,Medium,Platinum
458,25,Male,Gloves,Accessories,99,Rhode Island,M,Blue,Spring,4.9,Yes,Next Day Air,Yes,48,Debit Card,Quarterly,4,10.0,4851,1,0.6,High,1.7662775721631356,3.260772586267197,High,Platinum
459,47,Male,Shorts,Clothing,91,Arkansas,L,Black,Winter,4.0,Yes,2-Day Shipping,Yes,48,PayPal,Monthly,12,4.0,4459,1,0.6,Medium,2.2421947983657917,0.4055399515454108,High,Platinum
460,63,Male,Hat,Accessories,30,Maryland,L,Black,Winter,3.8,Yes,Standard,Yes,27,PayPal,Fortnightly,26,1.0384615384615385,840,1,0.6,Medium,1.621473557761541,-0.6615168472146679,High,Silver
461,64,Male,Shoes,Footwear,65,South Carolina,L,Teal,Summer,3.8,Yes,Store Pickup,Yes,27,Bank Transfer,Weekly,52,0.5192307692307693,1820,1,0.6,Medium,3.1682045429201726,-0.7994594191618104,High,Gold
462,18,Male,Boots,Footwear,93,Ohio,M,Yellow,Winter,3.9,Yes,Express,Yes,20,Venmo,Weekly,52,0.38461538461538464,1953,1,0.6,Medium,2.683679080767207,-0.6950856880617703,High,Gold
463,59,Male,Jacket,Outerwear,81,Illinois,M,White,Fall,3.3,Yes,Express,Yes,48,Venmo,Quarterly,4,10.0,3969,1,0.6,Medium,1.7662775721631356,1.018586664293223,High,Platinum
464,37,Male,Jewelry,Accessories,81,Georgia,S,Orange,Summer,2.7,Yes,Standard,Yes,29,Venmo,Weekly,52,0.5576923076923077,2430,1,0.6,Low,3.3066403892495915,-2.3307442722265352,High,Platinum
465,23,Male,Sunglasses,Accessories,52,Alabama,M,Silver,Winter,4.7,Yes,Next Day Air,Yes,45,PayPal,Monthly,12,3.75,2392,1,0.6,High,2.034541028871663,1.320079498508548,High,Platinum
466,54,Male,Skirt,Clothing,88,Oklahoma,M,Pink,Summer,2.8,Yes,Next Day Air,Yes,25,Cash,Quarterly,4,6.25,2288,1,0.6,Low,0.17426533937481825,-0.6783483448307843,Medium,Platinum
467,38,Male,Jeans,Clothing,24,Vermont,L,Turquoise,Winter,4.6,Yes,Free Shipping,Yes,25,PayPal,Weekly,52,0.4807692307692308,624,1,0.6,High,3.0297686965907538,0.3114155735327947,High,Bronze
468,19,Male,Backpack,Accessories,51,Nebraska,S,Orange,Spring,4.5,Yes,2-Day Shipping,Yes,37,Debit Card,Quarterly,4,9.25,1938,1,0.6,High,1.0048804173513317,2.5009757240722745,High,Gold
469,34,Male,Backpack,Accessories,38,Georgia,S,Peach,Fall,5.0,Yes,Free Shipping,Yes,16,Cash,Quarterly,4,4.0,646,1,0.6,High,-0.4486959691075669,1.8069061527791437,Medium,Bronze
470,21,Male,Shorts,Clothing,46,Alabama,L,Pink,Fall,4.1,Yes,2-Day Shipping,Yes,30,Debit Card,Bi-Weekly,26,1.1538461538461537,1426,1,0.6,High,1.8291273272556694,-0.21045308196740548,High,Gold
471,50,Male,Dress,Clothing,63,Minnesota,L,Teal,Summer,4.6,Yes,Express,Yes,6,Cash,Quarterly,4,1.5,441,1,0.6,High,-1.1408752007546612,0.5821917332808894,Low,Bronze
472,55,Male,Scarf,Accessories,72,Missouri,XL,White,Winter,4.9,Yes,2-Day Shipping,Yes,36,Bank Transfer,Quarterly,4,9.0,2664,1,0.6,High,0.9356624941866222,2.995105410665292,High,Platinum
473,20,Male,Jeans,Clothing,39,Georgia,L,Gray,Winter,3.9,Yes,Free Shipping,Yes,3,Bank Transfer,Quarterly,4,0.75,156,1,0.6,Medium,-1.3485289702487897,-0.5980149892841514,Low,Bronze
474,34,Male,Coat,Outerwear,42,West Virginia,L,Olive,Spring,3.9,Yes,Store Pickup,Yes,29,PayPal,Quarterly,4,7.25,1260,1,0.6,Medium,0.45113703203365607,1.1288216521282264,Medium,Silver
475,62,Male,Sweater,Clothing,76,Arkansas,XL,Maroon,Summer,2.6,Yes,2-Day Shipping,Yes,15,Cash,Quarterly,4,3.75,1216,1,0.6,Low,-0.5179138922722761,-1.6227895240822912,Low,Silver
476,21,Male,Sneakers,Footwear,66,Ohio,L,Magenta,Summer,2.7,Yes,Free Shipping,Yes,18,Debit Card,Annually,1,10.0,1254,1,0.6,Low,-0.48872908260414394,0.17776694355298406,Low,Silver
477,21,Male,Scarf,Accessories,90,Connecticut,M,Magenta,Spring,3.5,Yes,Free Shipping,Yes,2,Debit Card,Fortnightly,26,0.07692307692307693,270,1,0.6,Medium,-0.10897452135619545,-1.3373759148943107,Medium,Bronze
478,42,Male,Sweater,Clothing,56,North Dakota,M,Green,Summer,3.7,Yes,Free Shipping,Yes,49,Debit Card,Weekly,52,0.9423076923076923,2800,1,0.6,Medium,4.690998852543781,-0.8271983880689929,High,Platinum
479,35,Male,Jewelry,Accessories,43,Kansas,XL,Turquoise,Winter,3.2,Yes,Free Shipping,Yes,48,Venmo,Annually,1,10.0,2107,1,0.6,Medium,1.5878086123371395,0.8784500441698504,High,Gold
480,39,Male,Handbag,Accessories,84,Iowa,L,Yellow,Winter,3.3,Yes,Store Pickup,Yes,43,Venmo,Monthly,12,3.5833333333333335,3696,1,0.6,Medium,1.8961051825422441,-0.6861110458189958,High,Platinum
481,68,Male,Hoodie,Clothing,88,Vermont,M,Gray,Summer,4.8,Yes,Standard,Yes,30,Debit Card,Bi-Weekly,26,1.1538461538461537,2728,1,0.6,High,1.8291273272556694,0.7705032588962079,High,Platinum
482,46,Male,Hat,Accessories,88,Wisconsin,L,Peach,Fall,3.2,Yes,2-Day Shipping,Yes,10,PayPal,Fortnightly,26,0.38461538461538464,968,1,0.6,Medium,0.4447688639614803,-1.6760420289253828,Medium,Silver
483,41,Male,Belt,Accessories,42,Connecticut,M,Yellow,Winter,2.5,Yes,2-Day Shipping,Yes,11,Venmo,Annually,1,10.0,504,1,0.6,Low,-0.9732545447571099,-0.10250629669376288,Low,Bronze
484,23,Male,Hoodie,Clothing,73,Oklahoma,M,White,Fall,3.9,Yes,Store Pickup,Yes,12,Debit Card,Weekly,52,0.23076923076923078,949,1,0.6,Medium,2.129935695449531,-0.735957561231294,High,Silver
485,68,Male,Hat,Accessories,73,Missouri,L,Lavender,Summer,4.7,Yes,Free Shipping,Yes,28,Bank Transfer,Quarterly,4,7.0,2117,1,0.6,High,0.38191910886894664,2.183497819214737,Medium,Gold
486,48,Male,Shoes,Footwear,44,Tennessee,S,Blue,Spring,2.6,Yes,Next Day Air,Yes,36,Debit Card,Fortnightly,26,1.3846153846153846,1628,1,0.6,Low,2.244434866243926,-2.2511945740637187,High,Gold
487,38,Male,Sandals,Footwear,63,New Mexico,M,Charcoal,Fall,2.8,Yes,Store Pickup,Yes,37,Venmo,Quarterly,4,9.25,2394,1,0.6,Low,1.0048804173513317,0.11865318197492858,High,Platinum
488,41,Male,Jacket,Outerwear,68,Iowa,L,Red,Winter,4.4,Yes,Store Pickup,Yes,22,Credit Card,Quarterly,4,5.5,1564,1,0.6,High,-0.03338843011931014,1.3645871954417608,Medium,Gold
489,58,Male,Sweater,Clothing,29,Maine,L,Olive,Spring,4.6,Yes,Standard,Yes,32,Venmo,Weekly,52,0.6153846153846154,957,1,0.6,High,3.51429415874372,0.34717846255612794,High,Silver
490,49,Male,Socks,Clothing,85,South Dakota,M,Green,Summer,3.2,Yes,Standard,Yes,40,PayPal,Annually,1,10.0,3485,1,0.6,Medium,1.0340652270194641,0.8784500441698504,High,Platinum
491,57,Male,Sneakers,Footwear,42,Colorado,M,Silver,Winter,4.2,Yes,2-Day Shipping,Yes,47,Cash,Monthly,12,3.9166666666666665,2016,1,0.6,High,2.172976875201082,0.663674260491999,High,Gold
492,49,Male,Coat,Outerwear,69,Vermont,M,Silver,Summer,3.8,Yes,2-Day Shipping,Yes,24,Credit Card,Bi-Weekly,26,0.9230769230769231,1725,1,0.6,Medium,1.4138197882674126,-0.6921707520918106,High,Gold
493,50,Male,Shirt,Clothing,62,Michigan,M,Black,Fall,3.9,Yes,Standard,Yes,11,Debit Card,Weekly,52,0.21153846153846154,744,1,0.6,Medium,2.0607177722848213,-0.7410665453774845,High,Silver
494,28,Male,Backpack,Accessories,48,Nevada,XL,Red,Summer,4.7,Yes,Store Pickup,Yes,19,Cash,Bi-Weekly,26,0.7307692307692307,960,1,0.6,High,1.0677301724438653,0.5179689875566448,High,Silver
495,38,Male,Boots,Footwear,68,Indiana,M,Indigo,Winter,4.5,Yes,Express,Yes,42,Debit Card,Weekly,52,0.8076923076923077,2924,1,0.6,High,4.206473390390815,0.2581316838946598,High,Platinum
496,33,Male,Handbag,Accessories,36,Michigan,XL,Cyan,Fall,3.3,Yes,Free Shipping,Yes,6,Debit Card,Fortnightly,26,0.23076923076923078,252,1,0.6,Medium,0.1678971713026426,-1.5767772819715338,Medium,Bronze
497,30,Male,Dress,Clothing,63,California,S,Maroon,Fall,3.3,Yes,Express,Yes,31,Venmo,Fortnightly,26,1.1923076923076923,2016,1,0.6,Medium,1.8983452504203786,-1.3213280746620104,High,Gold
498,43,Male,Sneakers,Footwear,39,Oklahoma,S,Silver,Winter,4.6,Yes,Free Shipping,Yes,31,Cash,Weekly,52,0.5961538461538461,1248,1,0.6,High,3.4450762355790108,0.3420694784099375,High,Silver
499,43,Male,Boots,Footwear,78,Iowa,M,Lavender,Spring,3.6,Yes,Free Shipping,Yes,27,Bank Transfer,Monthly,12,2.25,2184,1,0.6,Medium,0.7886184119068931,-0.6199240862514147,Medium,Gold
500,36,Male,Shoes,Footwear,99,Rhode Island,L,Silver,Winter,4.8,Yes,Express,Yes,24,PayPal,Monthly,12,2.0,2475,1,0.6,High,0.5809646424127647,0.9952985613285884,Medium,Platinum
501,36,Male,T-shirt,Clothing,31,Washington,L,Purple,Fall,4.8,Yes,Next Day Air,Yes,35,Venmo,Quarterly,4,8.75,1116,1,0.6,High,0.8664445710219127,2.7885519966414423,High,Silver
502,64,Male,Boots,Footwear,45,Florida,M,Cyan,Spring,2.9,Yes,Next Day Air,Yes,21,Venmo,Annually,1,10.0,990,1,0.6,Low,-0.28107531311001566,0.4580401837997301,Medium,Silver
503,59,Male,Pants,Clothing,30,South Carolina,S,Cyan,Fall,2.8,Yes,Express,Yes,8,PayPal,Fortnightly,26,0.3076923076923077,270,1,0.6,Low,0.30633301763206144,-2.2570244460036384,Medium,Bronze
504,55,Male,Shoes,Footwear,24,West Virginia,M,Lavender,Summer,3.2,Yes,Next Day Air,Yes,26,Bank Transfer,Quarterly,4,6.5,648,1,0.6,Medium,0.24348326253952768,-0.05138507043681462,Medium,Bronze
505,42,Male,Shoes,Footwear,22,Missouri,M,Maroon,Winter,3.9,Yes,Free Shipping,Yes,26,PayPal,Annually,1,10.0,594,1,0.6,Medium,0.0650143027135317,1.859406385033463,Medium,Bronze
506,61,Male,T-shirt,Clothing,63,Maine,L,Gray,Spring,4.3,Yes,Express,Yes,9,Cash,Bi-Weekly,26,0.34615384615384615,630,1,0.6,High,0.37555094079677087,-0.14475717586065806,Medium,Bronze
507,28,Male,Scarf,Accessories,40,Georgia,M,Olive,Fall,2.7,Yes,2-Day Shipping,Yes,48,Debit Card,Annually,1,10.0,1960,1,0.6,Low,1.5878086123371395,0.17776694355298406,High,Gold
508,65,Male,Shorts,Clothing,20,Maine,M,Magenta,Spring,5.0,Yes,Store Pickup,Yes,33,Debit Card,Fortnightly,26,1.2692307692307692,680,1,0.6,High,2.0367810967497975,1.0814304040200975,High,Silver
509,27,Male,Jewelry,Accessories,20,Illinois,S,Yellow,Winter,3.7,Yes,Store Pickup,Yes,31,PayPal,Quarterly,4,7.75,640,1,0.6,Medium,0.5895728783630749,0.9813819996824321,Medium,Bronze
510,41,Male,T-shirt,Clothing,80,Delaware,L,Cyan,Summer,3.9,Yes,Free Shipping,Yes,17,Debit Card,Weekly,52,0.3269230769230769,1440,1,0.6,Medium,2.4760253112730783,-0.7104126405003417,High,Gold
511,21,Male,Shirt,Clothing,87,West Virginia,M,Teal,Fall,3.9,Yes,2-Day Shipping,Yes,22,Venmo,Annually,1,10.0,2001,1,0.6,Medium,-0.211857389945306,1.859406385033463,Medium,Gold
512,61,Male,Shirt,Clothing,46,Hawaii,L,Yellow,Fall,3.1,Yes,Free Shipping,Yes,8,PayPal,Annually,1,8.0,414,1,0.6,Medium,-1.1809083142512384,0.20697907284266825,Low,Bronze
513,19,Male,Gloves,Accessories,49,New York,L,Peach,Winter,3.8,Yes,Next Day Air,Yes,2,Bank Transfer,Monthly,12,0.16666666666666666,147,1,0.6,Medium,-0.9418296672108433,-0.8931241285086357,Low,Bronze
514,22,Male,Scarf,Accessories,65,New Mexico,M,Peach,Fall,3.6,Yes,Store Pickup,Yes,45,Venmo,Annually,1,10.0,2990,1,0.6,Medium,1.380154842843011,1.4389965246633434,High,Platinum
515,64,Male,Skirt,Clothing,62,Indiana,S,Olive,Winter,4.3,Yes,Standard,Yes,47,PayPal,Quarterly,4,10.0,2976,1,0.6,High,1.6970596489984262,2.419952865526956,High,Platinum
516,28,Male,Hat,Accessories,67,Kentucky,L,Charcoal,Spring,4.5,Yes,Next Day Air,Yes,7,Cash,Monthly,12,0.5833333333333334,536,1,0.6,High,-0.5957400513872959,0.1985268688557712,Low,Bronze
517,34,Male,Hoodie,Clothing,41,West Virginia,L,Indigo,Fall,2.8,Yes,2-Day Shipping,Yes,19,Debit Card,Bi-Weekly,26,0.7307692307692307,820,1,0.6,Low,1.0677301724438653,-2.144626794787448,High,Silver
518,61,Male,Boots,Footwear,49,North Dakota,L,Silver,Fall,2.7,Yes,Free Shipping,Yes,44,Cash,Quarterly,4,10.0,2205,1,0.6,Low,1.4894058795042977,0.17776694355298406,High,Gold
519,24,Male,Blouse,Clothing,100,Oregon,M,Beige,Fall,2.9,Yes,Next Day Air,Yes,16,Venmo,Quarterly,4,4.0,1700,1,0.6,Low,-0.4486959691075669,-1.1359628698116955,Medium,Gold
520,19,Male,Belt,Accessories,54,Minnesota,L,Blue,Summer,4.4,Yes,2-Day Shipping,Yes,17,Bank Transfer,Quarterly,4,4.25,972,1,0.6,High,-0.3794780459428573,1.0325032259393805,Medium,Silver
521,51,Male,Sunglasses,Accessories,84,South Carolina,M,White,Spring,3.9,Yes,Free Shipping,Yes,20,Debit Card,Quarterly,4,5.0,1764,1,0.6,Medium,-0.171824276448729,0.5310705070239417,Medium,Gold
522,36,Male,Shorts,Clothing,41,Vermont,L,Gold,Winter,3.5,Yes,Standard,Yes,50,Bank Transfer,Annually,1,10.0,2091,1,0.6,Medium,1.7262444586665584,1.29885990453997,High,Gold
523,65,Male,Gloves,Accessories,88,Minnesota,M,Blue,Spring,2.5,Yes,Store Pickup,Yes,37,Cash,Quarterly,4,9.25,3344,1,0.6,Low,1.0048804173513317,-0.30175667839519105,High,Platinum
524,46,Male,Sandals,Footwear,40,Delaware,M,Orange,Spring,4.9,Yes,Express,Yes,5,PayPal,Quarterly,4,1.25,240,1,0.6,High,-1.2100931239193708,0.9361847997505343,Low,Bronze
525,59,Male,Shirt,Clothing,39,Pennsylvania,M,Gold,Summer,4.8,Yes,Free Shipping,Yes,44,PayPal,Annually,1,10.0,1755,1,0.6,High,1.3109369196783018,3.1206359661438228,High,Gold
526,51,Male,Coat,Outerwear,37,Iowa,M,Cyan,Spring,3.2,Yes,Next Day Air,Yes,41,Debit Card,Monthly,12,3.4166666666666665,1554,1,0.6,Medium,1.7576693362128253,-0.8705255285426861,High,Gold
527,51,Male,Pants,Clothing,52,New Jersey,S,Red,Winter,4.9,Yes,Standard,Yes,19,Cash,Monthly,12,1.5833333333333333,1040,1,0.6,High,0.23487502658921744,1.024740524951169,Medium,Silver
528,21,Male,T-shirt,Clothing,23,South Carolina,L,Yellow,Winter,4.3,Yes,Next Day Air,Yes,47,Bank Transfer,Quarterly,4,10.0,1104,1,0.6,High,1.6970596489984262,2.419952865526956,High,Silver
529,34,Male,Sneakers,Footwear,88,Maryland,S,Beige,Winter,3.2,Yes,Express,Yes,40,Cash,Annually,1,10.0,3608,1,0.6,Medium,1.0340652270194641,0.8784500441698504,High,Platinum
530,32,Male,Shorts,Clothing,84,California,M,Orange,Fall,3.7,Yes,Standard,Yes,6,Credit Card,Monthly,12,0.5,588,1,0.6,Medium,-0.6649579745520053,-0.9447050234313736,Low,Bronze
531,48,Male,Coat,Outerwear,37,Montana,XL,Magenta,Winter,3.2,Yes,Store Pickup,Yes,25,Credit Card,Bi-Weekly,26,0.9615384615384616,962,1,0.6,Medium,1.483037711432122,-1.522772504539669,High,Silver
532,50,Male,Sandals,Footwear,51,Vermont,L,Purple,Fall,3.4,Yes,Next Day Air,Yes,42,Cash,Weekly,52,0.8076923076923077,2193,1,0.6,Medium,4.206473390390815,-1.2833711374624466,High,Gold
533,26,Male,Pants,Clothing,76,Texas,L,Black,Winter,4.1,Yes,Express,Yes,35,Bank Transfer,Quarterly,4,8.75,2736,1,0.6,High,0.8664445710219127,1.8075956557778288,High,Platinum
534,57,Male,Sandals,Footwear,60,North Carolina,L,Pink,Spring,4.5,Yes,Next Day Air,Yes,17,Debit Card,Weekly,52,0.3269230769230769,1080,1,0.6,High,2.4760253112730783,0.13040708023989822,High,Silver
535,65,Male,Gloves,Accessories,72,Florida,L,Pink,Fall,4.5,Yes,Next Day Air,Yes,4,PayPal,Quarterly,4,1.0,360,1,0.6,High,-1.2793110470840805,0.30922152535656455,Low,Bronze
536,56,Male,T-shirt,Clothing,45,West Virginia,L,Maroon,Spring,3.2,Yes,Free Shipping,Yes,24,Bank Transfer,Weekly,52,0.46153846153846156,1125,1,0.6,Medium,2.9605507734260446,-1.655606092340621,High,Silver
537,44,Male,Jacket,Outerwear,84,Illinois,S,Maroon,Fall,4.4,Yes,Store Pickup,Yes,16,Debit Card,Quarterly,4,4.0,1428,1,0.6,High,-0.4486959691075669,0.9660864320389045,Medium,Gold
538,50,Male,Blouse,Clothing,49,Virginia,S,Turquoise,Summer,3.0,Yes,Store Pickup,Yes,14,Debit Card,Annually,1,10.0,735,1,0.6,Low,-0.7656007752629816,0.5981768039231035,Low,Silver
539,27,Male,Socks,Clothing,22,Virginia,XL,Green,Spring,3.2,Yes,Free Shipping,Yes,43,Cash,Weekly,52,0.8269230769230769,968,1,0.6,Medium,4.275691313555524,-1.5585353935630022,High,Silver
540,49,Male,Coat,Outerwear,48,Wyoming,M,Violet,Winter,4.0,Yes,Store Pickup,Yes,49,Debit Card,Weekly,52,0.9423076923076923,2400,1,0.6,Medium,4.690998852543781,-0.40678852769887336,High,Platinum
541,49,Male,Dress,Clothing,37,South Carolina,M,Lavender,Spring,3.1,Yes,Next Day Air,Yes,33,Cash,Quarterly,4,8.25,1258,1,0.6,Medium,0.7280087246924938,0.2733958667431443,Medium,Silver
542,52,Male,Jacket,Outerwear,27,Connecticut,L,Gray,Fall,2.8,Yes,Next Day Air,Yes,45,Cash,Bi-Weekly,26,1.7307692307692308,1242,1,0.6,Low,2.867396174726311,-1.8789596191855438,High,Silver
543,27,Male,Boots,Footwear,79,Illinois,XL,Teal,Spring,4.6,Yes,Next Day Air,Yes,35,Cash,Bi-Weekly,26,1.3461538461538463,2844,1,0.6,High,2.1752169430792163,0.5413198601113657,High,Platinum
544,53,Male,Skirt,Clothing,98,Alabama,S,Red,Spring,4.3,Yes,Express,Yes,11,Credit Card,Monthly,12,0.9166666666666666,1176,1,0.6,High,-0.3188683587284582,0.006809353809658969,Medium,Silver
545,34,Male,Sandals,Footwear,64,Washington,S,Yellow,Summer,3.3,Yes,Standard,Yes,30,Bank Transfer,Quarterly,4,7.5,1984,1,0.6,Medium,0.5203549551983655,0.3544187252884625,Medium,Gold
546,33,Male,Coat,Outerwear,32,Alabama,L,Magenta,Summer,3.5,Yes,2-Day Shipping,Yes,48,Debit Card,Annually,1,10.0,1568,1,0.6,Medium,1.5878086123371395,1.29885990453997,High,Gold
547,62,Male,Hoodie,Clothing,74,New Mexico,M,Brown,Winter,3.4,Yes,Free Shipping,Yes,45,Venmo,Bi-Weekly,26,1.7307692307692308,3404,1,0.6,Medium,2.867396174726311,-1.038139898445304,High,Platinum
548,38,Male,Jacket,Outerwear,50,Nevada,M,Blue,Winter,2.8,Yes,Free Shipping,Yes,26,Venmo,Weekly,52,0.5,1350,1,0.6,Low,3.0989866197554634,-2.2059346045417336,High,Gold
549,36,Male,Backpack,Accessories,64,Nebraska,M,Black,Winter,4.6,Yes,Store Pickup,Yes,41,Debit Card,Quarterly,4,10.0,2688,1,0.6,High,1.2817521100101694,2.8403627258970756,High,Platinum
550,31,Male,Backpack,Accessories,29,Arizona,S,Olive,Fall,3.6,Yes,Express,Yes,37,Venmo,Bi-Weekly,26,1.4230769230769231,1102,1,0.6,Medium,2.3136527894086356,-0.8396104045376047,High,Silver
551,62,Male,Belt,Accessories,62,Georgia,M,Olive,Summer,3.3,Yes,Store Pickup,Yes,12,PayPal,Weekly,52,0.23076923076923078,806,1,0.6,Medium,2.129935695449531,-1.5767772819715338,High,Silver
552,29,Male,Coat,Outerwear,78,Idaho,XL,Green,Fall,3.1,Yes,2-Day Shipping,Yes,27,Cash,Bi-Weekly,26,1.0384615384615385,2184,1,0.6,Medium,1.621473557761541,-1.6424731880782806,High,Gold
553,24,Male,T-shirt,Clothing,94,Missouri,M,Peach,Fall,3.5,Yes,Express,Yes,18,Bank Transfer,Weekly,52,0.34615384615384615,1786,1,0.6,Medium,2.5452432344377875,-1.2658501368476442,High,Gold
554,63,Male,Sunglasses,Accessories,59,Florida,M,White,Winter,3.2,Yes,Express,Yes,15,Credit Card,Quarterly,4,3.75,944,1,0.6,Medium,-0.5179138922722761,-0.7819698033420512,Low,Silver
555,56,Male,Sneakers,Footwear,47,Minnesota,M,Red,Summer,3.0,Yes,Express,Yes,34,Bank Transfer,Weekly,52,0.6538461538461539,1645,1,0.6,Low,3.652730005073139,-1.8847894911254635,High,Gold
556,63,Male,Gloves,Accessories,57,Maine,M,White,Fall,4.8,Yes,Express,Yes,37,Venmo,Annually,1,10.0,2166,1,0.6,High,0.8264114575253356,3.1206359661438228,Medium,Gold
557,40,Male,Coat,Outerwear,90,Montana,L,Indigo,Winter,5.0,Yes,Store Pickup,Yes,21,Cash,Fortnightly,26,0.8076923076923077,1980,1,0.6,High,1.2061660187732843,0.9588147845115261,High,Gold
558,18,Male,Shirt,Clothing,60,Alaska,M,White,Spring,2.9,Yes,Free Shipping,Yes,31,Debit Card,Weekly,52,0.5961538461538461,1920,1,0.6,Low,3.4450762355790108,-2.040253063687408,High,Gold
559,50,Male,Sneakers,Footwear,77,Iowa,L,Teal,Fall,3.2,Yes,Express,Yes,43,Debit Card,Quarterly,4,10.0,3388,1,0.6,Medium,1.4201879563395883,0.8784500441698504,High,Platinum
560,66,Male,Scarf,Accessories,41,Arizona,M,Indigo,Fall,2.9,Yes,Store Pickup,Yes,22,Bank Transfer,Monthly,12,1.8333333333333333,943,1,0.6,Low,0.44252879608334583,-1.7115750836158214,Medium,Silver
561,25,Male,Jewelry,Accessories,48,Louisiana,L,Red,Fall,3.8,Yes,Free Shipping,Yes,12,Debit Card,Annually,1,10.0,624,1,0.6,Medium,-0.9040366215924007,1.7192697649100896,Low,Bronze
562,65,Male,Jacket,Outerwear,65,Alabama,M,Blue,Fall,2.6,Yes,Next Day Air,Yes,25,PayPal,Fortnightly,26,0.9615384615384616,1690,1,0.6,Low,1.483037711432122,-2.3635922252799086,High,Gold
563,53,Male,Jeans,Clothing,62,Missouri,M,Blue,Summer,3.5,Yes,Standard,Yes,40,Debit Card,Annually,1,10.0,2542,1,0.6,Medium,1.0340652270194641,1.29885990453997,High,Platinum
564,61,Male,Shoes,Footwear,99,Idaho,M,Black,Fall,4.4,Yes,Standard,Yes,16,Debit Card,Quarterly,4,4.0,1683,1,0.6,High,-0.4486959691075669,0.9660864320389045,Medium,Gold
565,67,Male,Hoodie,Clothing,58,Florida,M,Olive,Winter,3.4,Yes,Next Day Air,Yes,30,Bank Transfer,Weekly,52,0.5769230769230769,1798,1,0.6,Medium,3.375858312414301,-1.3446789472167322,High,Gold
566,59,Male,Backpack,Accessories,43,Idaho,L,Lavender,Fall,4.2,Yes,Store Pickup,Yes,10,Venmo,Weekly,52,0.19230769230769232,473,1,0.6,High,1.9914998491201121,-0.32576566915355465,High,Bronze
567,55,Male,Sneakers,Footwear,93,Alabama,M,Indigo,Spring,3.6,Yes,Store Pickup,Yes,1,Debit Card,Fortnightly,26,0.038461538461538464,186,1,0.6,Medium,-0.17819244452090466,-1.2074572630633182,Medium,Bronze
568,21,Male,Blouse,Clothing,50,New Hampshire,S,Red,Winter,3.0,Yes,Next Day Air,Yes,24,Venmo,Fortnightly,26,0.9230769230769231,1250,1,0.6,Low,1.4138197882674126,-1.8132637130787967,High,Silver
569,44,Male,Pants,Clothing,88,Utah,L,Red,Summer,4.0,Yes,Free Shipping,Yes,36,PayPal,Monthly,12,3.0,3256,1,0.6,Medium,1.4115797203892781,0.13987277594350656,High,Platinum
570,65,Male,Skirt,Clothing,33,Alabama,M,Pink,Fall,4.4,Yes,Express,Yes,46,Credit Card,Quarterly,4,10.0,1551,1,0.6,High,1.6278417258337166,2.5600894856503302,High,Gold
571,65,Male,T-shirt,Clothing,99,Iowa,XL,Purple,Fall,4.1,Yes,Standard,Yes,20,Cash,Annually,1,10.0,2079,1,0.6,High,-0.35029323627472486,2.139679625280209,Medium,Gold
572,54,Male,Jacket,Outerwear,76,Kentucky,XL,Cyan,Spring,3.6,Yes,Free Shipping,Yes,37,Venmo,Weekly,52,0.7115384615384616,2888,1,0.6,Medium,3.8603837745672673,-1.0286428179466518,High,Platinum
573,56,Male,Scarf,Accessories,97,South Carolina,XL,Cyan,Summer,4.6,Yes,Next Day Air,Yes,26,Bank Transfer,Annually,1,10.0,2619,1,0.6,High,0.0650143027135317,2.8403627258970756,Medium,Platinum
574,58,Male,Pants,Clothing,68,California,M,Charcoal,Summer,3.2,Yes,2-Day Shipping,Yes,23,Credit Card,Bi-Weekly,26,0.8846153846153846,1632,1,0.6,Medium,1.3446018651027032,-1.5432084411244307,High,Gold
575,54,Male,Sneakers,Footwear,79,Maine,L,Red,Fall,4.8,Yes,Free Shipping,Yes,20,Bank Transfer,Bi-Weekly,26,0.7692307692307693,1659,1,0.6,High,1.1369480956085747,0.6683235759723986,High,Gold
576,58,Male,Jeans,Clothing,86,Nebraska,M,Peach,Fall,4.8,Yes,Express,Yes,38,PayPal,Monthly,12,3.1666666666666665,3354,1,0.6,High,1.550015566718697,1.30524359953081,High,Platinum
577,48,Male,Hat,Accessories,68,Washington,M,Black,Winter,5.0,Yes,2-Day Shipping,Yes,5,Credit Card,Quarterly,4,1.25,408,1,0.6,High,-1.2100931239193708,1.0763214198739068,Low,Bronze
578,19,Male,Skirt,Clothing,52,Alabama,M,Black,Fall,3.7,Yes,Store Pickup,Yes,41,Venmo,Annually,1,10.0,2184,1,0.6,Medium,1.1032831501841733,1.5791331447867167,High,Gold
579,69,Male,Sandals,Footwear,90,Maine,M,Purple,Fall,4.6,Yes,Next Day Air,Yes,22,Credit Card,Fortnightly,26,0.8461538461538461,2070,1,0.6,High,1.2753839419379935,0.40848627231041357,High,Gold
580,58,Male,Sandals,Footwear,41,California,M,Violet,Winter,3.7,Yes,Free Shipping,Yes,48,Credit Card,Annually,1,10.0,2009,1,0.6,Medium,1.5878086123371395,1.5791331447867167,High,Gold
581,49,Male,Sweater,Clothing,80,Iowa,M,Orange,Spring,4.1,Yes,Free Shipping,Yes,10,PayPal,Weekly,52,0.19230769230769232,880,1,0.6,High,1.9914998491201121,-0.4659022892769287,High,Silver
582,32,Male,Sweater,Clothing,100,Iowa,XL,Charcoal,Winter,2.7,Yes,Store Pickup,Yes,12,Bank Transfer,Quarterly,4,3.0,1300,1,0.6,Low,-0.7255676617664046,-1.6819032856603457,Low,Silver
583,40,Male,Jacket,Outerwear,77,Colorado,L,Turquoise,Spring,4.9,Yes,Store Pickup,Yes,2,Bank Transfer,Quarterly,4,0.5,231,1,0.6,High,-1.417746893413499,0.7369344180491061,Low,Bronze
584,25,Male,Shorts,Clothing,78,California,L,Yellow,Spring,4.0,Yes,Store Pickup,Yes,38,PayPal,Monthly,12,3.1666666666666665,3042,1,0.6,Medium,1.550015566718697,0.18415063854382388,High,Platinum
585,70,Male,Socks,Clothing,94,Indiana,M,White,Spring,4.7,Yes,Free Shipping,Yes,20,Debit Card,Monthly,12,1.6666666666666667,1974,1,0.6,High,0.30409294975392687,0.7666062160045808,Medium,Gold
586,69,Male,Socks,Clothing,23,South Carolina,M,Gray,Fall,2.8,Yes,Next Day Air,Yes,5,Cash,Quarterly,4,1.25,138,1,0.6,Low,-1.2100931239193708,-2.0066842228403057,Low,Bronze
587,45,Male,Hoodie,Clothing,20,Wisconsin,S,Blue,Winter,4.9,Yes,2-Day Shipping,Yes,9,Venmo,Annually,1,9.0,200,1,0.6,High,-1.1116903910865288,2.995105410665292,Low,Bronze
588,29,Male,Socks,Clothing,86,Washington,S,Maroon,Fall,4.2,Yes,Express,Yes,48,Debit Card,Quarterly,4,10.0,4214,1,0.6,High,1.7662775721631356,2.279816245403583,High,Platinum
589,47,Male,Boots,Footwear,60,South Dakota,M,Violet,Fall,3.0,Yes,Standard,Yes,9,Debit Card,Quarterly,4,2.25,600,1,0.6,Low,-0.9332214312605329,-1.4607438069916547,Low,Bronze
590,28,Male,Shirt,Clothing,70,Minnesota,M,Orange,Fall,3.4,Yes,2-Day Shipping,Yes,40,PayPal,Annually,1,10.0,2870,1,0.6,Medium,1.0340652270194641,1.1587232844165967,High,Platinum
591,64,Male,Belt,Accessories,39,Alaska,S,Turquoise,Fall,4.6,Yes,Standard,Yes,30,Venmo,Fortnightly,26,1.1538461538461537,1209,1,0.6,High,1.8291273272556694,0.4902300186494609,High,Silver
592,47,Male,Backpack,Accessories,37,Kentucky,L,Olive,Fall,4.2,Yes,Store Pickup,Yes,6,Debit Card,Bi-Weekly,26,0.23076923076923078,259,1,0.6,High,0.1678971713026426,-0.3155477008611737,Medium,Bronze
593,60,Male,Boots,Footwear,29,North Dakota,M,Brown,Fall,3.2,Yes,Free Shipping,Yes,42,Venmo,Quarterly,4,10.0,1247,1,0.6,Medium,1.3509700331748788,0.8784500441698504,High,Silver
594,67,Male,Coat,Outerwear,35,Alaska,S,Green,Winter,4.4,Yes,Store Pickup,Yes,9,PayPal,Quarterly,4,2.25,350,1,0.6,High,-0.9332214312605329,0.501168874735572,Low,Bronze
595,35,Male,Hoodie,Clothing,83,Oklahoma,S,Brown,Winter,2.5,Yes,Next Day Air,Yes,6,Debit Card,Monthly,12,0.5,581,1,0.6,Low,-0.6649579745520053,-2.6263444649118535,Low,Bronze
596,30,Male,Shoes,Footwear,77,Delaware,M,Silver,Summer,3.6,Yes,Next Day Air,Yes,47,PayPal,Quarterly,4,10.0,3696,1,0.6,Medium,1.6970596489984262,1.4389965246633434,High,Platinum
597,23,Male,Shoes,Footwear,37,Montana,XL,White,Summer,4.5,Yes,Store Pickup,Yes,36,Venmo,Annually,1,10.0,1369,1,0.6,High,0.7571935343606262,2.700226105773703,Medium,Gold
598,70,Male,Jewelry,Accessories,69,Alaska,L,Gold,Summer,3.4,Yes,Standard,Yes,19,Bank Transfer,Fortnightly,26,0.7307692307692307,1380,1,0.6,Medium,1.0677301724438653,-1.3038070740472083,High,Gold
599,21,Male,Dress,Clothing,66,California,L,Green,Winter,3.2,Yes,2-Day Shipping,Yes,30,Cash,Quarterly,4,7.5,2046,1,0.6,Medium,0.5203549551983655,0.21428210516508972,Medium,Gold
600,51,Male,Boots,Footwear,26,Massachusetts,L,Teal,Spring,4.2,Yes,Standard,Yes,27,Debit Card,Quarterly,4,6.75,728,1,0.6,High,0.3127011857042371,1.4163979246973943,Medium,Silver
601,22,Male,Hat,Accessories,63,South Carolina,M,Charcoal,Spring,5.0,Yes,2-Day Shipping,Yes,25,Venmo,Monthly,12,2.0833333333333335,1638,1,0.6,High,0.6501825655774742,1.297710732875494,Medium,Gold
602,32,Male,Backpack,Accessories,38,West Virginia,M,Maroon,Summer,4.7,Yes,Store Pickup,Yes,5,Cash,Fortnightly,26,0.19230769230769232,228,1,0.6,High,0.09867924813793294,0.3749174314633117,Medium,Bronze
603,37,Male,Shoes,Footwear,58,Oregon,L,Lavender,Summer,4.2,Yes,Next Day Air,Yes,10,Cash,Quarterly,4,2.5,638,1,0.6,High,-0.8640035080958235,0.2873124283893013,Low,Bronze
604,31,Male,Handbag,Accessories,46,Massachusetts,L,Green,Winter,3.4,Yes,2-Day Shipping,Yes,26,PayPal,Quarterly,4,6.5,1242,1,0.6,Medium,0.24348326253952768,0.2288881698099316,Medium,Silver
605,44,Male,Sunglasses,Accessories,92,West Virginia,S,Pink,Fall,4.4,Yes,Store Pickup,Yes,11,Credit Card,Quarterly,4,2.75,1104,1,0.6,High,-0.7947855849311141,0.6340024625365241,Low,Silver
606,40,Male,Hat,Accessories,32,California,XL,Charcoal,Winter,4.2,Yes,Standard,Yes,17,Bank Transfer,Weekly,52,0.3269230769230769,576,1,0.6,High,2.4760253112730783,-0.2900027801302214,High,Bronze
607,27,Male,Scarf,Accessories,90,Colorado,M,Blue,Spring,4.5,Yes,Standard,Yes,44,PayPal,Monthly,12,3.6666666666666665,4050,1,0.6,High,1.9653231057069536,1.0176673269616425,High,Platinum
608,47,Male,Hoodie,Clothing,23,Indiana,L,Purple,Fall,2.8,Yes,Next Day Air,Yes,44,Cash,Monthly,12,3.6666666666666665,1035,1,0.6,Low,1.9653231057069536,-1.3646552151357036,High,Silver
609,41,Male,Backpack,Accessories,25,Delaware,S,Gold,Fall,3.3,Yes,Next Day Air,Yes,21,Venmo,Quarterly,4,5.25,550,1,0.6,Medium,-0.10260635328401957,-0.2433324198158221,Medium,Bronze
610,51,Male,Sweater,Clothing,54,Ohio,L,Purple,Fall,4.6,Yes,Next Day Air,Yes,49,Credit Card,Fortnightly,26,1.8846153846153846,2700,1,0.6,High,3.1442678673851487,0.6843714162046987,High,Platinum
611,53,Male,Shorts,Clothing,72,Oklahoma,M,Charcoal,Summer,2.5,Yes,Free Shipping,Yes,27,Bank Transfer,Quarterly,4,6.75,2016,1,0.6,Low,0.3127011857042371,-0.9659246173999518,Medium,Gold
612,43,Male,Scarf,Accessories,33,California,M,Black,Winter,4.7,Yes,Store Pickup,Yes,19,Cash,Monthly,12,1.5833333333333333,660,1,0.6,High,0.23487502658921744,0.744467284704422,Medium,Bronze
613,67,Male,Hat,Accessories,43,New Hampshire,L,Lavender,Fall,4.6,Yes,Express,Yes,33,Credit Card,Quarterly,4,8.25,1462,1,0.6,High,0.7280087246924938,2.375445168593743,Medium,Gold
614,61,Male,Coat,Outerwear,51,Pennsylvania,L,Lavender,Fall,2.6,Yes,Standard,Yes,46,Cash,Bi-Weekly,26,1.7692307692307692,2397,1,0.6,Low,2.9366140978910202,-2.149014891139909,High,Platinum
615,68,Male,Jewelry,Accessories,85,Idaho,M,Lavender,Winter,4.0,Yes,Standard,Yes,21,Credit Card,Bi-Weekly,26,0.8076923076923077,1870,1,0.6,Medium,1.2061660187732843,-0.4425514167222067,High,Gold
616,67,Male,Sandals,Footwear,100,Maryland,L,Olive,Summer,2.6,Yes,Next Day Air,Yes,23,Venmo,Annually,1,10.0,2400,1,0.6,Low,-0.14263946678059658,0.03763032342961048,Medium,Platinum
617,29,Male,Gloves,Accessories,72,Pennsylvania,L,Teal,Spring,4.6,Yes,Free Shipping,Yes,38,Credit Card,Quarterly,4,9.5,2808,1,0.6,High,1.074098340516041,2.7075291380961235,High,Platinum
618,50,Male,Backpack,Accessories,57,Colorado,M,Maroon,Fall,2.6,Yes,Standard,Yes,2,Bank Transfer,Quarterly,4,0.5,171,1,0.6,Low,-1.417746893413499,-2.48620784478848,Low,Bronze
619,61,Male,Jacket,Outerwear,94,Indiana,L,Cyan,Spring,4.0,Yes,Express,Yes,21,Debit Card,Bi-Weekly,26,0.8076923076923077,2068,1,0.6,Medium,1.2061660187732843,-0.4425514167222067,High,Gold
620,19,Male,Backpack,Accessories,34,Nebraska,M,Charcoal,Summer,4.6,Yes,Store Pickup,Yes,1,Debit Card,Quarterly,4,0.25,68,1,0.6,High,-1.4869648165782086,0.2501077637785091,Low,Bronze
621,33,Male,Backpack,Accessories,89,Rhode Island,M,Black,Fall,3.7,Yes,2-Day Shipping,Yes,10,Venmo,Quarterly,4,2.5,979,1,0.6,Medium,-0.8640035080958235,-0.41337067222756513,Low,Silver
622,51,Male,Sunglasses,Accessories,27,Kansas,S,Red,Fall,4.4,Yes,Store Pickup,Yes,45,Credit Card,Weekly,52,0.8653846153846154,1242,1,0.6,High,4.414127159884943,0.1333220162098585,High,Silver
623,69,Male,Socks,Clothing,63,Georgia,S,Peach,Spring,4.0,Yes,Next Day Air,Yes,44,Bank Transfer,Fortnightly,26,1.6923076923076923,2835,1,0.6,Medium,2.7981782515616014,-0.20753814599744508,High,Platinum
624,19,Male,Shoes,Footwear,70,Nevada,M,White,Fall,4.7,Yes,Standard,Yes,48,PayPal,Bi-Weekly,26,1.8461538461538463,3430,1,0.6,High,3.0750499442204395,0.8142900680356918,High,Platinum
625,55,Male,Pants,Clothing,87,South Carolina,XL,Pink,Fall,3.4,Yes,Express,Yes,21,PayPal,Annually,1,10.0,1914,1,0.6,Medium,-0.28107531311001566,1.1587232844165967,Medium,Gold
626,49,Male,Jewelry,Accessories,79,Delaware,M,Red,Fall,4.0,Yes,Next Day Air,Yes,1,Venmo,Weekly,52,0.019230769230769232,158,1,0.6,Medium,1.368538540637727,-0.6520197667160159,High,Bronze
627,31,Male,Sunglasses,Accessories,79,New Hampshire,M,Indigo,Spring,3.9,Yes,Standard,Yes,10,Venmo,Annually,1,10.0,869,1,0.6,Medium,-1.0424724679218196,1.859406385033463,Low,Silver
628,42,Male,Sandals,Footwear,44,Oregon,L,Black,Winter,4.1,Yes,Express,Yes,24,PayPal,Monthly,12,2.0,1100,1,0.6,High,0.5809646424127647,0.014342220464975075,Medium,Silver
629,69,Male,Sweater,Clothing,85,Massachusetts,M,White,Fall,3.8,Yes,2-Day Shipping,Yes,29,Credit Card,Monthly,12,2.4166666666666665,2550,1,0.6,Medium,0.9270542582363119,-0.29537298340435114,High,Platinum
630,26,Male,Shoes,Footwear,90,Vermont,L,Beige,Spring,4.7,Yes,Standard,Yes,11,Debit Card,Annually,1,10.0,1080,1,0.6,High,-0.9732545447571099,2.9804993460204496,Low,Silver
631,41,Male,Jewelry,Accessories,94,Mississippi,S,Silver,Fall,4.3,Yes,2-Day Shipping,Yes,33,Debit Card,Annually,1,10.0,3196,1,0.6,High,0.5495397648664978,2.419952865526956,Medium,Platinum
632,55,Male,Boots,Footwear,68,Washington,S,Violet,Summer,4.1,Yes,Store Pickup,Yes,27,Cash,Fortnightly,26,1.0384615384615385,1904,1,0.6,High,1.621473557761541,-0.2411069868445483,High,Gold
633,35,Male,Backpack,Accessories,51,Wyoming,M,Red,Winter,3.9,Yes,Next Day Air,Yes,19,Venmo,Fortnightly,26,0.7307692307692307,1020,1,0.6,Medium,1.0677301724438653,-0.6031239734303419,High,Silver
634,66,Male,Sandals,Footwear,33,Minnesota,M,Orange,Spring,2.9,Yes,Express,Yes,50,Debit Card,Quarterly,4,10.0,1683,1,0.6,Low,1.9047134184925545,0.4580401837997301,High,Gold
635,36,Male,Sneakers,Footwear,60,Ohio,M,Teal,Summer,3.9,Yes,Standard,Yes,46,PayPal,Weekly,52,0.8846153846153846,2820,1,0.6,Medium,4.483345083049652,-0.5622521002608182,High,Platinum
636,27,Male,Hoodie,Clothing,59,South Carolina,M,Brown,Fall,4.3,Yes,2-Day Shipping,Yes,28,Cash,Quarterly,4,7.0,1711,1,0.6,High,0.38191910886894664,1.622951338721243,Medium,Gold
637,41,Male,Handbag,Accessories,30,Wisconsin,M,Indigo,Summer,2.8,Yes,Store Pickup,Yes,14,Bank Transfer,Quarterly,4,3.5,450,1,0.6,Low,-0.5871318154369858,-1.408933077736021,Low,Bronze
638,21,Male,Sweater,Clothing,20,Tennessee,M,Cyan,Winter,3.4,Yes,2-Day Shipping,Yes,46,Cash,Fortnightly,26,1.7692307692307692,940,1,0.6,Medium,2.9366140978910202,-1.0279219301529232,High,Silver
639,53,Male,Sandals,Footwear,20,Maryland,S,Blue,Summer,2.7,Yes,Express,Yes,41,PayPal,Monthly,12,3.4166666666666665,840,1,0.6,Low,1.7576693362128253,-1.5712086291595524,High,Silver
640,54,Male,Dress,Clothing,24,Mississippi,L,Olive,Spring,4.0,Yes,2-Day Shipping,Yes,50,Credit Card,Annually,1,10.0,1224,1,0.6,Medium,1.7262444586665584,1.9995430051568364,High,Silver
641,53,Male,Skirt,Clothing,88,Minnesota,M,Gray,Summer,4.4,Yes,Store Pickup,Yes,28,Debit Card,Fortnightly,26,1.0769230769230769,2552,1,0.6,High,1.6906914809262503,0.1895208418179536,High,Platinum
642,47,Male,Blouse,Clothing,78,Alaska,M,Red,Winter,3.9,Yes,2-Day Shipping,Yes,23,Credit Card,Quarterly,4,5.75,1872,1,0.6,Medium,0.035829493045399285,0.7303208887253698,Medium,Gold
643,64,Male,Skirt,Clothing,25,Arkansas,L,Red,Spring,2.8,Yes,2-Day Shipping,Yes,14,Debit Card,Bi-Weekly,26,0.5384615384615384,375,1,0.6,Low,0.7216405566203181,-2.1957166362493528,Medium,Bronze
644,18,Male,Sweater,Clothing,57,Oregon,XL,Green,Winter,3.2,Yes,Next Day Air,Yes,10,Bank Transfer,Quarterly,4,2.5,627,1,0.6,Medium,-0.8640035080958235,-1.1140537728444315,Low,Bronze
645,68,Male,Backpack,Accessories,93,Louisiana,S,Blue,Summer,4.3,Yes,Next Day Air,Yes,37,Cash,Weekly,52,0.7115384615384616,3534,1,0.6,High,3.8603837745672673,-0.04768647708303919,High,Platinum
646,62,Male,Hoodie,Clothing,42,Oklahoma,S,Purple,Summer,4.2,Yes,Express,Yes,15,Venmo,Bi-Weekly,26,0.5769230769230769,672,1,0.6,High,0.7908584797850275,-0.22358598622974546,Medium,Silver
647,51,Male,Boots,Footwear,54,Indiana,XL,Pink,Spring,4.9,Yes,Standard,Yes,19,Venmo,Bi-Weekly,26,0.7307692307692307,1080,1,0.6,High,1.0677301724438653,0.7982422278033917,High,Silver
648,54,Male,Blouse,Clothing,70,Mississippi,XL,Charcoal,Summer,3.7,Yes,Express,Yes,23,Credit Card,Fortnightly,26,0.8846153846153846,1680,1,0.6,Medium,1.3446018651027032,-0.8425253405075643,High,Gold
649,22,Male,Hoodie,Clothing,31,Michigan,M,Brown,Winter,4.1,Yes,Store Pickup,Yes,35,Credit Card,Weekly,52,0.6730769230769231,1116,1,0.6,High,3.7219479282378485,-0.33817768562216705,High,Silver
650,53,Male,Pants,Clothing,93,Delaware,L,Orange,Spring,4.2,Yes,Store Pickup,Yes,33,PayPal,Quarterly,4,8.25,3162,1,0.6,High,0.7280087246924938,1.8148986881002507,Medium,Platinum
651,34,Male,Gloves,Accessories,40,Florida,M,Magenta,Spring,3.9,Yes,Next Day Air,Yes,12,Bank Transfer,Annually,1,10.0,520,1,0.6,Medium,-0.9040366215924007,1.859406385033463,Low,Bronze
652,32,Male,Hat,Accessories,32,Arkansas,L,Yellow,Summer,2.9,Yes,Next Day Air,Yes,41,Venmo,Fortnightly,26,1.5769230769230769,1344,1,0.6,Low,2.5905244820674733,-1.7796948722316943,High,Gold
653,64,Male,Sunglasses,Accessories,27,Minnesota,M,Beige,Winter,3.1,Yes,Free Shipping,Yes,27,Venmo,Weekly,52,0.5192307692307693,756,1,0.6,Medium,3.1682045429201726,-1.7804157600254231,High,Silver
654,20,Male,Scarf,Accessories,68,North Dakota,M,Olive,Winter,3.6,Yes,2-Day Shipping,Yes,45,Cash,Fortnightly,26,1.7307692307692308,3128,1,0.6,Medium,2.867396174726311,-0.7578666581985573,High,Platinum
655,24,Male,Handbag,Accessories,59,California,L,Gray,Summer,4.4,Yes,2-Day Shipping,Yes,23,Venmo,Annually,1,10.0,1416,1,0.6,High,-0.14263946678059658,2.5600894856503302,Medium,Gold
656,20,Male,Handbag,Accessories,36,Mississippi,S,Purple,Fall,3.1,Yes,Free Shipping,Yes,19,Venmo,Monthly,12,1.5833333333333333,720,1,0.6,Medium,0.23487502658921744,-1.4977186372695508,Medium,Silver
657,42,Male,Jeans,Clothing,23,Pennsylvania,M,Beige,Summer,3.9,Yes,Standard,Yes,6,PayPal,Quarterly,4,1.5,161,1,0.6,Medium,-1.1408752007546612,-0.39876460758272325,Low,Bronze
658,48,Male,Jacket,Outerwear,80,Arizona,M,White,Winter,4.3,Yes,Free Shipping,Yes,6,PayPal,Quarterly,4,1.5,560,1,0.6,High,-1.1408752007546612,0.16178187291076984,Low,Bronze
659,62,Male,Backpack,Accessories,37,Louisiana,S,White,Fall,4.9,Yes,Store Pickup,Yes,20,Venmo,Weekly,52,0.38461538461538464,777,1,0.6,High,2.683679080767207,0.7062805131719633,High,Silver
660,62,Male,Shorts,Clothing,52,Virginia,S,Gold,Spring,3.6,Yes,2-Day Shipping,Yes,8,Cash,Weekly,52,0.15384615384615385,468,1,0.6,Medium,1.8530640027906933,-1.1768033581861754,High,Bronze
661,50,Male,Coat,Outerwear,79,Montana,M,Olive,Fall,5.0,Yes,2-Day Shipping,Yes,39,Credit Card,Quarterly,4,9.75,3160,1,0.6,High,1.1433162636807506,3.334492412490093,High,Platinum
662,57,Male,Shirt,Clothing,68,Iowa,XL,Green,Fall,4.1,Yes,Store Pickup,Yes,39,Credit Card,Quarterly,4,9.75,2720,1,0.6,High,1.1433162636807506,2.073262831379733,High,Platinum
663,24,Male,Gloves,Accessories,98,Illinois,L,Magenta,Fall,2.8,Yes,Express,Yes,39,Venmo,Bi-Weekly,26,1.5,3920,1,0.6,Low,2.4520886357380545,-1.9402674289398294,High,Platinum
664,59,Male,Dress,Clothing,83,Alaska,M,Charcoal,Fall,4.7,Yes,Express,Yes,23,Credit Card,Monthly,12,1.9166666666666667,1992,1,0.6,High,0.5117467192480553,0.8330230099050568,Medium,Gold
665,63,Male,Pants,Clothing,83,Colorado,M,Indigo,Winter,4.4,Yes,Express,Yes,41,PayPal,Bi-Weekly,26,1.5769230769230769,3486,1,0.6,High,2.5905244820674733,0.3223544296189057,High,Platinum
666,41,Male,Pants,Clothing,55,New Mexico,M,Peach,Spring,4.9,Yes,2-Day Shipping,Yes,50,Credit Card,Annually,1,10.0,2805,1,0.6,High,1.7262444586665584,3.260772586267197,High,Platinum
667,35,Male,Hoodie,Clothing,26,Colorado,L,Turquoise,Winter,3.1,Yes,Free Shipping,Yes,30,Debit Card,Quarterly,4,7.5,806,1,0.6,Medium,0.5203549551983655,0.07414548504171625,Medium,Silver
668,34,Male,Sunglasses,Accessories,76,Arizona,S,Blue,Winter,2.6,Yes,Standard,Yes,32,Bank Transfer,Quarterly,4,8.0,2508,1,0.6,Low,0.6587908015277844,-0.4937040277741982,Medium,Platinum
669,49,Male,T-shirt,Clothing,85,Hawaii,S,Turquoise,Fall,2.9,Yes,Express,Yes,35,Bank Transfer,Monthly,12,2.9166666666666665,3060,1,0.6,Low,1.3423617972245687,-1.4237689767137585,High,Platinum
670,43,Male,Jacket,Outerwear,89,Illinois,M,Gray,Spring,3.3,Yes,Free Shipping,Yes,45,Venmo,Bi-Weekly,26,1.7307692307692308,4094,1,0.6,Medium,2.867396174726311,-1.1782765185686774,High,Platinum
671,63,Male,Sweater,Clothing,41,Louisiana,XL,Purple,Spring,4.8,Yes,Next Day Air,Yes,37,Cash,Bi-Weekly,26,1.4230769230769231,1558,1,0.6,High,2.3136527894086356,0.8420290369428745,High,Gold
672,38,Male,Jacket,Outerwear,30,Iowa,L,Black,Winter,4.7,Yes,Express,Yes,45,Cash,Weekly,52,0.8653846153846154,1380,1,0.6,High,4.414127159884943,0.553731876579978,High,Gold
673,59,Male,Socks,Clothing,53,Washington,M,Peach,Winter,3.3,Yes,2-Day Shipping,Yes,29,Cash,Quarterly,4,7.25,1590,1,0.6,Medium,0.45113703203365607,0.28800193138798647,Medium,Gold
674,35,Male,Shirt,Clothing,66,Oklahoma,M,Indigo,Spring,4.2,Yes,Free Shipping,Yes,27,Venmo,Bi-Weekly,26,1.0384615384615385,1848,1,0.6,High,1.621473557761541,-0.10097036672117421,High,Gold
675,48,Male,Jewelry,Accessories,33,Washington,XL,Beige,Winter,4.7,Yes,Store Pickup,Yes,36,Bank Transfer,Annually,1,10.0,1221,1,0.6,High,0.7571935343606262,2.9804993460204496,Medium,Silver
676,64,Male,Sunglasses,Accessories,86,Arkansas,M,Yellow,Spring,2.6,Yes,2-Day Shipping,Yes,9,Cash,Annually,1,9.0,860,1,0.6,Low,-1.1116903910865288,-0.22803685217229397,Low,Silver
677,28,Male,Pants,Clothing,60,Connecticut,M,Peach,Winter,2.9,Yes,2-Day Shipping,Yes,38,Venmo,Bi-Weekly,26,1.4615384615384615,2340,1,0.6,Low,2.382870712573345,-1.8103487771088371,High,Platinum
678,60,Male,Socks,Clothing,62,Washington,S,Turquoise,Summer,2.7,Yes,Express,Yes,41,PayPal,Annually,1,10.0,2604,1,0.6,Low,1.1032831501841733,0.17776694355298406,High,Platinum
679,27,Male,Blouse,Clothing,74,Maine,M,Teal,Fall,3.3,Yes,Store Pickup,Yes,25,Debit Card,Quarterly,4,6.25,1924,1,0.6,Medium,0.17426533937481825,0.022334755786082128,Medium,Gold
680,56,Male,Sandals,Footwear,95,Michigan,M,Turquoise,Fall,3.4,Yes,Express,Yes,37,Venmo,Fortnightly,26,1.4230769230769231,3610,1,0.6,Medium,2.3136527894086356,-1.1198836447843514,High,Platinum
681,58,Male,Sneakers,Footwear,25,Tennessee,M,Magenta,Spring,4.2,Yes,Express,Yes,3,PayPal,Annually,1,3.0,100,1,0.6,High,-1.5269979300747858,0.42014601619025344,Low,Bronze
682,30,Male,Shirt,Clothing,59,Louisiana,XL,Purple,Winter,3.8,Yes,2-Day Shipping,Yes,24,Credit Card,Quarterly,4,6.0,1475,1,0.6,Medium,0.10504741621010882,0.6566010625024725,Medium,Gold
683,23,Male,Jacket,Outerwear,29,Missouri,M,Brown,Summer,4.0,Yes,Standard,Yes,49,Credit Card,Bi-Weekly,26,1.8846153846153846,1450,1,0.6,Medium,3.1442678673851487,-0.15644830453554054,High,Gold
684,33,Male,Sandals,Footwear,36,Michigan,S,Violet,Winter,2.7,Yes,Free Shipping,Yes,3,Bank Transfer,Monthly,12,0.25,144,1,0.6,Low,-0.8726117440461338,-2.4124880185655826,Low,Bronze
685,63,Male,Hat,Accessories,82,Alabama,M,Yellow,Summer,4.7,Yes,Express,Yes,42,Debit Card,Monthly,12,3.5,3526,1,0.6,High,1.8268872593775347,1.253662704608072,High,Platinum
686,70,Male,Blouse,Clothing,71,Massachusetts,XL,Magenta,Winter,3.5,Yes,Standard,Yes,32,Cash,Fortnightly,26,1.2307692307692308,2343,1,0.6,Medium,1.9675631735850883,-1.0308368661228826,High,Platinum
687,70,Male,Sweater,Clothing,35,Indiana,L,Beige,Fall,3.0,Yes,2-Day Shipping,Yes,33,Venmo,Fortnightly,26,1.2692307692307692,1190,1,0.6,Low,2.0367810967497975,-1.7213019984473683,High,Silver
688,19,Male,Gloves,Accessories,38,West Virginia,XL,Turquoise,Winter,3.3,Yes,Free Shipping,Yes,46,Bank Transfer,Quarterly,4,10.0,1786,1,0.6,Medium,1.6278417258337166,1.018586664293223,High,Gold
689,25,Male,Scarf,Accessories,59,Michigan,S,Peach,Summer,4.7,Yes,Store Pickup,Yes,44,Venmo,Monthly,12,3.6666666666666665,2655,1,0.6,High,1.9653231057069536,1.2979405672083892,High,Platinum
690,19,Male,Hoodie,Clothing,91,Pennsylvania,M,Orange,Summer,4.7,Yes,Express,Yes,35,Credit Card,Quarterly,4,8.75,3276,1,0.6,High,0.8664445710219127,2.648415376518069,High,Platinum
691,25,Male,Shorts,Clothing,68,Alaska,XL,Red,Spring,4.8,Yes,Standard,Yes,45,Bank Transfer,Weekly,52,0.8653846153846154,3128,1,0.6,High,4.414127159884943,0.6938684967033509,High,Platinum
692,60,Male,Backpack,Accessories,21,Massachusetts,L,Silver,Summer,2.9,Yes,Standard,Yes,37,PayPal,Bi-Weekly,26,1.4230769230769231,798,1,0.6,Low,2.3136527894086356,-1.820566745401218,High,Silver
693,35,Male,Sunglasses,Accessories,95,North Dakota,M,Cyan,Spring,4.0,Yes,2-Day Shipping,Yes,40,Debit Card,Quarterly,4,10.0,3895,1,0.6,Medium,1.21253418684546,1.9995430051568364,High,Platinum
694,46,Male,Shorts,Clothing,52,Vermont,L,Turquoise,Spring,3.1,Yes,Free Shipping,Yes,30,Cash,Quarterly,4,7.5,1612,1,0.6,Medium,0.5203549551983655,0.07414548504171625,Medium,Gold
695,41,Male,Dress,Clothing,21,Kentucky,S,Charcoal,Fall,3.5,Yes,2-Day Shipping,Yes,38,Venmo,Quarterly,4,9.5,819,1,0.6,Medium,1.074098340516041,1.166026316739018,High,Silver
696,30,Male,Shorts,Clothing,67,Nevada,XL,Peach,Summer,3.7,Yes,Next Day Air,Yes,15,Debit Card,Quarterly,4,3.75,1072,1,0.6,Medium,-0.5179138922722761,-0.08128670272518485,Low,Silver
697,44,Male,Belt,Accessories,42,Utah,L,Green,Fall,2.8,Yes,Standard,Yes,49,Cash,Monthly,12,4.083333333333333,2100,1,0.6,Low,2.311412721530501,-1.2539605586349103,High,Gold
698,61,Male,Scarf,Accessories,63,North Dakota,XL,Brown,Summer,4.6,Yes,Free Shipping,Yes,40,Debit Card,Quarterly,4,10.0,2583,1,0.6,High,1.21253418684546,2.8403627258970756,High,Platinum
699,55,Male,Boots,Footwear,41,Iowa,M,Yellow,Winter,3.8,Yes,Standard,Yes,40,Debit Card,Weekly,52,0.7692307692307693,1681,1,0.6,Medium,4.068037544061395,-0.7330426252613343,High,Gold
700,50,Male,Handbag,Accessories,46,Connecticut,M,Charcoal,Fall,2.6,Yes,2-Day Shipping,Yes,5,PayPal,Weekly,52,0.09615384615384616,276,1,0.6,Low,1.6454102332965648,-2.59349651185848,High,Bronze
701,57,Male,Pants,Clothing,79,Wisconsin,L,Olive,Winter,4.1,Yes,Standard,Yes,5,PayPal,Monthly,12,0.4166666666666667,474,1,0.6,High,-0.734175897716715,-0.40629747423804,Low,Bronze
702,51,Male,Boots,Footwear,90,Idaho,L,Red,Fall,3.3,Yes,Next Day Air,Yes,5,Debit Card,Quarterly,4,1.25,540,1,0.6,Medium,-1.2100931239193708,-1.3060011222234391,Low,Bronze
703,18,Male,Shirt,Clothing,71,Montana,M,White,Winter,3.4,Yes,Store Pickup,Yes,1,Cash,Weekly,52,0.019230769230769232,142,1,0.6,Medium,1.368538540637727,-1.4928394874562556,High,Bronze
704,63,Male,Dress,Clothing,87,Connecticut,L,Pink,Summer,3.0,Yes,Standard,Yes,21,Venmo,Weekly,52,0.40384615384615385,1914,1,0.6,Low,2.752897003931916,-1.9512062850259393,High,Gold
705,34,Male,Hoodie,Clothing,66,Idaho,S,Black,Spring,3.2,Yes,Express,Yes,18,PayPal,Annually,1,10.0,1254,1,0.6,Medium,-0.48872908260414394,0.8784500441698504,Low,Silver
706,25,Male,Pants,Clothing,90,Arkansas,XL,Indigo,Summer,4.5,Yes,Free Shipping,Yes,49,Cash,Quarterly,4,10.0,4500,1,0.6,High,1.835495495327845,2.700226105773703,High,Platinum
707,46,Male,Jeans,Clothing,47,Iowa,L,Turquoise,Summer,4.8,Yes,Express,Yes,27,Debit Card,Weekly,52,0.5192307692307693,1316,1,0.6,High,3.1682045429201726,0.6019067820719225,High,Silver
708,59,Male,Shirt,Clothing,38,Louisiana,L,Purple,Spring,3.7,Yes,Next Day Air,Yes,21,Venmo,Annually,1,10.0,836,1,0.6,Medium,-0.28107531311001566,1.5791331447867167,Medium,Silver
709,37,Male,Backpack,Accessories,50,Kentucky,L,Beige,Summer,3.4,Yes,Store Pickup,Yes,19,Cash,Fortnightly,26,0.7307692307692307,1000,1,0.6,Medium,1.0677301724438653,-1.3038070740472083,High,Silver
710,49,Male,Jacket,Outerwear,79,Massachusetts,L,Charcoal,Summer,4.6,Yes,Standard,Yes,23,Debit Card,Monthly,12,1.9166666666666667,1896,1,0.6,High,0.5117467192480553,0.6928863897816828,Medium,Gold
711,22,Male,Scarf,Accessories,91,Virginia,L,Turquoise,Spring,4.1,Yes,Standard,Yes,26,PayPal,Fortnightly,26,1.0,2457,1,0.6,High,1.5522556345968315,-0.25132495513692915,High,Platinum
712,64,Male,Boots,Footwear,60,New Hampshire,M,Maroon,Spring,3.5,Yes,2-Day Shipping,Yes,13,Bank Transfer,Bi-Weekly,26,0.5,840,1,0.6,Medium,0.6524226334556086,-1.2249782636781203,Medium,Silver
713,42,Male,Blouse,Clothing,81,New Hampshire,XL,Black,Summer,3.8,Yes,Next Day Air,Yes,36,Bank Transfer,Quarterly,4,9.0,2997,1,0.6,Medium,0.9356624941866222,1.4536025893081852,High,Platinum
714,37,Male,Hoodie,Clothing,90,Oregon,M,Lavender,Summer,2.6,Yes,Express,Yes,39,Bank Transfer,Bi-Weekly,26,1.5,3600,1,0.6,Low,2.4520886357380545,-2.2205406691865757,High,Platinum
715,26,Male,Jacket,Outerwear,70,South Dakota,M,Magenta,Fall,4.4,Yes,Store Pickup,Yes,40,Debit Card,Fortnightly,26,1.5384615384615385,2870,1,0.6,High,2.5213065589027637,0.31213646132652473,High,Platinum
716,33,Male,Jeans,Clothing,63,Delaware,L,Green,Spring,2.6,Yes,Express,Yes,37,Debit Card,Quarterly,4,9.25,2394,1,0.6,Low,1.0048804173513317,-0.1616200582718177,High,Platinum
717,30,Male,Jewelry,Accessories,29,Missouri,M,Olive,Spring,3.6,Yes,Express,Yes,9,Venmo,Bi-Weekly,26,0.34615384615384615,290,1,0.6,Medium,0.37555094079677087,-1.1257135167242707,Medium,Bronze
718,21,Male,Socks,Clothing,90,Alaska,L,Green,Spring,4.2,Yes,Express,Yes,7,Venmo,Quarterly,4,1.75,720,1,0.6,High,-1.071657277589952,0.0880620466878731,Low,Silver
719,22,Male,Shirt,Clothing,22,Florida,M,Peach,Summer,4.6,Yes,Standard,Yes,25,Bank Transfer,Annually,1,10.0,572,1,0.6,High,-0.004203620451177725,2.8403627258970756,Medium,Bronze
720,63,Male,Shorts,Clothing,22,Mississippi,L,Turquoise,Summer,3.3,Yes,Next Day Air,Yes,42,Venmo,Bi-Weekly,26,1.6153846153846154,946,1,0.6,Medium,2.6597424052321825,-1.2089304234458202,High,Silver
721,33,Male,Jewelry,Accessories,62,New Mexico,L,Orange,Fall,3.4,Yes,Free Shipping,Yes,19,Debit Card,Weekly,52,0.36538461538461536,1240,1,0.6,Medium,2.614461157602497,-1.4008777728248272,High,Silver
722,43,Male,Blouse,Clothing,57,California,L,Silver,Summer,4.4,Yes,Next Day Air,Yes,41,Debit Card,Quarterly,4,10.0,2394,1,0.6,High,1.2817521100101694,2.5600894856503302,High,Platinum
723,27,Male,Sweater,Clothing,32,Wyoming,S,Blue,Summer,4.3,Yes,Store Pickup,Yes,50,Cash,Bi-Weekly,26,1.9230769230769231,1632,1,0.6,High,3.2134857905498584,0.2741795241269601,High,Gold
724,35,Male,Jewelry,Accessories,53,Missouri,L,Cyan,Fall,3.5,Yes,Express,Yes,43,PayPal,Monthly,12,3.5833333333333335,2332,1,0.6,Medium,1.8961051825422441,-0.405837805572249,High,Platinum
725,37,Male,T-shirt,Clothing,79,New Hampshire,XL,Green,Fall,4.7,Yes,Store Pickup,Yes,36,Venmo,Quarterly,4,9.0,2923,1,0.6,High,0.9356624941866222,2.7148321704185454,High,Platinum
726,61,Male,Hat,Accessories,61,Texas,L,Silver,Winter,3.1,Yes,Standard,Yes,33,Debit Card,Fortnightly,26,1.2692307692307692,2074,1,0.6,Medium,2.0367810967497975,-1.581165378323995,High,Gold
727,32,Male,Shorts,Clothing,78,North Dakota,L,Yellow,Summer,3.6,Yes,Next Day Air,Yes,20,Bank Transfer,Quarterly,4,5.0,1638,1,0.6,Medium,-0.171824276448729,0.11066064665382205,Medium,Gold
728,62,Male,Sweater,Clothing,97,Arkansas,S,Gray,Winter,4.8,Yes,Next Day Air,Yes,37,Venmo,Quarterly,4,9.25,3686,1,0.6,High,1.0048804173513317,2.9213855844423944,High,Platinum
729,29,Male,Jeans,Clothing,78,Nebraska,M,Pink,Winter,3.7,Yes,Next Day Air,Yes,12,PayPal,Quarterly,4,3.0,1014,1,0.6,Medium,-0.7255676617664046,-0.280537084426613,Low,Silver
730,41,Male,Sunglasses,Accessories,56,Minnesota,L,Beige,Summer,3.2,Yes,Express,Yes,46,PayPal,Quarterly,4,10.0,2632,1,0.6,Medium,1.6278417258337166,0.8784500441698504,High,Platinum
731,48,Male,Boots,Footwear,25,Massachusetts,M,Indigo,Summer,3.9,Yes,Standard,Yes,28,Venmo,Fortnightly,26,1.0769230769230769,725,1,0.6,Medium,1.6906914809262503,-0.5111622587989135,High,Silver
732,43,Male,Coat,Outerwear,28,Arkansas,M,Red,Spring,3.5,Yes,Free Shipping,Yes,30,PayPal,Fortnightly,26,1.1538461538461537,868,1,0.6,Medium,1.8291273272556694,-1.0512728027076448,High,Silver
733,34,Male,Shirt,Clothing,57,New Hampshire,L,Blue,Spring,2.8,Yes,Express,Yes,28,Cash,Bi-Weekly,26,1.0769230769230769,1653,1,0.6,Low,1.6906914809262503,-2.05266508015602,High,Gold
734,45,Male,Dress,Clothing,36,Rhode Island,L,Cyan,Fall,2.7,Yes,2-Day Shipping,Yes,20,Debit Card,Bi-Weekly,26,0.7692307692307693,756,1,0.6,Low,1.1369480956085747,-2.27454544661844,High,Silver
735,65,Male,Shirt,Clothing,69,New Jersey,S,Violet,Winter,3.1,Yes,Express,Yes,39,Bank Transfer,Quarterly,4,9.75,2760,1,0.6,Medium,1.1433162636807506,0.6718966301460009,High,Platinum
736,61,Male,Sunglasses,Accessories,48,Montana,M,Orange,Fall,3.6,Yes,2-Day Shipping,Yes,48,Cash,Bi-Weekly,26,1.8461538461538463,2352,1,0.6,Medium,3.0750499442204395,-0.7272127533214144,High,Platinum
737,18,Male,Dress,Clothing,58,Colorado,L,Maroon,Spring,2.9,Yes,2-Day Shipping,Yes,32,Credit Card,Quarterly,4,8.0,1914,1,0.6,Low,0.6587908015277844,-0.07329416740407857,Medium,Gold
738,47,Male,Sunglasses,Accessories,24,Nebraska,M,Teal,Spring,3.6,Yes,Store Pickup,Yes,28,PayPal,Annually,1,10.0,696,1,0.6,Medium,0.20345014904295056,1.4389965246633434,Medium,Silver
739,56,Male,Sunglasses,Accessories,31,Minnesota,L,Orange,Winter,3.5,Yes,2-Day Shipping,Yes,27,Venmo,Quarterly,4,6.75,868,1,0.6,Medium,0.3127011857042371,0.43544158383378107,Medium,Silver
740,64,Male,Shorts,Clothing,29,Minnesota,S,Purple,Summer,3.5,Yes,Free Shipping,Yes,26,Venmo,Bi-Weekly,26,1.0,783,1,0.6,Medium,1.5522556345968315,-1.0921446758771682,High,Silver
741,26,Male,Jeans,Clothing,69,South Dakota,M,Orange,Summer,2.8,Yes,Next Day Air,Yes,22,Credit Card,Fortnightly,26,0.8461538461538461,1587,1,0.6,Low,1.2753839419379935,-2.1139728899103054,High,Gold
742,22,Male,T-shirt,Clothing,79,West Virginia,XL,Yellow,Summer,4.7,Yes,Free Shipping,Yes,23,Bank Transfer,Quarterly,4,5.75,1896,1,0.6,High,0.035829493045399285,1.8514138497123565,Medium,Gold
743,64,Male,Pants,Clothing,39,Nevada,M,Charcoal,Summer,3.1,Yes,Express,Yes,21,Debit Card,Quarterly,4,5.25,858,1,0.6,Medium,-0.10260635328401957,-0.5236056600625684,Medium,Silver
744,21,Male,Sunglasses,Accessories,84,North Carolina,L,Gray,Fall,4.9,Yes,Free Shipping,Yes,36,Cash,Weekly,52,0.6923076923076923,3108,1,0.6,High,3.7911658514025577,0.7880242595110107,High,Platinum
745,67,Male,Boots,Footwear,66,Illinois,S,Charcoal,Spring,4.1,Yes,Next Day Air,Yes,42,Debit Card,Bi-Weekly,26,1.6153846153846154,2838,1,0.6,High,2.6597424052321825,-0.08783746245883423,High,Platinum
746,46,Male,T-shirt,Clothing,92,Michigan,L,Orange,Fall,4.7,Yes,Standard,Yes,4,Venmo,Monthly,12,0.3333333333333333,460,1,0.6,High,-0.8033938208814244,0.41238331520204174,Low,Bronze
747,40,Male,Sandals,Footwear,45,Michigan,M,Red,Winter,2.5,Yes,Free Shipping,Yes,47,Credit Card,Annually,1,10.0,2160,1,0.6,Low,1.5185906891724303,-0.10250629669376288,High,Gold
748,51,Male,Shorts,Clothing,74,Oklahoma,L,Gold,Spring,4.4,Yes,Next Day Air,Yes,13,Bank Transfer,Weekly,52,0.25,1036,1,0.6,High,2.1991536186142406,-0.03016547646823642,High,Silver
749,35,Male,Hat,Accessories,39,South Dakota,L,Brown,Fall,3.9,Yes,Free Shipping,Yes,8,Bank Transfer,Quarterly,4,2.0,351,1,0.6,Medium,-1.0024393544252423,-0.26593101978177114,Low,Bronze
750,56,Male,Scarf,Accessories,71,Oklahoma,M,Olive,Winter,3.7,Yes,Standard,Yes,11,Debit Card,Quarterly,4,2.75,852,1,0.6,Medium,-0.7947855849311141,-0.34695387832708907,Low,Silver
751,25,Male,T-shirt,Clothing,95,Maryland,L,Violet,Fall,3.4,Yes,Free Shipping,Yes,5,Venmo,Annually,1,5.0,570,1,0.6,Medium,-1.388562083745367,-0.16961259359292474,Low,Bronze
752,65,Male,Gloves,Accessories,72,Ohio,L,Indigo,Fall,4.8,Yes,Free Shipping,Yes,1,Credit Card,Monthly,12,0.08333333333333333,144,1,0.6,High,-1.0110475903755525,0.4861031414249386,Low,Bronze
753,39,Male,Scarf,Accessories,85,Ohio,L,Yellow,Fall,4.2,Yes,2-Day Shipping,Yes,17,PayPal,Quarterly,4,4.25,1530,1,0.6,High,-0.3794780459428573,0.7522299856926338,Medium,Gold
754,47,Male,Boots,Footwear,54,Massachusetts,M,Teal,Fall,3.4,Yes,Store Pickup,Yes,27,Venmo,Quarterly,4,6.75,1512,1,0.6,Medium,0.3127011857042371,0.29530496371040765,Medium,Gold
755,36,Male,Gloves,Accessories,41,North Carolina,L,Pink,Spring,2.9,Yes,Store Pickup,Yes,3,Debit Card,Quarterly,4,0.75,164,1,0.6,Low,-1.3485289702487897,-1.9993811905178842,Low,Bronze
756,66,Male,Coat,Outerwear,24,Florida,M,Violet,Spring,3.3,Yes,Free Shipping,Yes,22,PayPal,Weekly,52,0.4230769230769231,552,1,0.6,Medium,2.8221149270966253,-1.5256874405096292,High,Bronze
757,62,Male,Belt,Accessories,99,Montana,S,Orange,Summer,4.8,Yes,Standard,Yes,24,Cash,Fortnightly,26,0.9230769230769231,2475,1,0.6,High,1.4138197882674126,0.7091954491419223,High,Platinum
758,41,Male,Hoodie,Clothing,32,Minnesota,M,Red,Fall,3.8,Yes,Store Pickup,Yes,18,Debit Card,Quarterly,4,4.5,608,1,0.6,Medium,-0.3102601227781481,0.2581002990996161,Medium,Bronze
759,66,Male,Shoes,Footwear,71,Massachusetts,L,Peach,Summer,4.6,Yes,2-Day Shipping,Yes,39,Bank Transfer,Quarterly,4,9.75,2840,1,0.6,High,1.1433162636807506,2.7739459319965993,High,Platinum
760,51,Male,Dress,Clothing,49,Rhode Island,XL,Green,Winter,2.6,Yes,Next Day Air,Yes,25,Credit Card,Fortnightly,26,0.9615384615384616,1274,1,0.6,Low,1.483037711432122,-2.3635922252799086,High,Silver
761,33,Male,Gloves,Accessories,50,Minnesota,XL,Violet,Fall,3.4,Yes,Free Shipping,Yes,6,Cash,Annually,1,6.0,350,1,0.6,Medium,-1.3193441605806573,0.09605458200897948,Low,Bronze
762,57,Male,Jewelry,Accessories,91,Nevada,L,Yellow,Fall,4.2,Yes,Express,Yes,26,Bank Transfer,Weekly,52,0.5,2457,1,0.6,High,3.0989866197554634,-0.2440219228145072,High,Platinum
763,45,Male,Belt,Accessories,46,New Mexico,M,Pink,Fall,3.9,Yes,Standard,Yes,43,Debit Card,Fortnightly,26,1.6538461538461537,2024,1,0.6,Medium,2.728960328396892,-0.3578927344131996,High,Gold
764,61,Male,Sweater,Clothing,50,North Carolina,M,Brown,Spring,2.9,Yes,2-Day Shipping,Yes,6,Credit Card,Monthly,12,0.5,350,1,0.6,Low,-0.6649579745520053,-2.0657979844183605,Low,Bronze
765,55,Male,Skirt,Clothing,39,Virginia,XL,Silver,Fall,4.2,Yes,Free Shipping,Yes,6,Debit Card,Quarterly,4,1.5,273,1,0.6,High,-1.1408752007546612,0.02164525278739704,Low,Bronze
766,54,Male,Sneakers,Footwear,99,Alaska,M,Pink,Summer,3.0,Yes,Store Pickup,Yes,13,Cash,Quarterly,4,3.25,1386,1,0.6,Low,-0.6563497386016952,-1.1950766313897503,Low,Gold
767,57,Male,Gloves,Accessories,48,Nevada,M,Cyan,Winter,3.6,Yes,Next Day Air,Yes,13,PayPal,Monthly,12,1.0833333333333333,672,1,0.6,Medium,-0.18043251239903935,-0.9298691244536363,Medium,Silver
768,27,Male,Coat,Outerwear,77,Pennsylvania,M,Brown,Fall,2.5,Yes,Next Day Air,Yes,11,Cash,Annually,1,10.0,924,1,0.6,Low,-0.9732545447571099,-0.10250629669376288,Low,Silver
769,64,Male,Backpack,Accessories,95,Illinois,XL,Red,Spring,2.6,Yes,Express,Yes,45,Venmo,Weekly,52,0.8653846153846154,4370,1,0.6,Low,4.414127159884943,-2.389137146010861,High,Platinum
770,52,Male,Socks,Clothing,100,Delaware,M,Silver,Spring,4.3,Yes,Store Pickup,Yes,8,PayPal,Monthly,12,0.6666666666666666,900,1,0.6,High,-0.5265221282225865,-0.05960744009081709,Low,Silver
771,19,Male,Sneakers,Footwear,54,Vermont,M,Gray,Spring,3.3,Yes,Express,Yes,8,Credit Card,Annually,1,8.0,486,1,0.6,Medium,-1.1809083142512384,0.4872523130894145,Low,Bronze
772,22,Male,Sweater,Clothing,68,Hawaii,L,Cyan,Fall,2.6,Yes,Next Day Air,Yes,34,Bank Transfer,Fortnightly,26,1.3076923076923077,2380,1,0.6,Low,2.105999019914507,-2.2716305106484804,High,Platinum
773,18,Male,Jeans,Clothing,22,Illinois,L,Teal,Fall,3.6,Yes,Free Shipping,Yes,40,Debit Card,Bi-Weekly,26,1.5384615384615385,902,1,0.6,Medium,2.5213065589027637,-0.808956499660462,High,Silver
774,29,Male,Hat,Accessories,84,California,L,Indigo,Winter,2.6,Yes,Express,Yes,14,Debit Card,Bi-Weekly,26,0.5384615384615384,1260,1,0.6,Low,0.7216405566203181,-2.475989876496099,Medium,Silver
775,42,Male,Hat,Accessories,46,Nevada,M,Yellow,Summer,3.5,Yes,Standard,Yes,11,Credit Card,Quarterly,4,2.75,552,1,0.6,Medium,-0.7947855849311141,-0.6272271185738358,Low,Bronze
776,49,Male,Handbag,Accessories,53,Kentucky,S,Gold,Winter,3.0,Yes,Store Pickup,Yes,8,PayPal,Monthly,12,0.6666666666666666,477,1,0.6,Low,-0.5265221282225865,-1.8813835016946698,Low,Bronze
777,49,Male,Shirt,Clothing,60,Alabama,M,Maroon,Spring,5.0,Yes,Standard,Yes,8,Venmo,Quarterly,4,2.0,540,1,0.6,High,-1.0024393544252423,1.2755718015753352,Low,Bronze
778,55,Male,Socks,Clothing,32,Wyoming,XL,Silver,Spring,2.5,Yes,Express,Yes,37,Venmo,Weekly,52,0.7115384615384616,1216,1,0.6,Low,3.8603837745672673,-2.570145639303758,High,Silver
779,29,Male,Socks,Clothing,50,Massachusetts,M,Yellow,Summer,2.9,Yes,Store Pickup,Yes,23,Debit Card,Annually,1,10.0,1200,1,0.6,Low,-0.14263946678059658,0.4580401837997301,Medium,Silver
780,60,Male,Dress,Clothing,94,Utah,M,Blue,Spring,4.6,Yes,Express,Yes,38,Cash,Annually,1,10.0,3666,1,0.6,High,0.895629380690045,2.8403627258970756,High,Platinum
781,34,Male,Shoes,Footwear,26,New York,M,Turquoise,Spring,3.6,Yes,Free Shipping,Yes,38,Cash,Quarterly,4,9.5,1014,1,0.6,Medium,1.074098340516041,1.3061629368623913,High,Silver
782,30,Male,Scarf,Accessories,44,Vermont,L,Indigo,Winter,3.0,Yes,Store Pickup,Yes,12,Credit Card,Fortnightly,26,0.46153846153846156,572,1,0.6,Low,0.5832047102908992,-1.9358793325873678,Medium,Bronze
783,28,Male,Hoodie,Clothing,57,Hawaii,M,Green,Summer,4.5,Yes,Standard,Yes,15,Cash,Weekly,52,0.28846153846153844,912,1,0.6,High,2.3375894649436595,0.12018911194751725,High,Silver
784,63,Male,T-shirt,Clothing,65,Louisiana,L,Purple,Winter,4.5,Yes,Next Day Air,Yes,38,PayPal,Fortnightly,26,1.4615384615384615,2535,1,0.6,High,2.382870712573345,0.4318371448651358,High,Platinum
785,31,Male,Jeans,Clothing,72,Alabama,M,Peach,Winter,3.2,Yes,Store Pickup,Yes,41,Bank Transfer,Quarterly,4,10.0,3024,1,0.6,Medium,1.2817521100101694,0.8784500441698504,High,Platinum
786,46,Male,Shorts,Clothing,62,Louisiana,S,Purple,Spring,4.0,Yes,Next Day Air,Yes,37,PayPal,Fortnightly,26,1.4230769230769231,2356,1,0.6,Medium,2.3136527894086356,-0.2790639240441117,High,Platinum
787,70,Male,Hat,Accessories,21,Indiana,S,Teal,Winter,4.8,Yes,Express,Yes,16,Bank Transfer,Quarterly,4,4.0,357,1,0.6,High,-0.4486959691075669,1.526632912532397,Medium,Bronze
788,53,Male,Handbag,Accessories,85,Michigan,S,Green,Spring,3.7,Yes,Free Shipping,Yes,25,Venmo,Weekly,52,0.4807692307692308,2210,1,0.6,Medium,3.0297686965907538,-0.9498140075775641,High,Gold
789,50,Male,Pants,Clothing,51,Rhode Island,XL,Yellow,Summer,3.8,Yes,Store Pickup,Yes,18,Bank Transfer,Quarterly,4,4.5,969,1,0.6,Medium,-0.3102601227781481,0.2581002990996161,Medium,Silver
790,33,Male,Handbag,Accessories,84,Idaho,S,Purple,Fall,2.7,Yes,Standard,Yes,4,Credit Card,Bi-Weekly,26,0.15384615384615385,420,1,0.6,Low,0.029461324973223513,-2.438032939296535,Medium,Bronze
791,22,Male,Sweater,Clothing,37,Louisiana,M,Indigo,Summer,4.9,Yes,Store Pickup,Yes,12,Bank Transfer,Quarterly,4,3.0,481,1,0.6,High,-0.7255676617664046,1.4011023570538668,Low,Bronze
792,50,Male,Scarf,Accessories,44,North Carolina,S,Magenta,Summer,3.1,Yes,2-Day Shipping,Yes,35,PayPal,Fortnightly,26,1.3461538461538463,1584,1,0.6,Medium,2.1752169430792163,-1.560729441739233,High,Gold
793,34,Male,Sneakers,Footwear,45,New Jersey,M,Violet,Spring,4.2,Yes,Next Day Air,Yes,45,Venmo,Weekly,52,0.8653846153846154,2070,1,0.6,High,4.414127159884943,-0.14695122403688832,High,Gold
794,24,Male,Pants,Clothing,35,Alabama,L,Maroon,Summer,3.8,Yes,Free Shipping,Yes,16,Credit Card,Monthly,12,1.3333333333333333,595,1,0.6,Medium,0.027221257095089157,-0.583179090306414,Medium,Bronze
795,69,Male,Backpack,Accessories,50,Kentucky,XL,Yellow,Winter,4.2,Yes,Store Pickup,Yes,10,Debit Card,Fortnightly,26,0.38461538461538464,550,1,0.6,High,0.4447688639614803,-0.27467582769165,Medium,Bronze
796,39,Male,Sandals,Footwear,26,New York,M,Beige,Summer,4.6,Yes,Store Pickup,Yes,34,Venmo,Annually,1,10.0,910,1,0.6,High,0.6187576880312073,2.8403627258970756,Medium,Silver
797,42,Male,Socks,Clothing,78,Arizona,XL,Black,Fall,4.0,Yes,2-Day Shipping,Yes,43,Credit Card,Annually,1,10.0,3432,1,0.6,Medium,1.2417189965135922,1.9995430051568364,High,Platinum
798,42,Male,Coat,Outerwear,82,Maryland,M,Violet,Fall,4.0,Yes,2-Day Shipping,Yes,38,Debit Card,Weekly,52,0.7307692307692307,3198,1,0.6,Medium,3.9296016977319765,-0.46298735330696844,High,Platinum
799,29,Male,Socks,Clothing,39,Alaska,M,Violet,Spring,3.8,Yes,2-Day Shipping,Yes,48,PayPal,Quarterly,4,10.0,1911,1,0.6,Medium,1.7662775721631356,1.7192697649100896,High,Gold
800,55,Male,Belt,Accessories,55,Nevada,L,Brown,Summer,3.8,Yes,Free Shipping,Yes,31,PayPal,Annually,1,10.0,1760,1,0.6,Medium,0.41110391853707895,1.7192697649100896,Medium,Gold
801,32,Male,Socks,Clothing,20,Utah,S,Gold,Summer,2.6,Yes,Free Shipping,Yes,20,Cash,Quarterly,4,5.0,420,1,0.6,Low,-0.171824276448729,-1.2907055545799109,Medium,Bronze
802,25,Male,Belt,Accessories,29,New Mexico,L,Blue,Fall,4.9,Yes,Express,Yes,12,Credit Card,Fortnightly,26,0.46153846153846156,377,1,0.6,High,0.5832047102908992,0.7267164497567252,Medium,Bronze
803,38,Male,Pants,Clothing,41,Delaware,M,Teal,Winter,3.5,Yes,Next Day Air,Yes,2,Bank Transfer,Weekly,52,0.038461538461538464,123,1,0.6,Medium,1.4377564638024365,-1.3475938831866916,High,Bronze
804,32,Male,Shorts,Clothing,38,Connecticut,L,Silver,Winter,2.8,Yes,Express,Yes,30,Venmo,Quarterly,4,7.5,1178,1,0.6,Low,0.5203549551983655,-0.34626437532840393,Medium,Silver
805,43,Male,Boots,Footwear,47,Mississippi,M,Maroon,Summer,2.6,Yes,Store Pickup,Yes,28,Venmo,Quarterly,4,7.0,1363,1,0.6,Low,0.38191910886894664,-0.7593712033761024,Medium,Gold
806,41,Male,Dress,Clothing,30,Connecticut,L,White,Summer,3.7,Yes,Next Day Air,Yes,40,Debit Card,Monthly,12,3.3333333333333335,1230,1,0.6,Medium,1.6884514130481159,-0.19198135922597825,High,Silver
807,56,Male,Jeans,Clothing,56,Florida,L,Charcoal,Summer,2.7,Yes,Standard,Yes,46,PayPal,Quarterly,4,10.0,2632,1,0.6,Low,1.6278417258337166,0.17776694355298406,High,Platinum
808,27,Male,T-shirt,Clothing,89,New York,S,Brown,Winter,3.3,Yes,Express,Yes,15,Credit Card,Weekly,52,0.28846153846153844,1424,1,0.6,Medium,2.3375894649436595,-1.5614503295329625,High,Gold
809,46,Male,Shoes,Footwear,96,Wisconsin,L,Lavender,Fall,4.6,Yes,Next Day Air,Yes,38,Cash,Quarterly,4,9.5,3744,1,0.6,High,1.074098340516041,2.7075291380961235,High,Platinum
810,48,Male,Boots,Footwear,81,South Carolina,M,Violet,Fall,4.9,Yes,Next Day Air,Yes,30,PayPal,Bi-Weekly,26,1.1538461538461537,2511,1,0.6,High,1.8291273272556694,0.9106398790195819,High,Platinum
811,52,Male,Scarf,Accessories,83,South Dakota,S,Lavender,Fall,4.9,Yes,Store Pickup,Yes,32,Debit Card,Bi-Weekly,26,1.2307692307692308,2739,1,0.6,High,1.9675631735850883,0.9310758156043438,High,Platinum
812,18,Male,Sneakers,Footwear,35,Illinois,M,Green,Winter,2.7,Yes,Free Shipping,Yes,36,Venmo,Quarterly,4,9.0,1295,1,0.6,Low,0.9356624941866222,-0.08790023204892039,High,Silver
813,64,Male,Boots,Footwear,56,Alaska,M,Olive,Summer,3.2,Yes,Standard,Yes,32,Credit Card,Weekly,52,0.6153846153846154,1848,1,0.6,Medium,3.51429415874372,-1.6147342191710972,High,Gold
814,54,Male,Handbag,Accessories,45,Montana,S,Olive,Summer,2.9,Yes,Store Pickup,Yes,14,Debit Card,Annually,1,10.0,675,1,0.6,Low,-0.7656007752629816,0.4580401837997301,Low,Silver
815,31,Male,Shirt,Clothing,62,Minnesota,M,Pink,Winter,3.8,Yes,Express,Yes,8,PayPal,Monthly,12,0.6666666666666666,558,1,0.6,Medium,-0.5265221282225865,-0.7602905407076835,Low,Bronze
816,30,Male,Hat,Accessories,84,West Virginia,L,Teal,Spring,3.0,Yes,Next Day Air,Yes,27,Venmo,Bi-Weekly,26,1.0384615384615385,2352,1,0.6,Low,1.621473557761541,-1.782609808201654,High,Platinum
817,26,Male,Sweater,Clothing,24,Illinois,L,Cyan,Summer,3.9,Yes,Store Pickup,Yes,24,Debit Card,Monthly,12,2.0,600,1,0.6,Medium,0.5809646424127647,-0.26593101978177114,Medium,Bronze
818,25,Male,Handbag,Accessories,21,Nevada,S,Gray,Spring,4.7,Yes,Store Pickup,Yes,30,PayPal,Fortnightly,26,1.1538461538461537,651,1,0.6,High,1.8291273272556694,0.6303666387728349,High,Bronze
819,59,Male,Shirt,Clothing,91,Idaho,M,Peach,Winter,4.9,Yes,Store Pickup,Yes,34,Debit Card,Monthly,12,2.8333333333333335,3185,1,0.6,High,1.2731438740598593,1.3568244944535492,High,Platinum
820,55,Male,Sunglasses,Accessories,36,Colorado,S,Teal,Winter,4.8,Yes,Next Day Air,Yes,28,Debit Card,Quarterly,4,7.0,1044,1,0.6,High,0.38191910886894664,2.3236344393381096,Medium,Silver
821,56,Male,Sneakers,Footwear,39,Louisiana,M,Turquoise,Spring,2.5,Yes,2-Day Shipping,Yes,27,Debit Card,Monthly,12,2.25,1092,1,0.6,Low,0.7886184119068931,-2.161426907608521,Medium,Silver
822,62,Male,Hoodie,Clothing,39,Vermont,M,Green,Spring,3.9,Yes,Standard,Yes,31,Credit Card,Bi-Weekly,26,1.1923076923076923,1248,1,0.6,Medium,1.8983452504203786,-0.4805083539217706,High,Silver
823,35,Male,Shirt,Clothing,59,Mississippi,L,Magenta,Winter,3.4,Yes,Standard,Yes,23,Bank Transfer,Annually,1,10.0,1416,1,0.6,Medium,-0.14263946678059658,1.1587232844165967,Medium,Gold
824,51,Male,Sunglasses,Accessories,27,Georgia,M,Green,Winter,2.5,Yes,Free Shipping,Yes,11,Credit Card,Quarterly,4,2.75,324,1,0.6,Low,-0.7947855849311141,-2.0285933198075687,Low,Bronze
825,61,Male,Blouse,Clothing,94,Georgia,M,White,Spring,3.0,Yes,Store Pickup,Yes,48,Cash,Quarterly,4,10.0,4606,1,0.6,Low,1.7662775721631356,0.5981768039231035,High,Platinum
826,27,Male,Belt,Accessories,94,Nebraska,XL,Brown,Fall,3.6,Yes,Next Day Air,Yes,17,Cash,Monthly,12,1.4166666666666667,1692,1,0.6,Medium,0.09643918025979858,-0.8413133992530015,Medium,Gold
827,54,Male,Dress,Clothing,94,Massachusetts,M,Purple,Winter,3.6,Yes,Standard,Yes,36,PayPal,Weekly,52,0.6923076923076923,3478,1,0.6,Medium,3.7911658514025577,-1.0337518020928425,High,Platinum
828,31,Male,Shoes,Footwear,51,Colorado,S,Green,Fall,4.1,Yes,Free Shipping,Yes,33,Bank Transfer,Fortnightly,26,1.2692307692307692,1734,1,0.6,High,2.0367810967497975,-0.17979917709026266,High,Gold
829,24,Male,Socks,Clothing,62,Nevada,M,Peach,Fall,3.7,Yes,2-Day Shipping,Yes,27,PayPal,Bi-Weekly,26,1.0384615384615385,1736,1,0.6,Medium,1.621473557761541,-0.8016534673380407,High,Gold
830,42,Male,Socks,Clothing,57,Idaho,S,Silver,Spring,3.8,Yes,2-Day Shipping,Yes,14,Credit Card,Fortnightly,26,0.5384615384615384,855,1,0.6,Medium,0.7216405566203181,-0.79435043501562,Medium,Silver
831,41,Male,Shorts,Clothing,76,Wyoming,M,Maroon,Fall,4.2,Yes,Express,Yes,5,Credit Card,Annually,1,5.0,456,1,0.6,High,-1.388562083745367,0.9514803673940619,Low,Bronze
832,66,Male,Gloves,Accessories,63,Washington,M,Red,Summer,4.3,Yes,Express,Yes,47,Cash,Quarterly,4,10.0,3024,1,0.6,High,1.6970596489984262,2.419952865526956,High,Platinum
833,58,Male,Jacket,Outerwear,80,California,L,Blue,Fall,2.5,Yes,Express,Yes,28,Cash,Bi-Weekly,26,1.0769230769230769,2320,1,0.6,Low,1.6906914809262503,-2.473074940526139,High,Platinum
834,43,Male,Handbag,Accessories,68,Oklahoma,M,Purple,Fall,3.5,Yes,Standard,Yes,11,Credit Card,Annually,1,10.0,816,1,0.6,Medium,-0.9732545447571099,1.29885990453997,Low,Silver
835,52,Male,Backpack,Accessories,89,Nevada,M,Indigo,Summer,3.1,Yes,Free Shipping,Yes,18,Credit Card,Weekly,52,0.34615384615384615,1691,1,0.6,Medium,2.5452432344377875,-1.8263966173411372,High,Gold
836,35,Male,Boots,Footwear,26,Maryland,L,Indigo,Summer,2.5,Yes,Next Day Air,Yes,21,Debit Card,Weekly,52,0.40384615384615385,572,1,0.6,Low,2.752897003931916,-2.651889385642806,High,Bronze
837,23,Male,Gloves,Accessories,90,West Virginia,L,Violet,Winter,3.9,Yes,Store Pickup,Yes,22,Cash,Bi-Weekly,26,0.8461538461538461,2070,1,0.6,Medium,1.2753839419379935,-0.572470068553199,High,Gold
838,25,Male,Hoodie,Clothing,28,Illinois,L,Brown,Spring,4.9,Yes,Express,Yes,33,Cash,Quarterly,4,8.25,952,1,0.6,High,0.7280087246924938,2.7958550289638637,Medium,Silver
839,33,Male,Coat,Outerwear,29,Kentucky,M,Gray,Spring,4.3,Yes,Express,Yes,49,Credit Card,Annually,1,10.0,1450,1,0.6,High,1.6570265355018492,2.419952865526956,High,Gold
840,48,Male,Shirt,Clothing,31,Illinois,L,Teal,Spring,2.6,Yes,Free Shipping,Yes,10,Debit Card,Quarterly,4,2.5,341,1,0.6,Low,-0.8640035080958235,-1.9548734935846714,Low,Bronze
841,42,Male,Shirt,Clothing,24,Alabama,L,Teal,Summer,4.2,Yes,2-Day Shipping,Yes,18,PayPal,Weekly,52,0.34615384615384615,456,1,0.6,High,2.5452432344377875,-0.28489379598403086,High,Bronze
842,55,Male,Sweater,Clothing,88,Texas,M,Beige,Summer,2.6,Yes,Store Pickup,Yes,28,PayPal,Fortnightly,26,1.0769230769230769,2552,1,0.6,Low,1.6906914809262503,-2.332938320402766,High,Platinum
843,59,Male,Shirt,Clothing,87,Missouri,M,Violet,Spring,3.6,Yes,Express,Yes,25,PayPal,Weekly,52,0.4807692307692308,2262,1,0.6,Medium,3.0297686965907538,-1.0899506277009374,High,Gold
844,65,Male,Hoodie,Clothing,80,Pennsylvania,S,Beige,Summer,3.2,Yes,Express,Yes,6,PayPal,Weekly,52,0.11538461538461539,560,1,0.6,Medium,1.7146281564612744,-1.7475678069720493,High,Bronze
845,59,Male,Sandals,Footwear,48,Missouri,L,Purple,Winter,4.4,Yes,Express,Yes,44,Venmo,Bi-Weekly,26,1.6923076923076923,2160,1,0.6,High,2.7981782515616014,0.3530083344960486,High,Gold
846,31,Male,Belt,Accessories,21,Michigan,XL,Charcoal,Winter,3.7,Yes,Standard,Yes,30,Venmo,Monthly,12,2.5,651,1,0.6,Medium,0.9962721814010214,-0.41337067222756513,High,Bronze
847,49,Male,Boots,Footwear,72,Kentucky,M,Pink,Spring,3.7,Yes,Express,Yes,42,Debit Card,Quarterly,4,10.0,3096,1,0.6,Medium,1.3509700331748788,1.5791331447867167,High,Platinum
848,53,Male,Hoodie,Clothing,44,New Jersey,L,Blue,Fall,4.1,Yes,Standard,Yes,30,PayPal,Monthly,12,2.5,1364,1,0.6,High,0.9962721814010214,0.14717580826592724,High,Gold
849,48,Male,Sandals,Footwear,73,Delaware,M,Lavender,Fall,3.6,Yes,Store Pickup,Yes,33,Credit Card,Bi-Weekly,26,1.2692307692307692,2482,1,0.6,Medium,2.0367810967497975,-0.8804822777071285,High,Platinum
850,23,Male,Jeans,Clothing,61,Missouri,S,Charcoal,Spring,4.3,Yes,Express,Yes,24,PayPal,Quarterly,4,6.0,1525,1,0.6,High,0.10504741621010882,1.3572841631193389,Medium,Gold
851,68,Male,Shoes,Footwear,20,Connecticut,L,Turquoise,Winter,2.6,Yes,Store Pickup,Yes,13,Venmo,Monthly,12,1.0833333333333333,280,1,0.6,Low,-0.18043251239903935,-2.331235325687369,Medium,Bronze
852,35,Male,Sandals,Footwear,86,Massachusetts,M,Red,Summer,2.9,Yes,Express,Yes,19,Debit Card,Monthly,12,1.5833333333333333,1720,1,0.6,Low,0.23487502658921744,-1.7779918775162975,Medium,Gold
853,34,Male,Dress,Clothing,60,Florida,L,Yellow,Spring,4.2,Yes,Next Day Air,Yes,23,Debit Card,Quarterly,4,5.75,1440,1,0.6,High,0.035829493045399285,1.1507307490954901,Medium,Gold
854,62,Male,Hat,Accessories,43,Delaware,L,Orange,Winter,4.0,Yes,Free Shipping,Yes,35,Cash,Monthly,12,2.9166666666666665,1548,1,0.6,Medium,1.3423617972245687,0.11773384464334782,High,Gold
855,21,Male,Pants,Clothing,44,California,L,Blue,Spring,4.3,Yes,Free Shipping,Yes,22,Venmo,Monthly,12,1.8333333333333333,1012,1,0.6,High,0.44252879608334583,0.25033759811140455,Medium,Silver
856,70,Male,Socks,Clothing,76,Oregon,L,Gold,Spring,3.0,Yes,2-Day Shipping,Yes,14,Credit Card,Quarterly,4,3.5,1140,1,0.6,Low,-0.5871318154369858,-1.1286598374892742,Low,Silver
857,55,Male,Shirt,Clothing,33,Alaska,M,Gold,Summer,3.5,Yes,Express,Yes,47,Debit Card,Fortnightly,26,1.8076923076923077,1584,1,0.6,Medium,3.00583202105573,-0.8775673417371688,High,Gold
858,43,Male,Shorts,Clothing,60,Missouri,L,Cyan,Fall,3.0,Yes,Standard,Yes,50,Debit Card,Quarterly,4,10.0,3060,1,0.6,Low,1.9047134184925545,0.5981768039231035,High,Platinum
859,19,Male,Jacket,Outerwear,26,Oklahoma,L,Olive,Fall,3.1,Yes,Free Shipping,Yes,33,PayPal,Weekly,52,0.6346153846153846,884,1,0.6,Medium,3.583512081908429,-1.7497618551482803,High,Silver
860,47,Male,Hoodie,Clothing,73,Wisconsin,M,Teal,Winter,4.0,Yes,Next Day Air,Yes,7,Debit Card,Monthly,12,0.5833333333333334,584,1,0.6,Medium,-0.5957400513872959,-0.5021562317610953,Low,Bronze
861,26,Male,Shoes,Footwear,87,South Carolina,M,Maroon,Spring,4.1,Yes,Standard,Yes,3,Cash,Monthly,12,0.25,348,1,0.6,High,-0.8726117440461338,-0.4505753368383573,Low,Bronze
862,46,Male,Skirt,Clothing,100,Virginia,XL,Green,Spring,3.8,Yes,2-Day Shipping,Yes,35,Credit Card,Quarterly,4,8.75,3600,1,0.6,Medium,0.8664445710219127,1.3871857954077091,High,Platinum
863,19,Male,Coat,Outerwear,84,Arkansas,M,Charcoal,Winter,4.9,Yes,Standard,Yes,13,PayPal,Fortnightly,26,0.5,1176,1,0.6,High,0.6524226334556086,0.7369344180491061,Medium,Silver
864,49,Male,Sneakers,Footwear,41,Vermont,M,Cyan,Summer,3.9,Yes,Standard,Yes,42,PayPal,Fortnightly,26,1.6153846153846154,1763,1,0.6,Medium,2.6597424052321825,-0.36811070270558044,High,Gold
865,51,Male,Jeans,Clothing,59,Kentucky,S,Charcoal,Winter,3.9,Yes,Next Day Air,Yes,5,PayPal,Annually,1,5.0,354,1,0.6,Medium,-1.388562083745367,0.5310705070239417,Low,Bronze
866,64,Male,Blouse,Clothing,26,Colorado,L,Charcoal,Winter,4.8,Yes,Store Pickup,Yes,23,Venmo,Annually,1,10.0,624,1,0.6,High,-0.14263946678059658,3.1206359661438228,Medium,Bronze
867,67,Male,Sunglasses,Accessories,69,New Mexico,M,Lavender,Summer,2.7,Yes,Free Shipping,Yes,11,PayPal,Bi-Weekly,26,0.4230769230769231,828,1,0.6,Low,0.5139867871261897,-2.3665071612498685,Medium,Silver
868,37,Male,Jacket,Outerwear,20,Colorado,M,Turquoise,Spring,3.1,Yes,Free Shipping,Yes,23,Bank Transfer,Fortnightly,26,0.8846153846153846,480,1,0.6,Medium,1.3446018651027032,-1.6833450612478043,High,Bronze
869,40,Male,Dress,Clothing,83,North Carolina,M,Green,Summer,3.2,Yes,Next Day Air,Yes,2,Credit Card,Quarterly,4,0.5,249,1,0.6,Medium,-1.417746893413499,-1.6453881240482402,Low,Bronze
870,38,Male,Hat,Accessories,54,New Hampshire,M,Silver,Spring,2.7,Yes,2-Day Shipping,Yes,33,PayPal,Weekly,52,0.6346153846153846,1836,1,0.6,Low,3.583512081908429,-2.310308335641773,High,Gold
871,66,Male,Hoodie,Clothing,66,West Virginia,M,Blue,Fall,2.5,Yes,Standard,Yes,6,Bank Transfer,Bi-Weekly,26,0.23076923076923078,462,1,0.6,Low,0.1678971713026426,-2.69787024295852,Medium,Bronze
872,47,Male,Handbag,Accessories,42,Hawaii,M,Charcoal,Spring,2.6,Yes,Next Day Air,Yes,45,Debit Card,Quarterly,4,10.0,1932,1,0.6,Low,1.5586238026690071,0.03763032342961048,High,Gold
873,56,Male,Jeans,Clothing,33,North Dakota,M,Pink,Spring,2.9,Yes,Standard,Yes,25,Cash,Quarterly,4,6.25,858,1,0.6,Low,0.17426533937481825,-0.538211724707411,Medium,Silver
874,51,Male,Boots,Footwear,77,Mississippi,M,Pink,Summer,4.2,Yes,Free Shipping,Yes,24,Venmo,Quarterly,4,6.0,1925,1,0.6,High,0.10504741621010882,1.2171475429959662,Medium,Gold
875,25,Male,Jacket,Outerwear,65,Maine,M,Magenta,Fall,4.4,Yes,Free Shipping,Yes,10,Venmo,Quarterly,4,2.5,715,1,0.6,High,-0.8640035080958235,0.5675856686360481,Low,Silver
876,37,Male,Sandals,Footwear,39,North Dakota,L,Gray,Summer,4.1,Yes,Free Shipping,Yes,7,Bank Transfer,Quarterly,4,1.75,312,1,0.6,High,-1.071657277589952,-0.05207457343550098,Low,Bronze
877,41,Male,Belt,Accessories,51,Nebraska,L,Gray,Summer,3.8,Yes,2-Day Shipping,Yes,1,Debit Card,Weekly,52,0.019230769230769232,102,1,0.6,Medium,1.368538540637727,-0.9322930069627626,High,Bronze
878,64,Male,Handbag,Accessories,65,Nebraska,M,Orange,Winter,4.9,Yes,Next Day Air,Yes,45,Venmo,Quarterly,4,10.0,2990,1,0.6,High,1.5586238026690071,3.260772586267197,High,Platinum
879,23,Male,Sunglasses,Accessories,89,Tennessee,S,Black,Summer,4.9,Yes,Express,Yes,37,Debit Card,Weekly,52,0.7115384615384616,3382,1,0.6,High,3.8603837745672673,0.7931332436572013,High,Platinum
880,62,Male,Skirt,Clothing,76,Wyoming,S,Lavender,Spring,4.1,Yes,Free Shipping,Yes,14,PayPal,Quarterly,4,3.5,1140,1,0.6,High,-0.5871318154369858,0.41284298386783147,Low,Silver
881,39,Male,Backpack,Accessories,75,Nevada,L,Red,Spring,3.1,Yes,Express,Yes,25,Debit Card,Monthly,12,2.0833333333333335,1950,1,0.6,Medium,0.6501825655774742,-1.3648850494685985,Medium,Gold
882,52,Male,Sandals,Footwear,61,South Carolina,M,Silver,Summer,2.7,Yes,Next Day Air,Yes,18,Venmo,Annually,1,10.0,1159,1,0.6,Low,-0.48872908260414394,0.17776694355298406,Low,Silver
883,50,Male,Boots,Footwear,35,Virginia,M,Cyan,Fall,3.8,Yes,Next Day Air,Yes,37,Cash,Quarterly,4,9.25,1330,1,0.6,Medium,1.0048804173513317,1.5200193832086615,High,Silver
884,28,Male,Sneakers,Footwear,37,Pennsylvania,S,Gold,Fall,4.3,Yes,Free Shipping,Yes,30,Bank Transfer,Monthly,12,2.5,1147,1,0.6,High,0.9962721814010214,0.4274490485126741,High,Silver
885,67,Male,Skirt,Clothing,91,Hawaii,L,Yellow,Winter,4.1,Yes,Express,Yes,34,Bank Transfer,Weekly,52,0.6538461538461539,3185,1,0.6,High,3.652730005073139,-0.3432866697683576,High,Platinum
886,41,Male,Dress,Clothing,99,Ohio,L,Purple,Fall,4.4,Yes,Free Shipping,Yes,49,Debit Card,Quarterly,4,10.0,4950,1,0.6,High,1.835495495327845,2.5600894856503302,High,Platinum
887,19,Male,Shorts,Clothing,54,Utah,S,Brown,Summer,3.6,Yes,Express,Yes,48,Bank Transfer,Monthly,12,4.0,2646,1,0.6,Medium,2.2421947983657917,-0.1550065289480822,High,Platinum
888,70,Male,Handbag,Accessories,47,Minnesota,L,Turquoise,Winter,3.3,Yes,2-Day Shipping,Yes,33,PayPal,Fortnightly,26,1.2692307692307692,1598,1,0.6,Medium,2.0367810967497975,-1.3008921380772487,High,Gold
889,49,Male,Scarf,Accessories,77,New Hampshire,S,Gold,Spring,3.8,Yes,Express,Yes,44,Cash,Annually,1,10.0,3465,1,0.6,Medium,1.3109369196783018,1.7192697649100896,High,Platinum
890,59,Male,Belt,Accessories,84,Arizona,S,Olive,Fall,2.8,Yes,Free Shipping,Yes,50,Venmo,Weekly,52,0.9615384615384616,4284,1,0.6,Low,4.76021677570849,-2.0833189850331624,High,Platinum
891,52,Male,Gloves,Accessories,51,New York,S,Purple,Spring,4.3,Yes,2-Day Shipping,Yes,47,Credit Card,Monthly,12,3.9166666666666665,2448,1,0.6,High,2.172976875201082,0.8038108806153718,High,Platinum
892,20,Male,Skirt,Clothing,26,Pennsylvania,S,Lavender,Summer,3.9,Yes,Store Pickup,Yes,24,PayPal,Quarterly,4,6.0,650,1,0.6,Medium,0.10504741621010882,0.7967376826258459,Medium,Bronze
893,31,Male,Shorts,Clothing,64,New Mexico,L,Gray,Summer,2.7,Yes,Free Shipping,Yes,43,Debit Card,Monthly,12,3.5833333333333335,2816,1,0.6,Low,1.8961051825422441,-1.5269307665592349,High,Platinum
894,33,Male,Backpack,Accessories,51,Nebraska,M,Red,Spring,4.7,Yes,Express,Yes,14,Venmo,Monthly,12,1.1666666666666667,765,1,0.6,High,-0.1112145892343297,0.6337726282036287,Medium,Silver
895,44,Male,Hoodie,Clothing,60,Wyoming,L,Purple,Spring,3.8,Yes,Free Shipping,Yes,3,Debit Card,Quarterly,4,0.75,240,1,0.6,Medium,-1.3485289702487897,-0.7381516094075248,Low,Bronze
896,40,Male,Hat,Accessories,69,Mississippi,XL,Olive,Spring,4.7,Yes,Next Day Air,Yes,33,Debit Card,Quarterly,4,8.25,2346,1,0.6,High,0.7280087246924938,2.515581788717117,Medium,Platinum
897,69,Male,Jewelry,Accessories,29,Arkansas,M,Lavender,Spring,4.7,Yes,Express,Yes,38,Cash,Fortnightly,26,1.4615384615384615,1131,1,0.6,High,2.382870712573345,0.7121103851118825,High,Silver
898,29,Male,Shirt,Clothing,91,Illinois,M,Gray,Spring,3.4,Yes,Express,Yes,46,Venmo,Weekly,52,0.8846153846153846,4277,1,0.6,Medium,4.483345083049652,-1.2629352008776846,High,Platinum
899,54,Male,Belt,Accessories,70,Nevada,L,Red,Spring,3.5,Yes,2-Day Shipping,Yes,19,Bank Transfer,Quarterly,4,4.75,1400,1,0.6,Medium,-0.24104219961343842,-0.09589276737002739,Medium,Gold
900,65,Male,Sweater,Clothing,58,Rhode Island,M,Peach,Summer,4.0,Yes,Standard,Yes,20,PayPal,Annually,1,10.0,1218,1,0.6,Medium,-0.35029323627472486,1.9995430051568364,Medium,Silver
901,54,Male,Hat,Accessories,98,West Virginia,L,Gray,Fall,3.3,Yes,Free Shipping,Yes,42,Bank Transfer,Quarterly,4,10.0,4214,1,0.6,Medium,1.3509700331748788,1.018586664293223,High,Platinum
902,60,Male,Scarf,Accessories,68,Missouri,L,Violet,Summer,4.7,Yes,2-Day Shipping,Yes,34,Cash,Monthly,12,2.8333333333333335,2380,1,0.6,High,1.2731438740598593,1.0765512542068025,High,Platinum
903,43,Male,Hat,Accessories,44,Kentucky,M,Beige,Summer,2.8,Yes,Next Day Air,Yes,5,Cash,Monthly,12,0.4166666666666667,264,1,0.6,Low,-0.734175897716715,-2.2280735358418924,Low,Bronze
904,44,Male,Jacket,Outerwear,45,Washington,M,Blue,Winter,3.3,Yes,Express,Yes,3,PayPal,Quarterly,4,0.75,180,1,0.6,Medium,-1.3485289702487897,-1.4388347100243912,Low,Bronze
905,69,Male,T-shirt,Clothing,99,Alaska,L,Magenta,Spring,2.9,Yes,Free Shipping,Yes,46,PayPal,Quarterly,4,10.0,4653,1,0.6,Low,1.6278417258337166,0.4580401837997301,High,Platinum
906,46,Male,Dress,Clothing,68,Mississippi,S,Cyan,Spring,2.8,Yes,Standard,Yes,16,Venmo,Annually,1,10.0,1156,1,0.6,Low,-0.6271649289335628,0.31790356367635675,Low,Silver
907,41,Male,Pants,Clothing,56,South Carolina,M,Red,Spring,4.2,Yes,Standard,Yes,21,Debit Card,Bi-Weekly,26,0.8076923076923077,1232,1,0.6,High,1.2061660187732843,-0.16227817647545983,High,Silver
908,32,Male,Sweater,Clothing,43,Missouri,L,Cyan,Winter,4.4,Yes,Express,Yes,34,Credit Card,Bi-Weekly,26,1.3076923076923077,1505,1,0.6,High,2.105999019914507,0.2508286515722391,High,Gold
909,26,Male,Sunglasses,Accessories,99,New Jersey,M,Turquoise,Winter,3.6,Yes,Free Shipping,Yes,9,PayPal,Quarterly,4,2.25,990,1,0.6,Medium,-0.9332214312605329,-0.6199240862514147,Low,Silver
910,61,Male,Belt,Accessories,56,Louisiana,L,Silver,Fall,2.7,Yes,Express,Yes,36,PayPal,Weekly,52,0.6923076923076923,2072,1,0.6,Low,3.7911658514025577,-2.2949813832032016,High,Gold
911,49,Male,Hoodie,Clothing,25,South Carolina,S,Pink,Spring,3.4,Yes,Express,Yes,22,Credit Card,Monthly,12,1.8333333333333333,575,1,0.6,Medium,0.44252879608334583,-1.0108919829989549,Medium,Bronze
912,53,Male,Pants,Clothing,74,Vermont,M,Black,Winter,2.8,Yes,2-Day Shipping,Yes,2,Bank Transfer,Quarterly,4,0.5,222,1,0.6,Low,-1.417746893413499,-2.2059346045417336,Low,Bronze
913,24,Male,Hoodie,Clothing,56,Arkansas,M,Green,Winter,3.4,Yes,Next Day Air,Yes,32,Bank Transfer,Monthly,12,2.6666666666666665,1848,1,0.6,Medium,1.1347080277304402,-0.7895026699973681,High,Gold
914,37,Male,Sneakers,Footwear,47,Utah,M,Yellow,Fall,2.6,Yes,Next Day Air,Yes,29,Cash,Quarterly,4,7.25,1410,1,0.6,Low,0.45113703203365607,-0.6929544094756263,Medium,Gold
915,43,Male,Dress,Clothing,67,Washington,L,Purple,Summer,4.1,Yes,Standard,Yes,27,Venmo,Quarterly,4,6.75,1876,1,0.6,High,0.3127011857042371,1.2762613045740203,Medium,Gold
916,31,Male,Dress,Clothing,22,Rhode Island,L,Purple,Winter,2.9,Yes,Store Pickup,Yes,33,Credit Card,Fortnightly,26,1.2692307692307692,748,1,0.6,Low,2.0367810967497975,-1.8614386185707419,High,Silver
917,49,Male,Jeans,Clothing,34,Illinois,S,Blue,Spring,2.7,Yes,Standard,Yes,16,Venmo,Monthly,12,1.3333333333333333,578,1,0.6,Low,0.027221257095089157,-2.1246819116635196,Medium,Bronze
918,69,Male,Sweater,Clothing,64,Missouri,M,Maroon,Spring,3.7,Yes,Standard,Yes,11,Bank Transfer,Quarterly,4,2.75,768,1,0.6,Medium,-0.7947855849311141,-0.34695387832708907,Low,Silver
919,65,Male,Shorts,Clothing,42,North Carolina,M,Orange,Spring,4.3,Yes,2-Day Shipping,Yes,11,Cash,Fortnightly,26,0.4230769230769231,504,1,0.6,High,0.5139867871261897,-0.12432123927589633,Medium,Bronze
920,41,Male,Shirt,Clothing,82,Massachusetts,L,Green,Winter,2.6,Yes,2-Day Shipping,Yes,17,Debit Card,Bi-Weekly,26,0.6538461538461539,1476,1,0.6,Low,0.9292943261144464,-2.4453359716189564,High,Gold
921,37,Male,Belt,Accessories,81,Arkansas,XL,Gold,Summer,4.3,Yes,Free Shipping,Yes,37,Cash,Weekly,52,0.7115384615384616,3078,1,0.6,High,3.8603837745672673,-0.04768647708303919,High,Platinum
922,70,Male,Coat,Outerwear,24,South Dakota,L,Silver,Summer,4.1,Yes,Express,Yes,18,PayPal,Weekly,52,0.34615384615384615,456,1,0.6,High,2.5452432344377875,-0.42503041610740494,High,Bronze
923,63,Male,Sneakers,Footwear,60,Georgia,M,Cyan,Fall,4.2,Yes,Standard,Yes,13,Credit Card,Monthly,12,1.0833333333333333,840,1,0.6,High,-0.18043251239903935,-0.08904940371339642,Medium,Silver
924,55,Male,Shirt,Clothing,24,Arkansas,M,Silver,Spring,4.2,Yes,2-Day Shipping,Yes,7,PayPal,Weekly,52,0.1346153846153846,192,1,0.6,High,1.7838460796259838,-0.34109262159212606,High,Bronze
925,52,Male,Socks,Clothing,78,Kansas,XL,Beige,Winter,3.1,Yes,Standard,Yes,37,Cash,Quarterly,4,9.25,2964,1,0.6,Medium,1.0048804173513317,0.5390630423450488,High,Platinum
926,22,Male,Jeans,Clothing,88,Arizona,L,Teal,Winter,4.9,Yes,Express,Yes,8,Cash,Monthly,12,0.6666666666666666,792,1,0.6,High,-0.5265221282225865,0.7812122806494234,Low,Silver
927,54,Male,Jeans,Clothing,63,Massachusetts,XL,Green,Spring,4.4,Yes,Express,Yes,11,Cash,Bi-Weekly,26,0.4230769230769231,756,1,0.6,High,0.5139867871261897,0.01581538084747769,Medium,Silver
928,28,Male,Sneakers,Footwear,78,New Mexico,L,Black,Summer,4.4,Yes,Standard,Yes,8,Venmo,Bi-Weekly,26,0.3076923076923077,702,1,0.6,High,0.30633301763206144,-0.014838524029665123,Medium,Silver
929,67,Male,Dress,Clothing,37,Arkansas,XL,Yellow,Winter,3.4,Yes,Store Pickup,Yes,31,Cash,Quarterly,4,7.75,1184,1,0.6,Medium,0.5895728783630749,0.5609721393123119,Medium,Silver
930,59,Male,Boots,Footwear,94,Nebraska,M,White,Fall,4.5,Yes,2-Day Shipping,Yes,26,Debit Card,Fortnightly,26,1.0,2538,1,0.6,High,1.5522556345968315,0.30922152535656455,High,Platinum
931,26,Male,T-shirt,Clothing,78,Hawaii,L,Green,Fall,4.5,Yes,Store Pickup,Yes,20,Credit Card,Bi-Weekly,26,0.7692307692307693,1638,1,0.6,High,1.1369480956085747,0.24791371560227893,High,Gold
932,24,Male,Coat,Outerwear,36,Nebraska,M,Silver,Winter,4.1,Yes,Standard,Yes,24,Bank Transfer,Fortnightly,26,0.9230769230769231,900,1,0.6,High,1.4138197882674126,-0.271760891721691,High,Silver
933,62,Male,Skirt,Clothing,24,Indiana,L,Blue,Winter,3.2,Yes,Standard,Yes,45,Debit Card,Bi-Weekly,26,1.7307692307692308,1104,1,0.6,Medium,2.867396174726311,-1.3184131386920503,High,Silver
934,70,Male,Sneakers,Footwear,84,Colorado,M,Magenta,Spring,2.7,Yes,Store Pickup,Yes,33,Debit Card,Monthly,12,2.75,2856,1,0.6,Low,1.2039259508951496,-1.7483200795608218,High,Platinum
935,45,Male,Jeans,Clothing,47,Oregon,S,Yellow,Spring,3.7,Yes,Express,Yes,21,Bank Transfer,Monthly,12,1.75,1034,1,0.6,Medium,0.3733108729186363,-0.6126210539289934,Medium,Silver
936,58,Male,Hoodie,Clothing,51,Ohio,L,White,Fall,2.6,Yes,Store Pickup,Yes,2,Bank Transfer,Fortnightly,26,0.07692307692307693,153,1,0.6,Low,-0.10897452135619545,-2.5986054960046703,Medium,Bronze
937,31,Male,Shoes,Footwear,84,Maine,M,Pink,Summer,2.7,Yes,Free Shipping,Yes,28,Cash,Weekly,52,0.5384615384615384,2436,1,0.6,Low,3.2374224660848823,-2.3358532563727255,High,Platinum
938,32,Male,Shorts,Clothing,24,Iowa,M,Magenta,Summer,2.7,Yes,Express,Yes,18,Venmo,Quarterly,4,4.5,456,1,0.6,Low,-0.3102601227781481,-1.2834025222574894,Medium,Bronze
939,36,Male,Blouse,Clothing,97,Wisconsin,S,Teal,Fall,4.8,Yes,Free Shipping,Yes,21,Debit Card,Fortnightly,26,0.8076923076923077,2134,1,0.6,High,1.2061660187732843,0.6785415442647794,High,Gold
940,25,Male,T-shirt,Clothing,89,New York,L,Indigo,Winter,4.8,Yes,Next Day Air,Yes,24,Credit Card,Monthly,12,2.0,2225,1,0.6,High,0.5809646424127647,0.9952985613285884,Medium,Gold
941,48,Male,Belt,Accessories,44,Colorado,S,Maroon,Spring,2.6,Yes,Store Pickup,Yes,15,PayPal,Quarterly,4,3.75,704,1,0.6,Low,-0.5179138922722761,-1.6227895240822912,Low,Silver
942,39,Male,Handbag,Accessories,35,Illinois,L,Black,Winter,4.5,Yes,2-Day Shipping,Yes,38,PayPal,Quarterly,4,9.5,1365,1,0.6,High,1.074098340516041,2.567392517972751,High,Gold
943,26,Male,Dress,Clothing,91,Arizona,M,Cyan,Winter,3.2,Yes,Express,Yes,38,PayPal,Bi-Weekly,26,1.4615384615384615,3549,1,0.6,Medium,2.382870712573345,-1.3899389167387168,High,Platinum
944,32,Male,Hat,Accessories,63,Oklahoma,L,Cyan,Winter,3.8,Yes,Next Day Air,Yes,13,Venmo,Fortnightly,26,0.5,882,1,0.6,Medium,0.6524226334556086,-0.8045684033080008,Medium,Silver
945,54,Male,Belt,Accessories,97,Indiana,S,Gray,Spring,4.8,Yes,Express,Yes,39,Cash,Bi-Weekly,26,1.5,3880,1,0.6,High,2.4520886357380545,0.8624649735276363,High,Platinum
946,38,Male,Boots,Footwear,38,Minnesota,M,Violet,Summer,4.1,Yes,Store Pickup,Yes,8,Venmo,Quarterly,4,2.0,342,1,0.6,High,-1.0024393544252423,0.014342220464975075,Low,Bronze
947,46,Male,Coat,Outerwear,24,Pennsylvania,XL,Blue,Spring,2.8,Yes,Next Day Air,Yes,4,PayPal,Quarterly,4,1.0,120,1,0.6,Low,-1.2793110470840805,-2.0731010167407815,Low,Bronze
948,57,Male,Blouse,Clothing,32,Indiana,M,Charcoal,Winter,3.9,Yes,Store Pickup,Yes,6,Cash,Quarterly,4,1.5,224,1,0.6,Medium,-1.1408752007546612,-0.39876460758272325,Low,Bronze
949,49,Male,Hat,Accessories,90,Alabama,L,Olive,Summer,4.9,Yes,Express,Yes,11,Venmo,Quarterly,4,2.75,1080,1,0.6,High,-0.7947855849311141,1.3346855631533907,Low,Silver
950,33,Male,Jeans,Clothing,36,Montana,M,Olive,Summer,3.4,Yes,Standard,Yes,49,Venmo,Monthly,12,4.083333333333333,1800,1,0.6,Medium,2.311412721530501,-0.4131408378946704,High,Gold
951,54,Male,Backpack,Accessories,37,New Mexico,XL,Turquoise,Winter,4.1,Yes,Free Shipping,Yes,30,PayPal,Quarterly,4,7.5,1147,1,0.6,High,0.5203549551983655,1.4755116862754485,Medium,Silver
952,47,Male,Dress,Clothing,51,Alaska,M,Cyan,Summer,2.9,Yes,Express,Yes,34,Bank Transfer,Monthly,12,2.8333333333333335,1785,1,0.6,Low,1.2731438740598593,-1.445907908013917,High,Gold
953,36,Male,Hat,Accessories,71,Idaho,S,Red,Fall,3.1,Yes,2-Day Shipping,Yes,28,PayPal,Monthly,12,2.3333333333333335,2059,1,0.6,Medium,0.8578363350716025,-1.2984682555681224,High,Gold
954,68,Male,Sunglasses,Accessories,50,Utah,S,Cyan,Spring,3.6,Yes,2-Day Shipping,Yes,36,Venmo,Quarterly,4,9.0,1850,1,0.6,Medium,0.9356624941866222,1.173329349061439,High,Gold
955,60,Male,Hat,Accessories,74,Louisiana,S,Turquoise,Fall,3.5,Yes,Standard,Yes,18,Credit Card,Quarterly,4,4.5,1406,1,0.6,Medium,-0.3102601227781481,-0.16230956127050347,Medium,Gold
956,55,Male,Dress,Clothing,75,Mississippi,L,Lavender,Summer,3.4,Yes,Free Shipping,Yes,4,PayPal,Monthly,12,0.3333333333333333,375,1,0.6,Medium,-0.8033938208814244,-1.4093927464018112,Low,Bronze
957,29,Male,Shirt,Clothing,99,Mississippi,XL,Cyan,Spring,2.9,Yes,2-Day Shipping,Yes,42,Debit Card,Quarterly,4,10.0,4257,1,0.6,Low,1.3509700331748788,0.4580401837997301,High,Platinum
958,38,Male,Scarf,Accessories,23,Indiana,XL,Violet,Spring,4.7,Yes,Store Pickup,Yes,11,Cash,Quarterly,4,2.75,276,1,0.6,High,-0.7947855849311141,1.0544123229066438,Low,Bronze
959,70,Male,Sneakers,Footwear,53,Washington,XL,Beige,Winter,4.4,Yes,Free Shipping,Yes,31,Credit Card,Bi-Weekly,26,1.1923076923076923,1696,1,0.6,High,1.8983452504203786,0.2201747466950965,High,Gold
960,36,Male,Skirt,Clothing,99,Nevada,M,Cyan,Spring,2.6,Yes,Standard,Yes,12,Cash,Fortnightly,26,0.46153846153846156,1287,1,0.6,Low,0.5832047102908992,-2.4964258130808608,Medium,Silver
961,18,Male,Jewelry,Accessories,48,Louisiana,XL,Indigo,Spring,4.4,Yes,Standard,Yes,20,Venmo,Quarterly,4,5.0,1008,1,0.6,High,-0.171824276448729,1.2317536076408087,Medium,Silver
962,62,Male,Boots,Footwear,72,Pennsylvania,L,Olive,Fall,3.7,Yes,Next Day Air,Yes,37,Debit Card,Quarterly,4,9.25,2736,1,0.6,Medium,1.0048804173513317,1.3798827630852886,High,Platinum
963,29,Male,Sunglasses,Accessories,64,Michigan,L,Green,Spring,4.4,Yes,Standard,Yes,26,Debit Card,Fortnightly,26,1.0,1728,1,0.6,High,1.5522556345968315,0.16908490523319175,High,Gold
964,21,Male,Boots,Footwear,63,South Carolina,L,Green,Spring,2.5,Yes,2-Day Shipping,Yes,14,Credit Card,Weekly,52,0.2692307692307692,945,1,0.6,Low,2.26837154177895,-2.687652274666139,High,Silver
965,42,Male,Sandals,Footwear,51,Arizona,M,Beige,Spring,2.6,Yes,Next Day Air,Yes,12,Venmo,Bi-Weekly,26,0.46153846153846156,663,1,0.6,Low,0.5832047102908992,-2.4964258130808608,Medium,Bronze
966,43,Male,Boots,Footwear,55,Delaware,L,Black,Spring,5.0,Yes,Store Pickup,Yes,10,Credit Card,Annually,1,10.0,605,1,0.6,High,-1.0424724679218196,3.400909206390569,Low,Bronze
967,58,Male,Dress,Clothing,55,Kentucky,M,Brown,Spring,4.9,Yes,Express,Yes,19,Cash,Annually,1,10.0,1100,1,0.6,High,-0.4195111594394345,3.260772586267197,Medium,Silver
968,27,Male,Hoodie,Clothing,26,Georgia,S,Silver,Summer,3.7,Yes,Store Pickup,Yes,4,Cash,Weekly,52,0.07692307692307693,130,1,0.6,Medium,1.5761923101318553,-1.057102674647564,High,Bronze
969,57,Male,Shorts,Clothing,67,North Carolina,L,Gray,Summer,3.1,Yes,Next Day Air,Yes,48,Bank Transfer,Quarterly,4,10.0,3283,1,0.6,Medium,1.7662775721631356,0.7383134240464769,High,Platinum
970,40,Male,Coat,Outerwear,31,California,S,Pink,Fall,3.2,Yes,Express,Yes,37,PayPal,Monthly,12,3.0833333333333335,1178,1,0.6,Medium,1.4807976435539876,-0.9590812537433208,High,Silver
971,45,Male,Jeans,Clothing,66,California,S,Maroon,Winter,4.4,Yes,Free Shipping,Yes,4,Cash,Monthly,12,0.3333333333333333,330,1,0.6,High,-0.8033938208814244,-0.00802654516807777,Low,Bronze
972,47,Male,Sunglasses,Accessories,67,Indiana,M,Cyan,Summer,4.3,Yes,Next Day Air,Yes,15,Credit Card,Weekly,52,0.28846153846153844,1072,1,0.6,High,2.3375894649436595,-0.16008412829922958,High,Silver
973,61,Male,Sneakers,Footwear,61,Colorado,L,Gold,Winter,3.0,Yes,Standard,Yes,33,Credit Card,Weekly,52,0.6346153846153846,2074,1,0.6,Low,3.583512081908429,-1.8898984752716537,High,Gold
974,60,Male,Jacket,Outerwear,75,Colorado,M,Teal,Fall,3.5,Yes,2-Day Shipping,Yes,30,Bank Transfer,Quarterly,4,7.5,2325,1,0.6,Medium,0.5203549551983655,0.6346919655352093,Medium,Platinum
975,69,Male,Skirt,Clothing,90,North Carolina,M,Beige,Spring,3.6,Yes,2-Day Shipping,Yes,23,Bank Transfer,Monthly,12,1.9166666666666667,2160,1,0.6,Medium,0.5117467192480553,-0.7084798114520494,Medium,Gold
976,58,Male,Sweater,Clothing,40,Washington,M,Olive,Summer,3.8,Yes,2-Day Shipping,Yes,2,Bank Transfer,Weekly,52,0.038461538461538464,120,1,0.6,Medium,1.4377564638024365,-0.9271840228165721,High,Bronze
977,34,Male,T-shirt,Clothing,90,Florida,M,Gray,Fall,3.6,Yes,Express,Yes,50,Credit Card,Quarterly,4,10.0,4590,1,0.6,Medium,1.9047134184925545,1.4389965246633434,High,Platinum
978,20,Male,Belt,Accessories,20,Washington,M,Black,Spring,4.6,Yes,Express,Yes,34,Cash,Bi-Weekly,26,1.3076923076923077,700,1,0.6,High,2.105999019914507,0.5311018918189846,High,Silver
979,56,Male,Gloves,Accessories,40,Colorado,M,Turquoise,Summer,2.5,Yes,Standard,Yes,33,Credit Card,Weekly,52,0.6346153846153846,1360,1,0.6,Low,3.583512081908429,-2.5905815758885202,High,Gold
980,64,Male,Hat,Accessories,33,New Hampshire,S,Brown,Fall,3.5,Yes,Store Pickup,Yes,34,Debit Card,Monthly,12,2.8333333333333335,1155,1,0.6,Medium,1.2731438740598593,-0.6050881872736772,High,Silver
981,56,Male,Boots,Footwear,98,Maryland,S,Magenta,Spring,4.0,Yes,Free Shipping,Yes,39,PayPal,Quarterly,4,9.75,3920,1,0.6,Medium,1.1433162636807506,1.9331262112563603,High,Platinum
982,27,Male,Belt,Accessories,42,Maryland,M,Silver,Spring,3.5,Yes,Next Day Air,Yes,47,Credit Card,Quarterly,4,10.0,2016,1,0.6,Medium,1.6970596489984262,1.29885990453997,High,Gold
983,35,Male,Coat,Outerwear,62,Texas,S,Red,Summer,3.2,Yes,Standard,Yes,37,PayPal,Monthly,12,3.0833333333333335,2356,1,0.6,Medium,1.4807976435539876,-0.9590812537433208,High,Platinum
984,24,Male,Hat,Accessories,45,New Mexico,L,Indigo,Winter,3.5,Yes,Free Shipping,Yes,40,Venmo,Bi-Weekly,26,1.5384615384615385,1845,1,0.6,Medium,2.5213065589027637,-0.9490931197838354,High,Gold
985,26,Male,Shoes,Footwear,78,Utah,M,Green,Summer,3.4,Yes,Free Shipping,Yes,8,Credit Card,Bi-Weekly,26,0.3076923076923077,702,1,0.6,Medium,0.30633301763206144,-1.4162047252633987,Medium,Silver
986,32,Male,Handbag,Accessories,80,West Virginia,M,Gray,Fall,5.0,Yes,Express,Yes,12,Bank Transfer,Annually,1,10.0,1040,1,0.6,High,-0.9040366215924007,3.400909206390569,Low,Silver
987,54,Male,Scarf,Accessories,96,Connecticut,S,Peach,Spring,4.5,Yes,Store Pickup,Yes,36,Bank Transfer,Monthly,12,3.0,3552,1,0.6,High,1.4115797203892781,0.8405558765603731,High,Platinum
988,62,Male,Handbag,Accessories,47,West Virginia,M,Charcoal,Summer,2.8,Yes,Express,Yes,48,PayPal,Weekly,52,0.9230769230769231,2303,1,0.6,Low,4.621780929379071,-2.0935369533255432,High,Platinum
989,50,Male,Pants,Clothing,84,Ohio,M,Orange,Winter,4.9,Yes,2-Day Shipping,Yes,47,PayPal,Fortnightly,26,1.8076923076923077,4032,1,0.6,High,3.00583202105573,1.0843453399900578,High,Platinum
990,70,Male,Shoes,Footwear,31,Texas,M,Beige,Spring,3.1,Yes,Store Pickup,Yes,2,Bank Transfer,Monthly,12,0.16666666666666666,93,1,0.6,Medium,-0.9418296672108433,-1.8740804693722484,Low,Bronze
991,48,Male,Sunglasses,Accessories,63,Washington,S,Yellow,Spring,4.8,Yes,Store Pickup,Yes,24,Cash,Weekly,52,0.46153846153846156,1575,1,0.6,High,2.9605507734260446,0.5865798296333512,High,Gold
992,20,Male,Shorts,Clothing,97,Wisconsin,XL,White,Spring,2.7,Yes,Standard,Yes,40,Bank Transfer,Bi-Weekly,26,1.5384615384615385,3977,1,0.6,Low,2.5213065589027637,-2.0701860807708212,High,Platinum
993,46,Male,Jacket,Outerwear,99,Louisiana,M,Gray,Winter,4.6,Yes,Express,Yes,50,Debit Card,Weekly,52,0.9615384615384616,5049,1,0.6,High,4.76021677570849,0.4391401771875564,High,Platinum
994,51,Male,Sandals,Footwear,90,Iowa,M,Peach,Winter,4.4,Yes,Store Pickup,Yes,25,Cash,Weekly,52,0.4807692307692308,2340,1,0.6,High,3.0297686965907538,0.031142333286049206,High,Platinum
995,53,Male,Shoes,Footwear,68,New York,L,Violet,Fall,3.2,Yes,Express,Yes,20,Debit Card,Monthly,12,1.6666666666666667,1428,1,0.6,Medium,0.30409294975392687,-1.3354430858460185,Medium,Gold
996,44,Male,Jewelry,Accessories,80,Idaho,M,Magenta,Spring,3.0,Yes,2-Day Shipping,Yes,10,Venmo,Weekly,52,0.19230769230769232,880,1,0.6,Low,1.9914998491201121,-2.0074051106340347,High,Silver
997,29,Male,Sandals,Footwear,91,Delaware,L,Maroon,Summer,4.9,Yes,Standard,Yes,32,Bank Transfer,Quarterly,4,8.0,3003,1,0.6,High,0.6587908015277844,2.729438235063388,Medium,Platinum
998,64,Male,Pants,Clothing,30,Kentucky,M,Cyan,Spring,3.6,Yes,Express,Yes,31,Cash,Fortnightly,26,1.1923076923076923,960,1,0.6,Medium,1.8983452504203786,-0.9009182142918902,High,Silver
999,51,Male,Shoes,Footwear,90,Connecticut,M,White,Spring,3.8,Yes,Next Day Air,Yes,48,Bank Transfer,Bi-Weekly,26,1.8461538461538463,4410,1,0.6,Medium,3.0750499442204395,-0.44693951307466817,High,Platinum
1000,50,Male,Socks,Clothing,28,New Mexico,L,Brown,Spring,2.9,Yes,Standard,Yes,23,Debit Card,Monthly,12,1.9166666666666667,672,1,0.6,Low,0.5117467192480553,-1.6894361523156627,Medium,Silver
1001,43,Male,Socks,Clothing,46,Georgia,M,Red,Winter,3.9,Yes,Express,Yes,1,Bank Transfer,Bi-Weekly,26,0.038461538461538464,92,1,0.6,Medium,-0.17819244452090466,-0.7870474026931987,Medium,Bronze
1002,61,Male,Dress,Clothing,60,Washington,M,Orange,Fall,3.6,Yes,Standard,Yes,4,Debit Card,Fortnightly,26,0.15384615384615385,300,1,0.6,Medium,0.029461324973223513,-1.1768033581861754,Medium,Bronze
1003,55,Male,Shoes,Footwear,59,North Dakota,M,White,Spring,3.5,Yes,Store Pickup,Yes,3,Bank Transfer,Bi-Weekly,26,0.11538461538461539,236,1,0.6,Medium,-0.039756598191485804,-1.3271579466019299,Medium,Bronze
1004,56,Male,Hat,Accessories,68,Ohio,M,Green,Fall,4.0,Yes,Store Pickup,Yes,3,Cash,Bi-Weekly,26,0.11538461538461539,272,1,0.6,Medium,-0.039756598191485804,-0.6264748459850633,Medium,Bronze
1005,33,Male,Backpack,Accessories,79,Tennessee,M,Black,Summer,4.8,Yes,2-Day Shipping,Yes,44,Cash,Annually,1,10.0,3555,1,0.6,High,1.3109369196783018,3.1206359661438228,High,Platinum
1006,43,Male,Backpack,Accessories,94,New York,M,Gold,Winter,3.9,Yes,Store Pickup,Yes,5,Debit Card,Bi-Weekly,26,0.19230769230769232,564,1,0.6,Medium,0.09867924813793294,-0.7461755295236749,Medium,Bronze
1007,21,Male,Pants,Clothing,83,Michigan,S,Lavender,Summer,4.5,Yes,Next Day Air,Yes,50,Venmo,Quarterly,4,10.0,4233,1,0.6,High,1.9047134184925545,2.700226105773703,High,Platinum
1008,58,Male,Gloves,Accessories,62,Georgia,XL,Turquoise,Spring,4.8,Yes,Standard,Yes,2,Credit Card,Annually,1,2.0,186,1,0.6,High,-1.596215853239495,0.9952985613285884,Low,Bronze
1009,41,Male,Scarf,Accessories,85,New Mexico,M,Pink,Spring,2.6,Yes,Store Pickup,Yes,29,PayPal,Annually,1,10.0,2550,1,0.6,Low,0.27266807220766,0.03763032342961048,Medium,Platinum
1010,39,Male,Hoodie,Clothing,30,Louisiana,M,Silver,Summer,3.1,Yes,Express,Yes,11,Venmo,Annually,1,10.0,360,1,0.6,Medium,-0.9732545447571099,0.7383134240464769,Low,Bronze
1011,54,Male,Jeans,Clothing,24,South Dakota,XL,Gray,Spring,4.7,Yes,2-Day Shipping,Yes,37,Credit Card,Fortnightly,26,1.4230769230769231,912,1,0.6,High,2.3136527894086356,0.7018924168195015,High,Silver
1012,43,Male,Backpack,Accessories,25,Montana,L,Indigo,Spring,2.9,Yes,Next Day Air,Yes,32,Debit Card,Fortnightly,26,1.2307692307692308,825,1,0.6,Low,1.9675631735850883,-1.8716565868631228,High,Silver
1013,28,Male,Sandals,Footwear,37,New Mexico,L,Teal,Summer,3.8,Yes,Express,Yes,27,Credit Card,Annually,1,10.0,1036,1,0.6,Medium,0.13423222587824113,1.7192697649100896,Medium,Silver
1014,59,Male,Belt,Accessories,69,South Carolina,XL,Green,Summer,3.8,Yes,2-Day Shipping,Yes,31,Venmo,Bi-Weekly,26,1.1923076923076923,2208,1,0.6,Medium,1.8983452504203786,-0.620644974045144,High,Gold
1015,28,Male,Shoes,Footwear,97,Ohio,M,Violet,Summer,3.0,Yes,Standard,Yes,36,Debit Card,Fortnightly,26,1.3846153846153846,3589,1,0.6,Low,2.244434866243926,-1.6906480935702257,High,Platinum
1016,68,Male,Gloves,Accessories,24,North Carolina,M,Cyan,Summer,4.1,Yes,Standard,Yes,34,Cash,Weekly,52,0.6538461538461539,840,1,0.6,High,3.652730005073139,-0.3432866697683576,High,Silver
1017,20,Male,Belt,Accessories,30,Idaho,XL,Blue,Summer,3.4,Yes,Express,Yes,15,Bank Transfer,Quarterly,4,3.75,480,1,0.6,Medium,-0.5179138922722761,-0.5016965630953051,Low,Bronze
1018,21,Male,Jacket,Outerwear,53,Oklahoma,L,Orange,Fall,2.5,Yes,Express,Yes,14,Credit Card,Annually,1,10.0,795,1,0.6,Low,-0.7656007752629816,-0.10250629669376288,Low,Silver
1019,50,Male,Dress,Clothing,70,Georgia,XL,Charcoal,Spring,4.9,Yes,Next Day Air,Yes,46,Cash,Weekly,52,0.8846153846153846,3290,1,0.6,High,4.483345083049652,0.8391141009729154,High,Platinum
1020,32,Male,Shirt,Clothing,76,Kentucky,S,Beige,Winter,2.8,Yes,Standard,Yes,33,Venmo,Bi-Weekly,26,1.2692307692307692,2584,1,0.6,Low,2.0367810967497975,-2.001575238694115,High,Platinum
1021,24,Male,Scarf,Accessories,95,Delaware,M,Black,Fall,4.5,Yes,Express,Yes,41,Debit Card,Annually,1,10.0,3990,1,0.6,High,1.1032831501841733,2.700226105773703,High,Platinum
1022,55,Male,Coat,Outerwear,51,Massachusetts,S,Lavender,Winter,4.9,Yes,2-Day Shipping,Yes,39,PayPal,Weekly,52,0.75,2040,1,0.6,High,3.998819620896686,0.8033512119495821,High,Gold
1023,61,Male,Handbag,Accessories,41,Nebraska,M,Lavender,Winter,4.9,Yes,Store Pickup,Yes,7,Cash,Annually,1,7.0,328,1,0.6,High,-1.2501262374159476,2.4637710594614837,Low,Bronze
1024,61,Male,Sunglasses,Accessories,71,Maine,S,Turquoise,Winter,3.5,Yes,Free Shipping,Yes,29,Bank Transfer,Quarterly,4,7.25,2130,1,0.6,Medium,0.45113703203365607,0.5682751716347333,Medium,Gold
1025,28,Male,T-shirt,Clothing,66,Pennsylvania,M,Purple,Summer,3.5,Yes,Free Shipping,Yes,18,Venmo,Quarterly,4,4.5,1254,1,0.6,Medium,-0.3102601227781481,-0.16230956127050347,Medium,Silver
1026,60,Male,Shirt,Clothing,84,Nebraska,M,Olive,Winter,4.9,Yes,Free Shipping,Yes,15,Credit Card,Annually,1,10.0,1344,1,0.6,High,-0.6963828520982722,3.260772586267197,Low,Gold
1027,49,Male,Handbag,Accessories,95,Virginia,L,Turquoise,Winter,3.0,Yes,Express,Yes,39,PayPal,Bi-Weekly,26,1.5,3800,1,0.6,Low,2.4520886357380545,-1.6599941886930827,High,Platinum
1028,33,Male,Jewelry,Accessories,90,Ohio,L,Teal,Summer,2.8,Yes,Next Day Air,Yes,11,Cash,Monthly,12,0.9166666666666666,1080,1,0.6,Low,-0.3188683587284582,-2.0952399480409403,Medium,Silver
1029,45,Male,Hoodie,Clothing,36,Nebraska,S,Lavender,Summer,3.7,Yes,Standard,Yes,4,Cash,Fortnightly,26,0.15384615384615385,180,1,0.6,Medium,0.029461324973223513,-1.036666738062802,Medium,Bronze
1030,29,Male,Gloves,Accessories,22,Ohio,M,Purple,Spring,3.6,Yes,2-Day Shipping,Yes,33,Venmo,Bi-Weekly,26,1.2692307692307692,748,1,0.6,Medium,2.0367810967497975,-0.8804822777071285,High,Silver
1031,58,Male,Coat,Outerwear,89,Kentucky,L,Blue,Winter,3.3,Yes,Next Day Air,Yes,37,Debit Card,Quarterly,4,9.25,3382,1,0.6,Medium,1.0048804173513317,0.819336282591795,High,Platinum
1032,22,Male,Sandals,Footwear,50,Tennessee,M,Teal,Spring,3.4,Yes,Free Shipping,Yes,32,Cash,Quarterly,4,8.0,1650,1,0.6,Medium,0.6587908015277844,0.627388933212788,Medium,Gold
1033,55,Male,Boots,Footwear,36,Maine,M,Lavender,Fall,4.0,Yes,Free Shipping,Yes,44,Credit Card,Quarterly,4,10.0,1620,1,0.6,Medium,1.4894058795042977,1.9995430051568364,High,Gold
1034,19,Male,Pants,Clothing,52,Montana,S,Silver,Spring,4.6,Yes,Free Shipping,Yes,41,Bank Transfer,Quarterly,4,10.0,2184,1,0.6,High,1.2817521100101694,2.8403627258970756,High,Gold
1035,68,Male,Socks,Clothing,29,Maryland,M,Olive,Fall,4.2,Yes,Next Day Air,Yes,44,Bank Transfer,Weekly,52,0.8461538461538461,1305,1,0.6,High,4.344909236720233,-0.15206020818307875,High,Silver
1036,61,Male,Blouse,Clothing,89,Georgia,M,Brown,Fall,2.8,Yes,Express,Yes,32,Venmo,Annually,1,10.0,2937,1,0.6,Low,0.4803218417017884,0.31790356367635675,Medium,Platinum
1037,68,Male,Handbag,Accessories,47,Hawaii,M,Yellow,Fall,3.7,Yes,2-Day Shipping,Yes,13,Bank Transfer,Monthly,12,1.0833333333333333,658,1,0.6,Medium,-0.18043251239903935,-0.7897325043302629,Medium,Bronze
1038,52,Male,Jewelry,Accessories,25,Rhode Island,XL,Brown,Spring,3.4,Yes,Standard,Yes,48,Debit Card,Quarterly,4,10.0,1225,1,0.6,Medium,1.7662775721631356,1.1587232844165967,High,Silver
1039,41,Male,Pants,Clothing,74,Nebraska,XL,Cyan,Fall,3.0,Yes,Express,Yes,3,Bank Transfer,Weekly,52,0.057692307692307696,296,1,0.6,Low,1.506974386967146,-2.043167999657368,High,Bronze
1040,29,Male,Belt,Accessories,46,Michigan,M,Magenta,Fall,4.8,Yes,Standard,Yes,39,Venmo,Monthly,12,3.25,1840,1,0.6,High,1.6192334898834064,1.3273825308309688,High,Gold
1041,68,Male,Jeans,Clothing,22,North Carolina,S,Magenta,Fall,4.0,Yes,Next Day Air,Yes,7,Cash,Fortnightly,26,0.2692307692307692,176,1,0.6,Medium,0.23711509446735202,-0.5856029728155396,Medium,Bronze
1042,36,Male,Shirt,Clothing,25,Minnesota,M,Orange,Summer,4.9,Yes,Next Day Air,Yes,11,Cash,Fortnightly,26,0.4230769230769231,300,1,0.6,High,0.5139867871261897,0.7164984814643441,Medium,Bronze
1043,55,Male,Belt,Accessories,80,Maryland,M,Maroon,Spring,4.9,Yes,Next Day Air,Yes,47,Credit Card,Weekly,52,0.9038461538461539,3840,1,0.6,High,4.552563006214362,0.8442230851191058,High,Platinum
1044,28,Male,Jeans,Clothing,76,Hawaii,M,Green,Spring,3.3,Yes,2-Day Shipping,Yes,28,Debit Card,Fortnightly,26,1.0769230769230769,2204,1,0.6,Medium,1.6906914809262503,-1.3519819795391532,High,Gold
1045,39,Male,Jeans,Clothing,30,Oregon,L,Teal,Summer,4.4,Yes,Next Day Air,Yes,17,Bank Transfer,Quarterly,4,4.25,540,1,0.6,High,-0.3794780459428573,1.0325032259393805,Medium,Bronze
1046,54,Male,Sweater,Clothing,79,New Mexico,L,Black,Fall,3.5,Yes,2-Day Shipping,Yes,11,PayPal,Bi-Weekly,26,0.4230769230769231,948,1,0.6,Medium,0.5139867871261897,-1.2454142002628825,Medium,Silver
1047,40,Male,Sneakers,Footwear,22,Illinois,M,Magenta,Winter,4.2,Yes,Standard,Yes,12,Venmo,Annually,1,10.0,286,1,0.6,High,-0.9040366215924007,2.279816245403583,Low,Bronze
1048,31,Male,Socks,Clothing,36,Utah,S,Olive,Fall,4.2,Yes,Standard,Yes,7,Credit Card,Fortnightly,26,0.2692307692307692,288,1,0.6,High,0.23711509446735202,-0.3053297325687928,Medium,Bronze
1049,30,Male,Socks,Clothing,77,Maine,L,Yellow,Fall,2.7,Yes,Standard,Yes,19,Venmo,Fortnightly,26,0.7307692307692307,1540,1,0.6,Low,1.0677301724438653,-2.2847634149108207,High,Gold
1050,45,Male,Sunglasses,Accessories,33,Virginia,S,Purple,Fall,2.8,Yes,Store Pickup,Yes,24,Cash,Quarterly,4,6.0,825,1,0.6,Low,0.10504741621010882,-0.7447651387312604,Medium,Silver
1051,48,Male,Sneakers,Footwear,64,Florida,M,Beige,Winter,3.8,Yes,Next Day Air,Yes,19,Venmo,Monthly,12,1.5833333333333333,1280,1,0.6,Medium,0.23487502658921744,-0.516762296405938,Medium,Silver
1052,45,Male,Socks,Clothing,53,Ohio,M,Indigo,Fall,2.6,Yes,Free Shipping,Yes,39,PayPal,Annually,1,10.0,2120,1,0.6,Low,0.9648473038547546,0.03763032342961048,High,Gold
1053,60,Male,Shoes,Footwear,36,Virginia,XL,Pink,Fall,3.0,Yes,2-Day Shipping,Yes,1,Credit Card,Fortnightly,26,0.038461538461538464,72,1,0.6,Low,-0.17819244452090466,-2.048276983803558,Medium,Bronze
1054,59,Male,Blouse,Clothing,70,Kansas,M,Blue,Spring,3.3,No,2-Day Shipping,Yes,10,Debit Card,Bi-Weekly,26,0.38461538461538464,770,1,1.0,Medium,-0.5552311360385197,-1.53590540880201,Low,Silver
1055,18,Male,Shorts,Clothing,96,Arkansas,L,Cyan,Winter,4.9,No,Express,Yes,48,PayPal,Quarterly,4,10.0,4704,1,1.0,High,0.7662775721631356,3.260772586267197,Medium,Platinum
1056,70,Male,Jacket,Outerwear,27,Massachusetts,M,Orange,Spring,3.3,No,Next Day Air,Yes,24,Debit Card,Annually,1,10.0,675,1,1.0,Medium,-1.0734215436158872,1.018586664293223,Low,Silver
1057,20,Male,Sweater,Clothing,64,Idaho,L,Black,Winter,2.9,No,2-Day Shipping,Yes,42,Venmo,Fortnightly,26,1.6153846153846154,2752,1,1.0,Low,1.6597424052321825,-1.7694769039393132,High,Platinum
1058,65,Male,Jacket,Outerwear,23,Wisconsin,S,Maroon,Spring,4.4,No,2-Day Shipping,Yes,20,Credit Card,Weekly,52,0.38461538461538464,483,1,1.0,High,1.6836790807672066,0.005597412555096826,High,Bronze
1059,29,Male,Scarf,Accessories,33,New Mexico,L,Violet,Summer,3.1,No,Next Day Air,Yes,49,Bank Transfer,Quarterly,4,10.0,1650,1,1.0,Medium,0.8354954953278451,0.7383134240464769,High,Gold
1060,22,Male,Jacket,Outerwear,34,North Carolina,M,Beige,Winter,2.5,No,Standard,Yes,25,Debit Card,Monthly,12,2.0833333333333335,884,1,1.0,Low,-0.34981743442252583,-2.2057047702088384,Medium,Silver
1061,27,Male,Sweater,Clothing,35,Iowa,S,Gray,Summer,2.6,No,Next Day Air,Yes,21,Debit Card,Quarterly,4,5.25,770,1,1.0,Low,-1.1026063532840196,-1.2242887606794348,Low,Silver
1062,36,Male,Coat,Outerwear,62,Idaho,M,Gray,Summer,4.4,No,Free Shipping,Yes,12,Venmo,Quarterly,4,3.0,806,1,1.0,High,-1.7255676617664046,0.7004192564370002,Low,Silver
1063,59,Male,Boots,Footwear,75,Ohio,M,Brown,Fall,2.6,No,Next Day Air,Yes,21,Debit Card,Quarterly,4,5.25,1650,1,1.0,Low,-1.1026063532840196,-1.2242887606794348,Low,Gold
1064,62,Male,Hoodie,Clothing,29,Alabama,S,Indigo,Summer,3.3,No,Free Shipping,Yes,35,Cash,Monthly,12,2.9166666666666665,1044,1,1.0,Medium,0.34236179722456866,-0.8632224962202654,Medium,Silver
1065,34,Male,Hat,Accessories,28,Wyoming,M,Violet,Spring,3.5,No,Express,Yes,42,Credit Card,Quarterly,4,10.0,1204,1,1.0,Medium,0.35097003317487885,1.29885990453997,Medium,Silver
1066,59,Male,T-shirt,Clothing,20,Alabama,XL,Blue,Spring,4.1,No,Store Pickup,Yes,3,PayPal,Quarterly,4,0.75,80,1,1.0,High,-2.3485289702487897,-0.3177417490374052,Low,Bronze
1067,49,Male,Coat,Outerwear,96,Mississippi,M,Red,Winter,4.0,No,Store Pickup,Yes,11,PayPal,Bi-Weekly,26,0.4230769230769231,1152,1,1.0,Medium,-0.4860132128738103,-0.544731099646016,Low,Silver
1068,18,Male,Dress,Clothing,43,Pennsylvania,S,Peach,Summer,2.7,No,2-Day Shipping,Yes,22,PayPal,Quarterly,4,5.5,989,1,1.0,Low,-1.0333884301193101,-1.0177353466555852,Low,Silver
1069,55,Male,Shirt,Clothing,94,Wyoming,M,Olive,Fall,2.5,No,Standard,Yes,47,Credit Card,Weekly,52,0.9038461538461539,4512,1,1.0,Low,3.5525630062143616,-2.5190557978418537,High,Platinum
1070,38,Male,Skirt,Clothing,81,Maryland,XL,White,Fall,4.3,No,Next Day Air,Yes,33,Venmo,Quarterly,4,8.25,2754,1,1.0,High,-0.2719912753075062,1.9550353082236236,Medium,Platinum
1071,50,Male,Jewelry,Accessories,75,North Carolina,M,Magenta,Summer,3.3,No,Free Shipping,Yes,50,Debit Card,Weekly,52,0.9615384615384616,3825,1,1.0,Medium,3.76021677570849,-1.382635884416296,High,Platinum
1072,61,Male,Hat,Accessories,81,Pennsylvania,M,Beige,Summer,2.6,No,Express,Yes,46,Credit Card,Monthly,12,3.8333333333333335,3807,1,1.0,Low,1.1037589520363724,-1.6006505927821324,High,Platinum
1073,48,Male,Shorts,Clothing,92,Idaho,L,Gold,Fall,3.8,No,Express,Yes,34,Debit Card,Fortnightly,26,1.3076923076923077,3220,1,1.0,Medium,1.105999019914507,-0.5899910691680014,High,Platinum
1074,22,Male,Scarf,Accessories,96,California,XL,Purple,Spring,4.0,No,Store Pickup,Yes,33,Credit Card,Monthly,12,2.75,3264,1,1.0,Medium,0.2039259508951497,0.0734559820430305,Medium,Platinum
1075,48,Male,Jewelry,Accessories,71,Tennessee,S,White,Fall,2.6,No,Standard,Yes,45,Bank Transfer,Fortnightly,26,1.7307692307692308,3266,1,1.0,Low,1.867396174726311,-2.15923285943229,High,Platinum
1076,57,Male,Sunglasses,Accessories,50,Missouri,L,Indigo,Summer,4.9,No,Next Day Air,Yes,32,Debit Card,Bi-Weekly,26,1.2307692307692308,1650,1,1.0,High,0.9675631735850881,0.9310758156043438,High,Gold
1077,33,Male,Coat,Outerwear,72,North Dakota,L,Charcoal,Spring,2.9,No,Standard,Yes,47,Venmo,Bi-Weekly,26,1.8076923076923077,3456,1,1.0,Low,2.00583202105573,-1.7183870624774087,High,Platinum
1078,58,Male,Jacket,Outerwear,28,West Virginia,M,Pink,Winter,3.7,No,Standard,Yes,5,PayPal,Quarterly,4,1.25,168,1,1.0,Medium,-2.210093123919371,-0.7454546417299455,Low,Bronze
1079,37,Male,Sweater,Clothing,59,Arizona,M,Silver,Fall,4.4,No,Express,Yes,49,Credit Card,Fortnightly,26,1.8846153846153846,2950,1,1.0,High,2.1442678673851487,0.40409817595795317,High,Platinum
1080,18,Male,Coat,Outerwear,33,Oklahoma,S,Blue,Summer,4.4,No,Free Shipping,Yes,48,Bank Transfer,Monthly,12,4.0,1617,1,1.0,High,1.2421947983657915,0.9660864320389045,High,Gold
1081,65,Male,Scarf,Accessories,59,Pennsylvania,L,Blue,Fall,3.8,No,Express,Yes,22,Cash,Quarterly,4,5.5,1357,1,1.0,Medium,-1.0333884301193101,0.5237674747015204,Low,Gold
1082,62,Male,Belt,Accessories,30,Idaho,XL,Brown,Spring,4.5,No,Standard,Yes,45,Credit Card,Annually,1,10.0,1380,1,1.0,High,0.38015484284301115,2.700226105773703,Medium,Gold
1083,54,Male,Hat,Accessories,85,South Carolina,XL,Cyan,Winter,2.6,No,Next Day Air,Yes,30,Venmo,Quarterly,4,7.5,2635,1,1.0,Low,-0.4796450448016345,-0.6265376155751502,Medium,Platinum
1084,35,Male,Backpack,Accessories,97,Washington,L,Teal,Summer,3.3,No,Store Pickup,Yes,43,Cash,Weekly,52,0.8269230769230769,4268,1,1.0,Medium,3.275691313555524,-1.4183987734396295,High,Platinum
1085,34,Male,T-shirt,Clothing,36,Arkansas,S,Purple,Fall,4.1,No,Next Day Air,Yes,48,Cash,Quarterly,4,10.0,1764,1,1.0,High,0.7662775721631356,2.139679625280209,Medium,Gold
1086,25,Male,Jewelry,Accessories,85,Utah,M,Turquoise,Winter,3.0,No,Store Pickup,Yes,23,Venmo,Fortnightly,26,0.8846153846153846,2040,1,1.0,Low,0.34460186510270313,-1.8234816813711778,Medium,Gold
1087,53,Male,Sunglasses,Accessories,62,Alaska,M,Olive,Winter,3.0,No,Free Shipping,Yes,27,PayPal,Bi-Weekly,26,1.0384615384615385,1736,1,1.0,Low,0.6214735577615409,-1.782609808201654,Medium,Gold
1088,45,Male,Jeans,Clothing,71,West Virginia,S,White,Winter,3.4,No,Next Day Air,Yes,7,Bank Transfer,Monthly,12,0.5833333333333334,568,1,1.0,Medium,-1.595740051387296,-1.3429759525013352,Low,Bronze
1089,49,Male,Pants,Clothing,21,Louisiana,M,Turquoise,Winter,2.7,No,Free Shipping,Yes,2,PayPal,Weekly,52,0.038461538461538464,63,1,1.0,Low,0.4377564638024365,-2.4686868441736776,Medium,Bronze
1090,40,Male,Backpack,Accessories,61,Arizona,M,Silver,Spring,3.8,No,Next Day Air,Yes,33,PayPal,Bi-Weekly,26,1.2692307692307692,2074,1,1.0,Medium,1.0367810967497975,-0.6002090374603822,High,Gold
1091,38,Male,Scarf,Accessories,58,Connecticut,M,Violet,Spring,4.2,No,Store Pickup,Yes,27,Cash,Fortnightly,26,1.0384615384615385,1624,1,1.0,High,0.6214735577615409,-0.10097036672117421,Medium,Gold
1092,44,Male,Sweater,Clothing,80,North Carolina,L,Lavender,Spring,4.7,No,Store Pickup,Yes,6,Credit Card,Fortnightly,26,0.23076923076923078,560,1,1.0,High,-0.8321028286973574,0.38513539975569266,Low,Bronze
1093,68,Male,Jewelry,Accessories,50,South Dakota,L,Magenta,Spring,4.1,No,2-Day Shipping,Yes,20,Venmo,Quarterly,4,5.0,1050,1,1.0,High,-1.171824276448729,0.8113437472706879,Low,Silver
1094,60,Male,Sneakers,Footwear,48,Delaware,S,Indigo,Winter,4.2,No,2-Day Shipping,Yes,46,Venmo,Quarterly,4,10.0,2256,1,1.0,High,0.6278417258337166,2.279816245403583,Medium,Gold
1095,25,Male,Jewelry,Accessories,40,Connecticut,M,Black,Winter,4.8,No,Next Day Air,Yes,25,Cash,Quarterly,4,6.25,1040,1,1.0,High,-0.8257346606251817,2.1243840576366813,Low,Silver
1096,19,Male,Coat,Outerwear,34,Tennessee,S,Peach,Summer,3.0,No,Free Shipping,Yes,30,Bank Transfer,Quarterly,4,7.5,1054,1,1.0,Low,-0.4796450448016345,-0.06599113508165722,Medium,Silver
1097,57,Male,Coat,Outerwear,46,New Hampshire,S,Beige,Fall,2.6,No,Standard,Yes,48,Credit Card,Annually,1,10.0,2254,1,1.0,Low,0.5878086123371397,0.03763032342961048,Medium,Gold
1098,58,Male,Sunglasses,Accessories,27,Vermont,M,Black,Summer,3.2,No,Store Pickup,Yes,47,Bank Transfer,Weekly,52,0.9038461538461539,1296,1,1.0,Medium,3.5525630062143616,-1.5380994569782405,High,Silver
1099,49,Male,Handbag,Accessories,98,Idaho,S,Turquoise,Spring,3.6,No,Next Day Air,Yes,27,Credit Card,Weekly,52,0.5192307692307693,2744,1,1.0,Medium,2.1682045429201726,-1.0797326594085566,High,Platinum
1100,19,Male,Sweater,Clothing,73,North Carolina,M,Peach,Fall,2.6,No,Next Day Air,Yes,45,Bank Transfer,Fortnightly,26,1.7307692307692308,3358,1,1.0,Low,1.867396174726311,-2.15923285943229,High,Platinum
1101,50,Male,Pants,Clothing,28,Nevada,L,Gold,Spring,4.4,No,Express,Yes,2,Credit Card,Weekly,52,0.038461538461538464,84,1,1.0,High,0.4377564638024365,-0.08636430207633161,Medium,Bronze
1102,30,Male,Gloves,Accessories,76,Delaware,XL,Silver,Fall,3.0,No,Free Shipping,Yes,39,Cash,Fortnightly,26,1.5,3040,1,1.0,Low,1.4520886357380545,-1.6599941886930827,High,Platinum
1103,52,Male,Sweater,Clothing,83,Texas,M,Peach,Fall,2.9,No,Express,Yes,24,Cash,Fortnightly,26,0.9230769230769231,2075,1,1.0,Low,0.41381978826741256,-1.95340033320217,Medium,Gold
1104,35,Male,Hoodie,Clothing,23,Tennessee,S,Charcoal,Spring,4.3,No,Free Shipping,Yes,8,Debit Card,Bi-Weekly,26,0.3076923076923077,207,1,1.0,High,-0.6936669823679386,-0.15497514415303915,Low,Bronze
1105,35,Male,Hat,Accessories,28,Delaware,M,Beige,Fall,3.1,No,Express,Yes,8,Bank Transfer,Quarterly,4,2.0,252,1,1.0,Medium,-2.0024393544252423,-1.3870239807687572,Low,Bronze
1106,33,Male,T-shirt,Clothing,83,Massachusetts,S,Olive,Spring,3.0,No,Next Day Air,Yes,6,Venmo,Quarterly,4,1.5,581,1,1.0,Low,-2.140875200754661,-1.6599941886930827,Low,Bronze
1107,52,Male,Skirt,Clothing,96,Minnesota,L,Violet,Winter,3.6,No,Store Pickup,Yes,12,Venmo,Fortnightly,26,0.46153846153846156,1248,1,1.0,Medium,-0.41679528970910085,-1.0950596118471279,Medium,Silver
1108,69,Male,Sneakers,Footwear,62,Texas,M,Peach,Fall,2.8,No,Store Pickup,Yes,26,Bank Transfer,Weekly,52,0.5,1674,1,1.0,Low,2.0989866197554634,-2.2059346045417336,High,Gold
1109,27,Male,Shorts,Clothing,25,Nebraska,M,Teal,Fall,2.8,No,Standard,Yes,50,Cash,Fortnightly,26,1.9230769230769231,1275,1,1.0,Low,2.2134857905498584,-1.8278697777236392,High,Silver
1110,66,Male,Hoodie,Clothing,97,Oklahoma,L,Violet,Winter,3.8,No,Next Day Air,Yes,2,Venmo,Weekly,52,0.038461538461538464,291,1,1.0,Medium,0.4377564638024365,-0.9271840228165721,Medium,Bronze
1111,28,Male,Hoodie,Clothing,61,Texas,L,Cyan,Fall,3.0,No,Standard,Yes,31,Cash,Bi-Weekly,26,1.1923076923076923,1952,1,1.0,Low,0.8983452504203787,-1.74173793503213,High,Gold
1112,22,Male,Shoes,Footwear,66,New York,S,Olive,Summer,4.1,No,Next Day Air,Yes,4,Credit Card,Bi-Weekly,26,0.15384615384615385,330,1,1.0,High,-0.9705386750267765,-0.4761202575693097,Low,Bronze
1113,69,Male,Hoodie,Clothing,67,Washington,XL,Pink,Spring,4.6,No,Free Shipping,Yes,32,PayPal,Quarterly,4,8.0,2211,1,1.0,High,-0.34120919847221565,2.309028374693267,Medium,Gold
1114,28,Male,Sunglasses,Accessories,80,Maryland,M,Purple,Summer,4.8,No,Next Day Air,Yes,11,PayPal,Bi-Weekly,26,0.4230769230769231,960,1,1.0,High,-0.4860132128738103,0.5763618613409701,Low,Silver
1115,55,Male,Skirt,Clothing,25,New Hampshire,L,Violet,Fall,2.6,No,Next Day Air,Yes,47,Bank Transfer,Quarterly,4,10.0,1200,1,1.0,Low,0.6970596489984262,0.03763032342961048,Medium,Silver
1116,30,Male,Hat,Accessories,58,New York,S,Peach,Fall,4.0,No,2-Day Shipping,Yes,37,Cash,Weekly,52,0.7115384615384616,2204,1,1.0,Medium,2.8603837745672673,-0.4680963374531589,High,Gold
1117,67,Male,Backpack,Accessories,96,Hawaii,M,Charcoal,Winter,4.2,No,Express,Yes,39,PayPal,Fortnightly,26,1.5,3840,1,1.0,High,1.4520886357380545,0.02164525278739704,High,Platinum
1118,25,Male,Sunglasses,Accessories,77,California,L,Lavender,Spring,4.5,No,Store Pickup,Yes,24,Credit Card,Monthly,12,2.0,1925,1,1.0,High,-0.4190353575872353,0.5748887009584688,Medium,Gold
1119,49,Male,Belt,Accessories,65,Indiana,M,Purple,Summer,4.9,No,Standard,Yes,11,PayPal,Quarterly,4,2.75,780,1,1.0,High,-1.794785584931114,1.3346855631533907,Low,Silver
1120,34,Male,Jewelry,Accessories,36,Louisiana,M,Indigo,Spring,3.1,No,Standard,Yes,36,Credit Card,Weekly,52,0.6923076923076923,1332,1,1.0,Medium,2.7911658514025577,-1.734434902709709,High,Gold
1121,22,Male,Sneakers,Footwear,84,Pennsylvania,M,Magenta,Winter,4.0,No,Next Day Air,Yes,40,Debit Card,Monthly,12,3.3333333333333335,3444,1,1.0,Medium,0.6884514130481159,0.22842850114414134,Medium,Platinum
1122,63,Male,T-shirt,Clothing,58,Florida,XL,Peach,Fall,3.2,No,Express,Yes,25,Cash,Quarterly,4,6.25,1508,1,1.0,Medium,-0.8257346606251817,-0.11780186433729067,Low,Gold
1123,70,Male,Handbag,Accessories,62,North Carolina,S,Charcoal,Spring,4.3,No,2-Day Shipping,Yes,12,Credit Card,Annually,1,10.0,806,1,1.0,High,-1.9040366215924007,2.419952865526956,Low,Silver
1124,36,Male,Hat,Accessories,67,Massachusetts,S,Purple,Fall,2.5,No,Store Pickup,Yes,38,Cash,Monthly,12,3.1666666666666665,2613,1,1.0,Low,0.550015566718697,-1.9178986633067754,Medium,Platinum
1125,42,Male,Sweater,Clothing,20,Iowa,M,Orange,Spring,3.8,No,Express,Yes,40,Cash,Quarterly,4,10.0,820,1,1.0,Medium,0.21253418684546,1.7192697649100896,Medium,Silver
1126,27,Male,Sandals,Footwear,90,North Dakota,M,Lavender,Summer,2.7,No,2-Day Shipping,Yes,10,Bank Transfer,Weekly,52,0.19230769230769232,990,1,1.0,Low,0.9914998491201121,-2.427814971004154,High,Silver
1127,23,Male,Scarf,Accessories,58,Iowa,L,Beige,Winter,3.4,No,Standard,Yes,47,Venmo,Fortnightly,26,1.8076923076923077,2784,1,1.0,Medium,2.00583202105573,-1.0177039618605421,High,Platinum
1128,50,Male,Shirt,Clothing,53,Delaware,XL,Maroon,Spring,4.8,No,Store Pickup,Yes,22,Debit Card,Monthly,12,1.8333333333333333,1219,1,1.0,High,-0.5574712039166542,0.951020698728271,Low,Silver
1129,56,Male,Gloves,Accessories,30,New York,L,Charcoal,Winter,4.7,No,Next Day Air,Yes,35,Debit Card,Monthly,12,2.9166666666666665,1080,1,1.0,High,0.34236179722456866,1.098690185506961,Medium,Silver
1130,37,Male,Hoodie,Clothing,65,New Hampshire,XL,White,Winter,4.7,No,Express,Yes,46,Venmo,Fortnightly,26,1.7692307692307692,3055,1,1.0,High,1.9366140978910202,0.7938541314509299,High,Platinum
1131,67,Male,Jewelry,Accessories,41,Kentucky,M,Lavender,Summer,3.9,No,Standard,Yes,30,PayPal,Bi-Weekly,26,1.1538461538461537,1271,1,1.0,Medium,0.8291273272556693,-0.4907263222141517,High,Silver
1132,67,Male,Shirt,Clothing,73,Illinois,M,Black,Spring,3.7,No,Express,Yes,20,Bank Transfer,Monthly,12,1.6666666666666667,1533,1,1.0,Medium,-0.6959070502460731,-0.634759985229152,Low,Gold
1133,50,Male,Hoodie,Clothing,98,North Carolina,S,Teal,Spring,4.3,No,Store Pickup,Yes,25,Cash,Fortnightly,26,0.9615384615384616,2548,1,1.0,High,0.48303771143212204,0.018730316817436865,Medium,Platinum
1134,36,Male,Shoes,Footwear,36,Connecticut,XL,Magenta,Winter,4.1,No,2-Day Shipping,Yes,29,Cash,Weekly,52,0.5576923076923077,1080,1,1.0,High,2.3066403892495915,-0.36883159049930997,High,Silver
1135,62,Male,T-shirt,Clothing,81,Wisconsin,M,Brown,Summer,3.8,No,Express,Yes,2,Venmo,Quarterly,4,0.5,243,1,1.0,Medium,-2.417746893413499,-0.8045684033080008,Low,Bronze
1136,65,Male,Skirt,Clothing,90,Massachusetts,L,Peach,Winter,3.6,No,2-Day Shipping,Yes,32,Bank Transfer,Quarterly,4,8.0,2970,1,1.0,Medium,-0.34120919847221565,0.9076621734595347,Medium,Platinum
1137,23,Male,Handbag,Accessories,83,Illinois,S,Cyan,Summer,4.8,No,Free Shipping,Yes,37,Cash,Monthly,12,3.0833333333333335,3154,1,1.0,High,0.4807976435539875,1.2831046682306515,Medium,Platinum
1138,46,Male,Shirt,Clothing,91,New Mexico,XL,Pink,Winter,2.8,No,2-Day Shipping,Yes,16,Bank Transfer,Quarterly,4,4.0,1547,1,1.0,Low,-1.448695969107567,-1.2760994899350688,Low,Gold
1139,18,Male,Pants,Clothing,36,Iowa,M,Purple,Summer,4.7,No,Express,Yes,32,Venmo,Fortnightly,26,1.2307692307692308,1188,1,1.0,High,0.9675631735850881,0.6508025753575969,High,Silver
1140,58,Male,Coat,Outerwear,53,Alabama,L,Purple,Spring,3.9,No,Standard,Yes,42,Debit Card,Bi-Weekly,26,1.6153846153846154,2279,1,1.0,Medium,1.6597424052321825,-0.36811070270558044,High,Gold
1141,31,Male,Jeans,Clothing,39,Maryland,M,White,Winter,2.6,No,Store Pickup,Yes,6,Credit Card,Quarterly,4,1.5,273,1,1.0,Low,-2.140875200754661,-2.2205406691865757,Low,Bronze
1142,39,Male,Gloves,Accessories,33,Ohio,S,Silver,Winter,4.7,No,Next Day Air,Yes,23,PayPal,Fortnightly,26,0.8846153846153846,792,1,1.0,High,0.34460186510270313,0.5588408607261685,Medium,Silver
1143,69,Male,T-shirt,Clothing,76,Ohio,L,Green,Spring,3.5,No,Store Pickup,Yes,27,Venmo,Bi-Weekly,26,1.0384615384615385,2128,1,1.0,Medium,0.6214735577615409,-1.0819267075847874,Medium,Gold
1144,68,Male,Boots,Footwear,23,Nevada,L,Teal,Winter,4.4,No,Standard,Yes,43,PayPal,Quarterly,4,10.0,1012,1,1.0,High,0.4201879563395883,2.5600894856503302,Medium,Silver
1145,41,Male,Jeans,Clothing,54,South Carolina,S,Indigo,Fall,4.4,No,2-Day Shipping,Yes,25,Bank Transfer,Fortnightly,26,0.9615384615384616,1404,1,1.0,High,0.48303771143212204,0.1588669369408109,Medium,Gold
1146,31,Male,Sneakers,Footwear,89,Nevada,L,Pink,Summer,3.0,No,Express,Yes,30,Cash,Quarterly,4,7.5,2759,1,1.0,Low,-0.4796450448016345,-0.06599113508165722,Medium,Platinum
1147,48,Male,Sneakers,Footwear,38,Wisconsin,M,Indigo,Summer,4.2,No,Standard,Yes,7,Bank Transfer,Quarterly,4,1.75,304,1,1.0,High,-2.071657277589952,0.0880620466878731,Low,Bronze
1148,59,Male,Hat,Accessories,36,Tennessee,XL,Red,Winter,4.3,No,Next Day Air,Yes,17,Debit Card,Annually,1,10.0,648,1,1.0,High,-1.5579470057688534,2.419952865526956,Low,Bronze
1149,34,Male,Pants,Clothing,66,Florida,M,Violet,Spring,2.6,No,Store Pickup,Yes,10,PayPal,Fortnightly,26,0.38461538461538464,726,1,1.0,Low,-0.5552311360385197,-2.516861749665623,Low,Silver
1150,21,Male,Jewelry,Accessories,42,Georgia,L,Cyan,Spring,3.3,No,Store Pickup,Yes,40,Venmo,Annually,1,10.0,1722,1,1.0,Medium,0.03406522701946402,1.018586664293223,Medium,Gold
1151,29,Male,Jewelry,Accessories,36,Kentucky,S,Red,Winter,2.7,No,Next Day Air,Yes,50,Venmo,Bi-Weekly,26,1.9230769230769231,1836,1,1.0,Low,2.2134857905498584,-1.968006397847012,High,Gold
1152,41,Male,Blouse,Clothing,86,Ohio,M,Gray,Spring,3.8,No,Express,Yes,24,Credit Card,Weekly,52,0.46153846153846156,2150,1,1.0,Medium,1.9605507734260443,-0.8147863716003817,High,Gold
1153,62,Male,Handbag,Accessories,49,Connecticut,M,Gold,Fall,4.0,No,Standard,Yes,8,PayPal,Quarterly,4,2.0,441,1,1.0,Medium,-2.0024393544252423,-0.12579439965839773,Low,Bronze
1154,27,Male,Shirt,Clothing,41,Idaho,M,Pink,Summer,4.0,No,Free Shipping,Yes,6,Bank Transfer,Quarterly,4,1.5,287,1,1.0,Medium,-2.140875200754661,-0.25862798745934984,Low,Bronze
1155,49,Male,Dress,Clothing,82,Georgia,L,Cyan,Spring,2.9,No,2-Day Shipping,Yes,44,Credit Card,Bi-Weekly,26,1.6923076923076923,3690,1,1.0,Low,1.7981782515616014,-1.7490409673545515,High,Platinum
1156,67,Male,T-shirt,Clothing,53,Tennessee,S,Red,Fall,2.6,No,Express,Yes,47,PayPal,Quarterly,4,10.0,2544,1,1.0,Low,0.6970596489984262,0.03763032342961048,Medium,Platinum
1157,20,Male,Shoes,Footwear,21,Hawaii,M,Gold,Summer,4.8,No,Express,Yes,6,Venmo,Quarterly,4,1.5,147,1,1.0,High,-2.140875200754661,0.8624649735276363,Low,Bronze
1158,37,Male,Belt,Accessories,66,Maryland,M,Charcoal,Fall,4.4,No,Standard,Yes,11,Cash,Quarterly,4,2.75,792,1,1.0,High,-1.794785584931114,0.6340024625365241,Low,Silver
1159,69,Male,Belt,Accessories,89,Nevada,L,Orange,Summer,4.0,No,2-Day Shipping,Yes,41,Bank Transfer,Annually,1,10.0,3738,1,1.0,Medium,0.10328315018417344,1.9995430051568364,Medium,Platinum
1160,66,Male,Handbag,Accessories,55,New Hampshire,L,Blue,Fall,3.6,No,2-Day Shipping,Yes,46,Venmo,Quarterly,4,10.0,2585,1,1.0,Medium,0.6278417258337166,1.4389965246633434,Medium,Platinum
1161,37,Male,Scarf,Accessories,42,North Dakota,S,Blue,Summer,3.2,No,Next Day Air,Yes,9,Venmo,Bi-Weekly,26,0.34615384615384615,420,1,1.0,Medium,-0.6244490592032291,-1.6862599972177637,Low,Bronze
1162,63,Male,Shorts,Clothing,52,Oklahoma,S,Orange,Fall,3.1,No,2-Day Shipping,Yes,37,PayPal,Monthly,12,3.0833333333333335,1976,1,1.0,Medium,0.4807976435539875,-1.0992178738666942,Medium,Gold
1163,47,Male,Sandals,Footwear,92,North Carolina,M,Blue,Winter,4.2,No,Express,Yes,13,PayPal,Weekly,52,0.25,1288,1,1.0,High,1.1991536186142404,-0.31043871671498324,High,Silver
1164,26,Male,Pants,Clothing,56,Tennessee,L,White,Summer,3.0,No,2-Day Shipping,Yes,24,Debit Card,Monthly,12,2.0,1400,1,1.0,Low,-0.4190353575872353,-1.5271606008921306,Medium,Gold
1165,68,Male,Dress,Clothing,96,Montana,M,Green,Winter,4.2,No,Standard,Yes,47,PayPal,Quarterly,4,10.0,4608,1,1.0,High,0.6970596489984262,2.279816245403583,Medium,Platinum
1166,51,Male,T-shirt,Clothing,64,Wisconsin,M,Silver,Winter,2.9,No,Next Day Air,Yes,21,Venmo,Quarterly,4,5.25,1408,1,1.0,Low,-1.1026063532840196,-0.8038789003093152,Low,Gold
1167,48,Male,Dress,Clothing,48,Connecticut,S,Lavender,Winter,3.7,No,Store Pickup,Yes,22,Venmo,Fortnightly,26,0.8461538461538461,1104,1,1.0,Medium,0.27538394193799365,-0.8527433087999452,Medium,Silver
1168,60,Male,Socks,Clothing,83,New Jersey,XL,Beige,Summer,3.6,No,Free Shipping,Yes,16,PayPal,Quarterly,4,4.0,1411,1,1.0,Medium,-1.448695969107567,-0.1550065289480822,Low,Gold
1169,68,Male,Scarf,Accessories,91,Mississippi,L,Violet,Summer,3.6,No,Standard,Yes,37,Debit Card,Fortnightly,26,1.4230769230769231,3458,1,1.0,Medium,1.3136527894086354,-0.8396104045376047,High,Platinum
1170,25,Male,Backpack,Accessories,94,Wyoming,S,Gray,Fall,4.5,No,2-Day Shipping,Yes,3,Cash,Annually,1,3.0,376,1,1.0,High,-2.526997930074786,0.8405558765603731,Low,Bronze
1171,57,Male,Skirt,Clothing,62,Illinois,S,Red,Spring,3.2,No,Express,Yes,33,Cash,Bi-Weekly,26,1.2692307692307692,2108,1,1.0,Medium,1.0367810967497975,-1.4410287582006216,High,Gold
1172,41,Male,Socks,Clothing,55,Louisiana,M,Lavender,Spring,3.9,No,Next Day Air,Yes,15,Debit Card,Annually,1,10.0,880,1,1.0,Medium,-1.6963828520982722,1.859406385033463,Low,Silver
1173,59,Male,Coat,Outerwear,68,Oregon,L,Peach,Spring,4.6,No,Store Pickup,Yes,42,Bank Transfer,Bi-Weekly,26,1.6153846153846154,2924,1,1.0,High,1.6597424052321825,0.6128456381580322,High,Platinum
1174,44,Male,Jewelry,Accessories,76,South Dakota,M,Indigo,Winter,2.5,No,Express,Yes,42,Cash,Bi-Weekly,26,1.6153846153846154,3268,1,1.0,Low,1.6597424052321825,-2.330023384432806,High,Platinum
1175,42,Male,Backpack,Accessories,31,Michigan,M,Black,Winter,4.3,No,Express,Yes,19,Bank Transfer,Bi-Weekly,26,0.7307692307692307,620,1,1.0,High,0.06773017244386531,-0.04257749293684876,Medium,Bronze
1176,35,Male,Belt,Accessories,81,New Jersey,M,Beige,Spring,4.1,No,Store Pickup,Yes,26,PayPal,Quarterly,4,6.5,2187,1,1.0,High,-0.7565167374604723,1.2098445106735443,Low,Gold
1177,36,Male,Dress,Clothing,83,Oregon,M,Red,Winter,3.8,No,Free Shipping,Yes,39,PayPal,Quarterly,4,9.75,3320,1,1.0,Medium,0.14331626368075057,1.6528529710096136,Medium,Platinum
1178,54,Male,Skirt,Clothing,21,Iowa,M,Black,Spring,4.8,No,Standard,Yes,24,Debit Card,Monthly,12,2.0,525,1,1.0,High,-0.4190353575872353,0.9952985613285884,Medium,Bronze
1179,37,Male,Dress,Clothing,22,South Carolina,M,Teal,Spring,4.9,No,Express,Yes,23,Debit Card,Annually,1,10.0,528,1,1.0,High,-1.1426394667805966,3.260772586267197,Low,Bronze
1180,20,Male,T-shirt,Clothing,33,Indiana,M,Blue,Summer,2.8,No,Free Shipping,Yes,44,Bank Transfer,Annually,1,10.0,1485,1,1.0,Low,0.3109369196783017,0.31790356367635675,Medium,Gold
1181,23,Male,Skirt,Clothing,23,Oregon,S,Beige,Spring,4.9,No,Standard,Yes,34,Cash,Monthly,12,2.8333333333333335,805,1,1.0,High,0.27314387405985924,1.3568244944535492,Medium,Silver
1182,61,Male,Shorts,Clothing,96,New York,L,Teal,Summer,3.5,No,Free Shipping,Yes,43,Bank Transfer,Quarterly,4,10.0,4224,1,1.0,Medium,0.4201879563395883,1.29885990453997,Medium,Platinum
1183,37,Male,Jewelry,Accessories,21,New Mexico,M,Maroon,Spring,3.8,No,Express,Yes,45,PayPal,Quarterly,4,10.0,966,1,1.0,Medium,0.5586238026690071,1.7192697649100896,Medium,Silver
1184,23,Male,Pants,Clothing,39,Louisiana,M,Yellow,Spring,4.5,No,2-Day Shipping,Yes,4,Credit Card,Weekly,52,0.07692307692307693,195,1,1.0,High,0.5761923101318553,0.06399028633942216,Medium,Bronze
1185,63,Male,Belt,Accessories,73,South Carolina,S,Indigo,Fall,3.4,No,Express,Yes,19,Credit Card,Annually,1,10.0,1460,1,1.0,Medium,-1.4195111594394345,1.1587232844165967,Low,Gold
1186,47,Male,Jeans,Clothing,64,Maine,M,Magenta,Spring,3.9,No,Standard,Yes,29,Credit Card,Monthly,12,2.4166666666666665,1920,1,1.0,Medium,-0.07294574176368807,-0.1552363632809777,Medium,Gold
1187,63,Male,Jeans,Clothing,68,Indiana,M,Beige,Summer,4.1,No,2-Day Shipping,Yes,27,Credit Card,Annually,1,10.0,1904,1,1.0,High,-0.8657677741217589,2.139679625280209,Low,Gold
1188,56,Male,Hat,Accessories,89,Iowa,L,Maroon,Fall,3.0,No,Express,Yes,37,Credit Card,Quarterly,4,9.25,3382,1,1.0,Low,0.004880417351331601,0.3989264222216753,Medium,Platinum
1189,68,Male,Blouse,Clothing,29,Mississippi,M,Magenta,Summer,3.3,No,Next Day Air,Yes,11,Credit Card,Weekly,52,0.21153846153846154,348,1,1.0,Medium,1.0607177722848216,-1.5818862661177242,High,Bronze
1190,64,Male,Shirt,Clothing,97,Arkansas,XL,Teal,Summer,3.8,No,Free Shipping,Yes,28,Debit Card,Annually,1,10.0,2813,1,1.0,Medium,-0.7965498509570494,1.7192697649100896,Low,Platinum
1191,62,Male,Shirt,Clothing,45,South Carolina,M,Orange,Winter,4.3,No,Next Day Air,Yes,31,Credit Card,Weekly,52,0.5961538461538461,1440,1,1.0,High,2.4450762355790108,-0.078340381960182,High,Gold
1192,34,Male,T-shirt,Clothing,70,Indiana,L,Charcoal,Winter,4.1,No,Free Shipping,Yes,50,Venmo,Quarterly,4,10.0,3570,1,1.0,High,0.9047134184925545,2.139679625280209,High,Platinum
1193,49,Male,Coat,Outerwear,56,Florida,M,Turquoise,Summer,4.0,No,2-Day Shipping,Yes,42,Venmo,Quarterly,4,10.0,2408,1,1.0,Medium,0.35097003317487885,1.9995430051568364,Medium,Platinum
1194,40,Male,Jacket,Outerwear,55,Alaska,L,Pink,Fall,5.0,No,2-Day Shipping,Yes,18,Credit Card,Fortnightly,26,0.6923076923076923,1045,1,1.0,High,-0.001487750720844172,0.9281608796343834,Medium,Silver
1195,50,Male,Hoodie,Clothing,46,New York,S,Teal,Winter,3.1,No,2-Day Shipping,Yes,6,Credit Card,Fortnightly,26,0.23076923076923078,322,1,1.0,Medium,-0.8321028286973574,-1.85705052221828,Low,Bronze
1196,25,Male,Scarf,Accessories,95,Texas,M,White,Winter,4.0,No,2-Day Shipping,Yes,33,Venmo,Monthly,12,2.75,3230,1,1.0,Medium,0.2039259508951497,0.0734559820430305,Medium,Platinum
1197,30,Male,Belt,Accessories,88,North Dakota,M,Maroon,Winter,3.2,No,2-Day Shipping,Yes,13,Bank Transfer,Bi-Weekly,26,0.5,1232,1,1.0,Medium,-0.3475773665443914,-1.6453881240482402,Medium,Silver
1198,54,Male,Sneakers,Footwear,92,Vermont,L,Violet,Fall,3.9,No,Standard,Yes,26,PayPal,Annually,1,10.0,2484,1,1.0,Medium,-0.9349856972864683,1.859406385033463,Low,Platinum
1199,40,Male,Socks,Clothing,49,New Jersey,M,Brown,Summer,3.9,No,2-Day Shipping,Yes,17,Cash,Annually,1,10.0,882,1,1.0,Medium,-1.5579470057688534,1.859406385033463,Low,Silver
1200,49,Male,Sandals,Footwear,89,Maryland,M,Indigo,Fall,4.5,No,Free Shipping,Yes,3,Debit Card,Weekly,52,0.057692307692307696,356,1,1.0,High,0.5069743869671459,0.05888130219323162,Medium,Bronze
1201,27,Male,Coat,Outerwear,22,Connecticut,XL,Black,Winter,4.4,No,Store Pickup,Yes,7,PayPal,Weekly,52,0.1346153846153846,176,1,1.0,High,0.7838460796259838,-0.06081938134537923,Medium,Bronze
1202,27,Male,Shoes,Footwear,61,Illinois,XL,Black,Summer,3.1,No,2-Day Shipping,Yes,46,Venmo,Fortnightly,26,1.7692307692307692,2867,1,1.0,Medium,1.9366140978910202,-1.4483317905230428,High,Platinum
1203,48,Male,Scarf,Accessories,29,Maryland,S,Olive,Spring,2.9,No,Standard,Yes,14,Venmo,Quarterly,4,3.5,435,1,1.0,Low,-1.5871318154369858,-1.2687964576126476,Low,Bronze
1204,40,Male,Sneakers,Footwear,82,Minnesota,M,Orange,Winter,3.7,No,Free Shipping,Yes,23,Bank Transfer,Annually,1,10.0,1968,1,1.0,Medium,-1.1426394667805966,1.5791331447867167,Low,Gold
1205,67,Male,Belt,Accessories,94,Florida,M,Pink,Spring,3.2,No,2-Day Shipping,Yes,20,Credit Card,Quarterly,4,5.0,1974,1,1.0,Medium,-1.171824276448729,-0.44988583383967096,Low,Gold
1206,52,Male,Handbag,Accessories,99,California,M,Olive,Spring,3.5,No,Standard,Yes,38,Bank Transfer,Fortnightly,26,1.4615384615384615,3861,1,1.0,Medium,1.3828707125733448,-0.9695290563685971,High,Platinum
1207,22,Male,Handbag,Accessories,59,Mississippi,S,Cyan,Fall,3.0,No,Free Shipping,Yes,16,Venmo,Quarterly,4,4.0,1003,1,1.0,Low,-1.448695969107567,-0.9958262496883221,Low,Silver
1208,62,Male,Boots,Footwear,90,Washington,M,White,Summer,4.1,No,Next Day Air,Yes,48,Credit Card,Quarterly,4,10.0,4410,1,1.0,High,0.7662775721631356,2.139679625280209,Medium,Platinum
1209,20,Male,Boots,Footwear,100,Wisconsin,S,Red,Winter,3.8,No,2-Day Shipping,Yes,8,Debit Card,Annually,1,8.0,900,1,1.0,Medium,-2.1809083142512384,1.187935413706281,Low,Silver
1210,41,Male,Pants,Clothing,62,Pennsylvania,M,Blue,Winter,3.8,No,Next Day Air,Yes,16,Bank Transfer,Monthly,12,1.3333333333333333,1054,1,1.0,Medium,-0.9727787429049108,-0.583179090306414,Low,Silver
1211,34,Male,Sunglasses,Accessories,78,Missouri,M,Olive,Fall,4.1,No,Next Day Air,Yes,5,Cash,Quarterly,4,1.25,468,1,1.0,High,-2.210093123919371,-0.1849081612364531,Low,Bronze
1212,23,Male,Hoodie,Clothing,94,Oklahoma,M,Green,Spring,4.6,No,Store Pickup,Yes,14,Venmo,Quarterly,4,3.5,1410,1,1.0,High,-1.5871318154369858,1.113526084484698,Low,Gold
1213,32,Male,Shoes,Footwear,74,Pennsylvania,M,Yellow,Summer,2.5,No,Free Shipping,Yes,18,Credit Card,Weekly,52,0.34615384615384615,1406,1,1.0,Low,1.5452432344377875,-2.667216338081377,High,Gold
1214,68,Male,Handbag,Accessories,52,Kentucky,XL,Black,Spring,3.7,No,Express,Yes,14,Debit Card,Quarterly,4,3.5,780,1,1.0,Medium,-1.5871318154369858,-0.1477034966256609,Low,Silver
1215,30,Male,Jacket,Outerwear,81,Vermont,M,Blue,Fall,3.8,No,Free Shipping,Yes,5,Cash,Quarterly,4,1.25,486,1,1.0,Medium,-2.210093123919371,-0.6053180216065727,Low,Bronze
1216,66,Male,Blouse,Clothing,20,Oregon,L,Pink,Winter,2.6,No,2-Day Shipping,Yes,15,Credit Card,Quarterly,4,3.75,320,1,1.0,Low,-1.5179138922722761,-1.6227895240822912,Low,Bronze
1217,62,Male,Pants,Clothing,32,Utah,XL,Lavender,Summer,3.7,No,Free Shipping,Yes,3,Venmo,Quarterly,4,0.75,128,1,1.0,Medium,-2.3485289702487897,-0.8782882295308976,Low,Bronze
1218,50,Male,Boots,Footwear,63,Nebraska,XL,Cyan,Fall,2.6,No,Free Shipping,Yes,12,Cash,Quarterly,4,3.0,819,1,1.0,Low,-1.7255676617664046,-1.8220399057837193,Low,Silver
1219,55,Male,Boots,Footwear,79,Pennsylvania,M,Cyan,Spring,3.1,No,Store Pickup,Yes,43,Cash,Quarterly,4,10.0,3476,1,1.0,Medium,0.4201879563395883,0.7383134240464769,Medium,Platinum
1220,19,Male,Sweater,Clothing,23,Vermont,M,Gold,Winter,2.5,No,Next Day Air,Yes,35,Credit Card,Bi-Weekly,26,1.3461538461538463,828,1,1.0,Low,1.1752169430792165,-2.4015491624794727,High,Silver
1221,67,Male,Gloves,Accessories,64,Kentucky,M,Green,Winter,3.8,No,Express,Yes,36,Bank Transfer,Quarterly,4,9.0,2368,1,1.0,Medium,-0.06433750581337783,1.4536025893081852,Medium,Platinum
1222,18,Male,Socks,Clothing,69,Iowa,M,Red,Winter,4.5,No,Standard,Yes,3,Cash,Quarterly,4,0.75,276,1,1.0,High,-2.3485289702487897,0.2428047314560885,Low,Bronze
1223,58,Male,Jeans,Clothing,69,Indiana,L,Magenta,Fall,3.4,No,Store Pickup,Yes,27,Bank Transfer,Annually,1,10.0,1932,1,1.0,Medium,-0.8657677741217589,1.1587232844165967,Low,Gold
1224,69,Male,Pants,Clothing,24,Kansas,L,Red,Winter,3.9,No,Free Shipping,Yes,21,Bank Transfer,Weekly,52,0.40384615384615385,528,1,1.0,Medium,1.752897003931916,-0.6899767039155799,High,Bronze
1225,62,Male,Shorts,Clothing,50,Illinois,M,Yellow,Summer,3.7,No,Store Pickup,Yes,18,Venmo,Weekly,52,0.34615384615384615,950,1,1.0,Medium,1.5452432344377875,-0.9855768966008973,High,Silver
1226,28,Male,Gloves,Accessories,97,North Carolina,S,Turquoise,Fall,2.6,No,Free Shipping,Yes,16,Debit Card,Weekly,52,0.3076923076923077,1649,1,1.0,Low,1.4068073881083687,-2.5372976862503847,High,Gold
1227,53,Male,Sandals,Footwear,91,Ohio,S,Cyan,Fall,3.4,No,Store Pickup,Yes,18,Venmo,Bi-Weekly,26,0.6923076923076923,1729,1,1.0,Medium,-0.001487750720844172,-1.3140250423395892,Medium,Gold
1228,27,Male,Blouse,Clothing,37,Illinois,L,Yellow,Spring,4.9,No,Store Pickup,Yes,19,Bank Transfer,Bi-Weekly,26,0.7307692307692307,740,1,1.0,High,0.06773017244386531,0.7982422278033917,Medium,Silver
1229,55,Male,Jacket,Outerwear,55,Indiana,S,Yellow,Winter,3.9,No,Express,Yes,1,Cash,Annually,1,1.0,110,1,1.0,Medium,-2.6654337764042046,-0.5315981953836754,Low,Bronze
1230,34,Male,Jewelry,Accessories,52,Kansas,XL,Maroon,Winter,3.6,No,Express,Yes,39,Bank Transfer,Annually,1,10.0,2080,1,1.0,Medium,-0.03515269614524541,1.4389965246633434,Medium,Gold
1231,25,Male,Hat,Accessories,80,Illinois,L,Brown,Spring,3.8,No,Standard,Yes,49,Venmo,Monthly,12,4.083333333333333,4000,1,1.0,Medium,1.311412721530501,0.1474056425988226,High,Platinum
1232,66,Male,Socks,Clothing,79,Pennsylvania,M,Gold,Spring,4.0,No,2-Day Shipping,Yes,43,Credit Card,Fortnightly,26,1.6538461538461537,3476,1,1.0,Medium,1.7289603283968922,-0.21775611428982616,High,Platinum
1233,57,Male,Handbag,Accessories,23,New York,M,Charcoal,Summer,3.6,No,Free Shipping,Yes,31,Debit Card,Quarterly,4,7.75,736,1,1.0,Medium,-0.4104271216369251,0.8412453795590586,Medium,Silver
1234,46,Male,Pants,Clothing,73,Utah,L,Beige,Winter,3.5,No,Next Day Air,Yes,40,Venmo,Quarterly,4,10.0,2993,1,1.0,Medium,0.21253418684546,1.29885990453997,Medium,Platinum
1235,38,Male,Gloves,Accessories,99,New Jersey,M,Indigo,Fall,4.1,No,Store Pickup,Yes,2,Bank Transfer,Bi-Weekly,26,0.07692307692307693,297,1,1.0,High,-1.1089745213561955,-0.49655619415407154,Low,Bronze
1236,23,Male,Sweater,Clothing,22,Idaho,M,Red,Spring,3.0,No,Store Pickup,Yes,46,PayPal,Quarterly,4,10.0,1034,1,1.0,Low,0.6278417258337166,0.5981768039231035,Medium,Silver
1237,42,Male,Hat,Accessories,68,New Mexico,M,White,Summer,4.4,No,Store Pickup,Yes,35,Debit Card,Quarterly,4,8.75,2448,1,1.0,High,-0.13355542897808725,2.2280055161479497,Medium,Platinum
1238,25,Male,Dress,Clothing,92,Michigan,S,Charcoal,Spring,4.4,No,2-Day Shipping,Yes,42,Credit Card,Quarterly,4,10.0,3956,1,1.0,High,0.35097003317487885,2.5600894856503302,Medium,Platinum
1239,55,Male,Pants,Clothing,77,Wyoming,M,Violet,Winter,3.7,No,Express,Yes,3,Venmo,Fortnightly,26,0.11538461538461539,308,1,1.0,Medium,-1.0397565981914858,-1.046884706355183,Low,Bronze
1240,62,Male,Coat,Outerwear,37,New Jersey,XL,Magenta,Spring,4.8,No,Standard,Yes,32,Debit Card,Quarterly,4,8.0,1221,1,1.0,High,-0.34120919847221565,2.589301614940014,Medium,Silver
1241,41,Male,Scarf,Accessories,79,New Jersey,L,White,Winter,2.9,No,Store Pickup,Yes,48,Debit Card,Annually,1,10.0,3871,1,1.0,Low,0.5878086123371397,0.4580401837997301,Medium,Platinum
1242,58,Male,Hoodie,Clothing,51,Hawaii,XL,Pink,Winter,3.1,No,Express,Yes,34,Credit Card,Weekly,52,0.6538461538461539,1785,1,1.0,Medium,2.652730005073139,-1.7446528710020899,High,Gold
1243,56,Male,Socks,Clothing,27,Nevada,M,Lavender,Summer,4.0,No,Next Day Air,Yes,15,Bank Transfer,Quarterly,4,3.75,432,1,1.0,Medium,-1.5179138922722761,0.3391231576449347,Low,Bronze
1244,25,Male,Blouse,Clothing,23,New Hampshire,S,Pink,Spring,3.0,No,Store Pickup,Yes,22,Debit Card,Annually,1,10.0,529,1,1.0,Low,-1.211857389945306,0.5981768039231035,Low,Bronze
1245,70,Male,Socks,Clothing,76,Indiana,S,Silver,Summer,3.9,No,2-Day Shipping,Yes,2,Cash,Monthly,12,0.16666666666666666,228,1,1.0,Medium,-1.9418296672108433,-0.7529875083852623,Low,Bronze
1246,42,Male,Dress,Clothing,31,New York,M,Violet,Fall,3.4,No,Standard,Yes,30,Bank Transfer,Weekly,52,0.5769230769230769,961,1,1.0,Medium,2.375858312414301,-1.3446789472167322,High,Silver
1247,27,Male,Hoodie,Clothing,60,Louisiana,M,Charcoal,Winter,2.7,No,Standard,Yes,27,Cash,Monthly,12,2.25,1680,1,1.0,Low,-0.21138158809310695,-1.8811536673617741,Medium,Gold
1248,65,Male,T-shirt,Clothing,99,Virginia,M,Charcoal,Spring,3.8,No,Express,Yes,18,Venmo,Bi-Weekly,26,0.6923076923076923,1881,1,1.0,Medium,-0.001487750720844172,-0.7534785618460962,Medium,Gold
1249,62,Male,Hat,Accessories,37,Wisconsin,XL,Red,Winter,3.0,No,Free Shipping,Yes,8,Credit Card,Annually,1,8.0,333,1,1.0,Low,-2.1809083142512384,0.06684245271929479,Low,Bronze
1250,62,Male,Boots,Footwear,50,Oregon,M,Peach,Winter,4.5,No,Express,Yes,48,Venmo,Fortnightly,26,1.8461538461538463,2450,1,1.0,High,2.0750499442204395,0.5340168277889451,High,Platinum
1251,52,Male,Jeans,Clothing,26,New Hampshire,XL,Purple,Winter,4.1,No,Free Shipping,Yes,24,Cash,Monthly,12,2.0,650,1,1.0,High,-0.4190353575872353,0.014342220464975075,Medium,Bronze
1252,56,Male,Shorts,Clothing,86,Indiana,XL,Orange,Spring,5.0,No,Next Day Air,Yes,43,Credit Card,Monthly,12,3.5833333333333335,3784,1,1.0,High,0.8961051825422441,1.6962114962783503,High,Platinum
1253,28,Male,Sandals,Footwear,41,Massachusetts,L,Magenta,Fall,4.0,No,Standard,Yes,8,Cash,Quarterly,4,2.0,369,1,1.0,Medium,-2.0024393544252423,-0.12579439965839773,Low,Bronze
1254,39,Male,Sandals,Footwear,23,Montana,XL,Red,Winter,4.9,No,Express,Yes,49,PayPal,Annually,1,10.0,1150,1,1.0,High,0.6570265355018491,3.260772586267197,Medium,Silver
1255,54,Male,Sneakers,Footwear,56,California,XL,Black,Spring,3.3,No,2-Day Shipping,Yes,2,Credit Card,Bi-Weekly,26,0.07692307692307693,168,1,1.0,Medium,-1.1089745213561955,-1.6176491551410574,Low,Bronze
1256,30,Male,Hat,Accessories,68,Indiana,M,Peach,Fall,4.1,No,Standard,Yes,38,Cash,Fortnightly,26,1.4615384615384615,2652,1,1.0,High,1.3828707125733448,-0.1287093356283579,High,Platinum
1257,45,Male,Coat,Outerwear,48,West Virginia,S,Olive,Winter,3.6,No,Express,Yes,4,Cash,Fortnightly,26,0.15384615384615385,240,1,1.0,Medium,-0.9705386750267765,-1.1768033581861754,Low,Bronze
1258,68,Male,Dress,Clothing,67,Minnesota,L,Gold,Spring,3.0,No,Free Shipping,Yes,31,Cash,Quarterly,4,7.75,2144,1,1.0,Low,-0.4104271216369251,0.00042565881881873047,Medium,Gold
1259,47,Male,Boots,Footwear,87,Ohio,XL,Gold,Spring,4.1,No,2-Day Shipping,Yes,34,Debit Card,Quarterly,4,8.5,3045,1,1.0,High,-0.20277335214279668,1.7411788618773527,Medium,Platinum
1260,68,Male,Skirt,Clothing,64,Minnesota,M,Turquoise,Fall,3.9,No,Standard,Yes,45,Credit Card,Monthly,12,3.75,2944,1,1.0,Medium,1.034541028871663,0.19898653752156137,High,Platinum
1261,63,Male,Shirt,Clothing,93,Virginia,XL,Green,Spring,4.1,No,Store Pickup,Yes,30,Debit Card,Quarterly,4,7.5,2883,1,1.0,High,-0.4796450448016345,1.4755116862754485,Medium,Platinum
1262,20,Male,Shirt,Clothing,29,Connecticut,L,Maroon,Summer,2.8,No,Next Day Air,Yes,2,Credit Card,Fortnightly,26,0.07692307692307693,87,1,1.0,Low,-1.1089745213561955,-2.318332255757924,Low,Bronze
1263,29,Male,Boots,Footwear,62,Tennessee,L,Brown,Winter,4.8,No,Store Pickup,Yes,44,Venmo,Monthly,12,3.6666666666666665,2790,1,1.0,High,0.9653231057069536,1.4380771873317622,High,Platinum
1264,41,Male,Hoodie,Clothing,70,Delaware,L,Brown,Winter,4.6,No,2-Day Shipping,Yes,1,Credit Card,Bi-Weekly,26,0.038461538461538464,140,1,1.0,High,-1.1781924445209047,0.19390893817041388,Low,Bronze
1265,52,Male,Sweater,Clothing,92,Vermont,S,Blue,Winter,2.5,No,Next Day Air,Yes,1,Venmo,Bi-Weekly,26,0.038461538461538464,184,1,1.0,Low,-1.1781924445209047,-2.7489600844204247,Low,Bronze
1266,32,Male,Shirt,Clothing,79,Louisiana,M,Lavender,Spring,2.7,No,Next Day Air,Yes,27,Bank Transfer,Weekly,52,0.5192307692307693,2212,1,1.0,Low,2.1682045429201726,-2.340962240518916,High,Gold
1267,20,Male,Blouse,Clothing,31,North Dakota,M,Peach,Fall,4.0,No,Standard,Yes,14,Debit Card,Quarterly,4,3.5,465,1,1.0,Medium,-1.5871318154369858,0.27270636374445867,Low,Bronze
1268,47,Male,T-shirt,Clothing,83,Oregon,S,Gray,Spring,2.7,No,Standard,Yes,41,Cash,Weekly,52,0.7884615384615384,3486,1,1.0,Low,3.137255467226105,-2.2694364624722496,High,Platinum
1269,23,Male,Jacket,Outerwear,88,Idaho,XL,Charcoal,Winter,2.9,No,Next Day Air,Yes,25,Debit Card,Bi-Weekly,26,0.9615384615384616,2288,1,1.0,Low,0.48303771143212204,-1.9431823649097892,Medium,Platinum
1270,43,Male,Jewelry,Accessories,53,Vermont,M,Lavender,Spring,3.0,No,Standard,Yes,47,PayPal,Quarterly,4,10.0,2544,1,1.0,Low,0.6970596489984262,0.5981768039231035,Medium,Platinum
1271,67,Male,Hoodie,Clothing,98,West Virginia,M,Green,Fall,3.3,No,Standard,Yes,20,Cash,Annually,1,10.0,2058,1,1.0,Medium,-1.3502932362747249,1.018586664293223,Low,Gold
1272,70,Male,Jewelry,Accessories,57,Kentucky,S,Gray,Spring,4.3,No,Store Pickup,Yes,42,PayPal,Annually,1,10.0,2451,1,1.0,High,0.17250107334888287,2.419952865526956,Medium,Platinum
1273,35,Male,Sandals,Footwear,80,Wisconsin,M,Orange,Winter,4.4,No,Express,Yes,16,Bank Transfer,Monthly,12,1.3333333333333333,1360,1,1.0,High,-0.9727787429049108,0.25764063043382646,Low,Gold
1274,41,Male,Jeans,Clothing,29,Mississippi,L,Silver,Spring,4.1,No,Next Day Air,Yes,32,Credit Card,Quarterly,4,8.0,957,1,1.0,High,-0.34120919847221565,1.6083452740764006,Medium,Silver
1275,54,Male,Hat,Accessories,73,Missouri,M,Olive,Spring,3.1,No,2-Day Shipping,Yes,37,PayPal,Quarterly,4,9.25,2774,1,1.0,Medium,0.004880417351331601,0.5390630423450488,Medium,Platinum
1276,55,Male,Sweater,Clothing,32,Arkansas,S,Turquoise,Fall,4.5,No,Standard,Yes,1,PayPal,Monthly,12,0.08333333333333333,64,1,1.0,High,-2.0110475903755525,0.06569328105481897,Low,Bronze
1277,51,Male,Boots,Footwear,68,Wyoming,L,Turquoise,Spring,4.8,No,Next Day Air,Yes,37,Bank Transfer,Weekly,52,0.7115384615384616,2584,1,1.0,High,2.8603837745672673,0.6529966235338273,High,Platinum
1278,19,Male,Blouse,Clothing,97,Rhode Island,L,Green,Spring,5.0,No,Express,Yes,5,Venmo,Quarterly,4,1.25,582,1,1.0,High,-2.210093123919371,1.0763214198739068,Low,Bronze
1279,28,Male,Shorts,Clothing,98,Utah,M,Violet,Fall,2.8,No,Next Day Air,Yes,31,Venmo,Fortnightly,26,1.1923076923076923,3136,1,1.0,Low,0.8983452504203787,-2.0220111752788767,High,Platinum
1280,63,Male,Hoodie,Clothing,56,Maryland,L,Charcoal,Fall,3.7,No,Express,Yes,18,Debit Card,Annually,1,10.0,1064,1,1.0,Medium,-1.488729082604144,1.5791331447867167,Low,Silver
1281,30,Male,Pants,Clothing,78,Georgia,L,White,Winter,4.4,No,2-Day Shipping,Yes,39,Venmo,Quarterly,4,9.75,3120,1,1.0,High,0.14331626368075057,2.493672691749854,Medium,Platinum
1282,29,Male,Belt,Accessories,81,New Jersey,M,Olive,Spring,4.5,No,Store Pickup,Yes,8,Venmo,Bi-Weekly,26,0.3076923076923077,729,1,1.0,High,-0.6936669823679386,0.12529809609370768,Low,Silver
1283,24,Male,Shirt,Clothing,68,New Hampshire,L,Violet,Winter,3.0,No,Free Shipping,Yes,20,Venmo,Monthly,12,1.6666666666666667,1428,1,1.0,Low,-0.6959070502460731,-1.6157163260927654,Low,Gold
1284,69,Male,Shirt,Clothing,94,Oregon,M,Violet,Winter,3.9,No,2-Day Shipping,Yes,23,Debit Card,Quarterly,4,5.75,2256,1,1.0,Medium,-0.9641705069546007,0.7303208887253698,Low,Gold
1285,65,Male,Dress,Clothing,93,Arkansas,M,Black,Spring,3.9,No,Express,Yes,38,PayPal,Fortnightly,26,1.4615384615384615,3627,1,1.0,Medium,1.3828707125733448,-0.4089825758751041,High,Platinum
1286,64,Male,Gloves,Accessories,99,North Carolina,M,Charcoal,Fall,3.5,No,Next Day Air,Yes,45,Bank Transfer,Fortnightly,26,1.7307692307692308,4554,1,1.0,Medium,1.867396174726311,-0.8980032783219306,High,Platinum
1287,40,Male,Gloves,Accessories,49,West Virginia,L,Yellow,Winter,4.9,No,Next Day Air,Yes,44,Debit Card,Fortnightly,26,1.6923076923076923,2205,1,1.0,High,1.7981782515616014,1.0536914351129152,High,Gold
1288,24,Male,Jeans,Clothing,28,Utah,XL,Blue,Winter,3.4,No,Standard,Yes,20,PayPal,Monthly,12,1.6666666666666667,588,1,1.0,Medium,-0.6959070502460731,-1.0551698455992722,Low,Bronze
1289,66,Male,Belt,Accessories,93,South Dakota,XL,Charcoal,Winter,4.1,No,Standard,Yes,34,PayPal,Bi-Weekly,26,1.3076923076923077,3255,1,1.0,High,1.105999019914507,-0.1695812087978818,High,Platinum
1290,35,Male,Jacket,Outerwear,24,New Hampshire,M,Red,Fall,2.9,No,Next Day Air,Yes,10,PayPal,Weekly,52,0.19230769230769232,264,1,1.0,Low,0.9914998491201121,-2.147541730757408,High,Bronze
1291,67,Male,Skirt,Clothing,35,Maryland,M,Indigo,Spring,3.4,No,Free Shipping,Yes,3,PayPal,Annually,1,3.0,140,1,1.0,Medium,-2.526997930074786,-0.7009469447967333,Low,Bronze
1292,69,Male,Sandals,Footwear,68,South Dakota,S,Beige,Spring,3.2,No,2-Day Shipping,Yes,23,Debit Card,Fortnightly,26,0.8846153846153846,1632,1,1.0,Medium,0.34460186510270313,-1.5432084411244307,Medium,Gold
1293,26,Male,Belt,Accessories,61,Kentucky,M,Maroon,Summer,3.8,No,Free Shipping,Yes,42,Bank Transfer,Annually,1,10.0,2623,1,1.0,Medium,0.17250107334888287,1.7192697649100896,Medium,Platinum
1294,23,Male,Sweater,Clothing,74,Florida,XL,Yellow,Fall,4.1,No,Standard,Yes,30,Debit Card,Annually,1,10.0,2294,1,1.0,High,-0.6581140046276305,2.139679625280209,Low,Platinum
1295,27,Male,Shirt,Clothing,64,Texas,M,Silver,Summer,4.5,No,Standard,Yes,21,Cash,Quarterly,4,5.25,1408,1,1.0,High,-1.1026063532840196,1.4383070216646576,Low,Gold
1296,30,Male,Sneakers,Footwear,60,New Mexico,M,Olive,Fall,2.8,No,Standard,Yes,50,PayPal,Weekly,52,0.9615384615384616,3060,1,1.0,Low,3.76021677570849,-2.0833189850331624,High,Platinum
1297,48,Male,Jeans,Clothing,29,South Dakota,S,Teal,Spring,2.8,No,Express,Yes,16,Cash,Bi-Weekly,26,0.6153846153846154,493,1,1.0,Low,-0.13992359705026303,-2.175280699664591,Medium,Bronze
1298,44,Male,Sandals,Footwear,85,New Jersey,M,Silver,Summer,4.6,No,Standard,Yes,32,Venmo,Annually,1,10.0,2805,1,1.0,High,-0.5196781582982116,2.8403627258970756,Low,Platinum
1299,29,Male,Pants,Clothing,81,Indiana,S,Indigo,Summer,3.0,No,Free Shipping,Yes,14,Bank Transfer,Fortnightly,26,0.5384615384615384,1215,1,1.0,Low,-0.2783594433796819,-1.915443396002606,Medium,Silver
1300,29,Male,Belt,Accessories,23,Louisiana,L,Teal,Fall,3.6,No,2-Day Shipping,Yes,42,Venmo,Bi-Weekly,26,1.6153846153846154,989,1,1.0,Medium,1.6597424052321825,-0.7885205630757001,High,Silver
1301,67,Male,T-shirt,Clothing,100,West Virginia,M,Charcoal,Spring,4.5,No,Next Day Air,Yes,47,Credit Card,Quarterly,4,10.0,4800,1,1.0,High,0.6970596489984262,2.700226105773703,Medium,Platinum
1302,42,Male,Shirt,Clothing,54,Maine,M,Orange,Fall,5.0,No,Express,Yes,21,Debit Card,Weekly,52,0.40384615384615385,1188,1,1.0,High,1.752897003931916,0.8515261174415264,High,Silver
1303,23,Male,Sneakers,Footwear,25,Idaho,M,Gold,Fall,2.9,No,Next Day Air,Yes,37,Credit Card,Monthly,12,3.0833333333333335,950,1,1.0,Low,0.4807976435539875,-1.379491114113441,Medium,Silver
1304,34,Male,Blouse,Clothing,32,New York,L,Silver,Summer,3.1,No,Next Day Air,Yes,10,Credit Card,Annually,1,10.0,352,1,1.0,Medium,-2.0424724679218196,0.7383134240464769,Low,Bronze
1305,64,Male,Backpack,Accessories,63,Montana,S,Orange,Spring,4.0,No,2-Day Shipping,Yes,18,PayPal,Quarterly,4,4.5,1197,1,1.0,Medium,-1.310260122778148,0.5383735393463629,Low,Silver
1306,31,Male,Pants,Clothing,56,Mississippi,XL,Peach,Spring,4.5,No,Express,Yes,2,PayPal,Quarterly,4,0.5,168,1,1.0,High,-2.417746893413499,0.17638793755561244,Low,Bronze
1307,54,Male,Sweater,Clothing,33,Alaska,L,Brown,Winter,4.5,No,Next Day Air,Yes,40,PayPal,Annually,1,10.0,1353,1,1.0,High,0.03406522701946402,2.700226105773703,Medium,Gold
1308,23,Male,Coat,Outerwear,32,Missouri,L,Black,Summer,3.1,No,Express,Yes,43,PayPal,Annually,1,10.0,1408,1,1.0,Medium,0.2417189965135923,0.7383134240464769,Medium,Gold
1309,59,Male,Dress,Clothing,38,Rhode Island,L,Red,Summer,4.4,No,Next Day Air,Yes,14,Credit Card,Quarterly,4,3.5,570,1,1.0,High,-1.5871318154369858,0.8332528442379524,Low,Bronze
1310,32,Male,Blouse,Clothing,21,Hawaii,L,Lavender,Summer,4.7,No,Store Pickup,Yes,41,Cash,Quarterly,4,10.0,882,1,1.0,High,0.2817521100101694,2.9804993460204496,Medium,Silver
1311,43,Male,Hoodie,Clothing,59,South Carolina,L,Brown,Winter,3.1,No,Store Pickup,Yes,38,Credit Card,Quarterly,4,9.5,2301,1,1.0,Medium,0.07409834051604103,0.6054798362455248,Medium,Platinum
1312,32,Male,Shoes,Footwear,87,Tennessee,M,Maroon,Fall,4.2,No,Express,Yes,12,Venmo,Annually,1,10.0,1131,1,1.0,High,-1.9040366215924007,2.279816245403583,Low,Silver
1313,66,Male,T-shirt,Clothing,79,Missouri,M,Violet,Winter,3.0,No,Store Pickup,Yes,19,Bank Transfer,Monthly,12,1.5833333333333333,1580,1,1.0,Low,-0.7651249734107826,-1.6378552573929241,Low,Gold
1314,70,Male,Shoes,Footwear,28,Missouri,M,Lavender,Summer,3.8,No,Free Shipping,Yes,23,Credit Card,Bi-Weekly,26,0.8846153846153846,672,1,1.0,Medium,0.34460186510270313,-0.7023887203841915,Medium,Silver
1315,42,Male,Boots,Footwear,67,Missouri,S,Magenta,Summer,3.4,No,Free Shipping,Yes,49,Debit Card,Annually,1,10.0,3350,1,1.0,Medium,0.6570265355018491,1.1587232844165967,Medium,Platinum
1316,56,Male,Shorts,Clothing,75,Mississippi,L,Green,Spring,4.2,No,2-Day Shipping,Yes,29,Debit Card,Quarterly,4,7.25,2250,1,1.0,High,-0.5488629679663439,1.5492315124983467,Low,Gold
1317,28,Male,Belt,Accessories,32,Arkansas,S,Lavender,Spring,4.6,No,Standard,Yes,14,Debit Card,Bi-Weekly,26,0.5384615384615384,480,1,1.0,High,-0.2783594433796819,0.326742525971366,Medium,Bronze
1318,28,Male,Pants,Clothing,43,Kentucky,M,Green,Spring,2.8,No,Free Shipping,Yes,19,Cash,Monthly,12,1.5833333333333333,860,1,1.0,Low,-0.7651249734107826,-1.9181284976396709,Low,Silver
1319,52,Male,Shorts,Clothing,93,Connecticut,M,Maroon,Spring,2.7,No,Express,Yes,19,Credit Card,Bi-Weekly,26,0.7307692307692307,1860,1,1.0,Low,0.06773017244386531,-2.2847634149108207,Medium,Gold
1320,65,Male,Sunglasses,Accessories,24,Oklahoma,M,Magenta,Spring,4.0,No,Standard,Yes,48,Bank Transfer,Weekly,52,0.9230769230769231,1176,1,1.0,Medium,3.6217809293790713,-0.4118975118450638,High,Silver
1321,56,Male,Hat,Accessories,31,California,XL,Teal,Fall,3.1,No,Free Shipping,Yes,19,Debit Card,Annually,1,10.0,620,1,1.0,Medium,-1.4195111594394345,0.7383134240464769,Low,Bronze
1322,59,Male,T-shirt,Clothing,84,Missouri,L,Orange,Winter,3.7,No,Express,Yes,45,Bank Transfer,Quarterly,4,10.0,3864,1,1.0,Medium,0.5586238026690071,1.5791331447867167,Medium,Platinum
1323,23,Male,Pants,Clothing,74,Washington,M,Violet,Winter,4.0,No,Next Day Air,Yes,17,Bank Transfer,Quarterly,4,4.25,1332,1,1.0,Medium,-1.3794780459428573,0.47195674544588684,Low,Gold
1324,58,Male,Shorts,Clothing,62,New York,M,Yellow,Spring,4.6,No,Standard,Yes,15,Debit Card,Quarterly,4,3.75,992,1,1.0,High,-1.5179138922722761,1.179942878385174,Low,Silver
1325,39,Male,Jewelry,Accessories,77,Indiana,S,Orange,Summer,3.8,No,Free Shipping,Yes,11,Credit Card,Fortnightly,26,0.4230769230769231,924,1,1.0,Medium,-0.4860132128738103,-0.8250043398927628,Low,Silver
1326,28,Male,Backpack,Accessories,73,Oregon,L,Gold,Summer,3.5,No,Express,Yes,1,Cash,Monthly,12,0.08333333333333333,146,1,1.0,Medium,-2.0110475903755525,-1.335672920178914,Low,Bronze
1327,40,Male,Shoes,Footwear,50,Texas,M,Indigo,Spring,3.8,No,Free Shipping,Yes,17,Cash,Monthly,12,1.4166666666666667,900,1,1.0,Medium,-0.9035608197402014,-0.5610401590062553,Low,Silver
1328,52,Male,Coat,Outerwear,40,Florida,M,Turquoise,Winter,2.8,No,Standard,Yes,37,Cash,Weekly,52,0.7115384615384616,1520,1,1.0,Low,2.8603837745672673,-2.1497357789336387,High,Gold
1329,37,Male,Sweater,Clothing,97,Rhode Island,M,Orange,Winter,3.7,No,Standard,Yes,40,Bank Transfer,Weekly,52,0.7692307692307693,3977,1,1.0,Medium,3.0680375440613954,-0.8731792453847071,High,Platinum
1330,70,Male,Gloves,Accessories,63,Texas,M,Indigo,Fall,3.3,No,Express,Yes,50,PayPal,Quarterly,4,10.0,3213,1,1.0,Medium,0.9047134184925545,1.018586664293223,High,Platinum
1331,30,Male,Handbag,Accessories,65,Vermont,M,Charcoal,Fall,2.9,No,Standard,Yes,20,PayPal,Bi-Weekly,26,0.7692307692307693,1365,1,1.0,Low,0.1369480956085748,-1.994272206371694,Medium,Gold
1332,38,Male,Socks,Clothing,91,Maryland,M,Lavender,Spring,3.2,No,Standard,Yes,8,PayPal,Bi-Weekly,26,0.3076923076923077,819,1,1.0,Medium,-0.6936669823679386,-1.696477965510145,Low,Silver
1333,66,Male,Hoodie,Clothing,60,Alaska,S,Gold,Spring,4.3,No,Store Pickup,Yes,16,Bank Transfer,Quarterly,4,4.0,1020,1,1.0,High,-1.448695969107567,0.8259498119155305,Low,Silver
1334,29,Male,Pants,Clothing,69,Idaho,M,Lavender,Winter,2.7,No,Next Day Air,Yes,9,Bank Transfer,Quarterly,4,2.25,690,1,1.0,Low,-1.933221431260533,-1.8811536673617741,Low,Silver
1335,46,Male,Coat,Outerwear,52,West Virginia,S,White,Spring,3.8,No,Store Pickup,Yes,12,Venmo,Monthly,12,1.0,676,1,1.0,Medium,-1.2496504355637488,-0.6717348155070487,Low,Silver
1336,56,Male,Boots,Footwear,49,Nevada,M,Lavender,Fall,4.8,No,2-Day Shipping,Yes,26,Credit Card,Weekly,52,0.5,1323,1,1.0,High,2.0989866197554634,0.5967977979257321,High,Silver
1337,23,Male,Sneakers,Footwear,85,Oregon,M,Charcoal,Spring,4.8,No,Store Pickup,Yes,44,Debit Card,Fortnightly,26,1.6923076923076923,3825,1,1.0,High,1.7981782515616014,0.913554814989541,High,Platinum
1338,37,Male,Sweater,Clothing,86,Tennessee,L,Silver,Spring,3.4,No,Express,Yes,19,Credit Card,Bi-Weekly,26,0.7307692307692307,1720,1,1.0,Medium,0.06773017244386531,-1.3038070740472083,Medium,Gold
1339,56,Male,Handbag,Accessories,51,Alabama,S,Yellow,Winter,2.6,No,Standard,Yes,43,PayPal,Fortnightly,26,1.6538461538461537,2244,1,1.0,Low,1.7289603283968922,-2.179668796017052,High,Gold
1340,36,Male,Belt,Accessories,56,Indiana,L,Olive,Winter,5.0,No,Next Day Air,Yes,5,Bank Transfer,Quarterly,4,1.25,336,1,1.0,High,-2.210093123919371,1.0763214198739068,Low,Bronze
1341,40,Male,Belt,Accessories,72,Idaho,M,Peach,Fall,4.4,No,Next Day Air,Yes,5,Debit Card,Quarterly,4,1.25,432,1,1.0,High,-2.210093123919371,0.2355016991336678,Low,Bronze
1342,26,Male,Hoodie,Clothing,27,Rhode Island,XL,Yellow,Fall,3.8,No,Standard,Yes,31,Bank Transfer,Quarterly,4,7.75,864,1,1.0,Medium,-0.4104271216369251,1.121518619805805,Medium,Silver
1343,57,Male,Sunglasses,Accessories,43,Arizona,XL,Yellow,Summer,3.4,No,2-Day Shipping,Yes,11,Bank Transfer,Monthly,12,0.9166666666666666,516,1,1.0,Medium,-1.3188683587284582,-1.2544202273007006,Low,Bronze
1344,68,Male,Sneakers,Footwear,56,Florida,M,Indigo,Spring,3.4,No,Standard,Yes,34,Bank Transfer,Monthly,12,2.8333333333333335,1960,1,1.0,Medium,0.27314387405985924,-0.7452248073970507,Medium,Gold
1345,56,Male,T-shirt,Clothing,37,New York,S,Violet,Fall,4.9,No,Next Day Air,Yes,14,Cash,Annually,1,10.0,555,1,1.0,High,-1.7656007752629816,3.260772586267197,Low,Bronze
1346,40,Male,Dress,Clothing,21,Nebraska,M,White,Fall,3.6,No,Standard,Yes,42,Venmo,Weekly,52,0.8076923076923077,903,1,1.0,Medium,3.2064733903908147,-1.0030978972156996,High,Silver
1347,44,Male,Hoodie,Clothing,91,Mississippi,L,White,Winter,3.0,No,Free Shipping,Yes,15,Venmo,Bi-Weekly,26,0.5769230769230769,1456,1,1.0,Low,-0.20914152021497245,-1.9052254277102252,Medium,Gold
1348,44,Male,Sweater,Clothing,95,Vermont,M,Cyan,Summer,3.9,No,2-Day Shipping,Yes,47,Bank Transfer,Monthly,12,3.9166666666666665,4560,1,1.0,Medium,1.172976875201082,0.2432644001218787,High,Platinum
1349,19,Male,Belt,Accessories,54,Nebraska,XL,Purple,Spring,3.2,No,Standard,Yes,23,Credit Card,Fortnightly,26,0.8846153846153846,1296,1,1.0,Medium,0.34460186510270313,-1.5432084411244307,Medium,Silver
1350,21,Male,Socks,Clothing,36,South Carolina,XL,Black,Spring,3.2,No,Next Day Air,Yes,23,Cash,Bi-Weekly,26,0.8846153846153846,864,1,1.0,Medium,0.34460186510270313,-1.5432084411244307,Medium,Silver
1351,31,Male,Sunglasses,Accessories,71,Delaware,M,Orange,Fall,4.3,No,Next Day Air,Yes,1,Cash,Quarterly,4,0.25,142,1,1.0,High,-2.4869648165782086,-0.17030209659161044,Low,Bronze
1352,30,Male,Coat,Outerwear,31,Vermont,L,Maroon,Summer,2.8,No,2-Day Shipping,Yes,28,Bank Transfer,Quarterly,4,7.0,899,1,1.0,Low,-0.6180808911310534,-0.47909796312935615,Low,Silver
1353,65,Male,Hat,Accessories,89,Indiana,XL,Orange,Spring,4.5,No,Next Day Air,Yes,37,Credit Card,Bi-Weekly,26,1.4230769230769231,3382,1,1.0,High,1.3136527894086354,0.42161917657275483,High,Platinum
1354,39,Male,Pants,Clothing,83,Oregon,M,Teal,Winter,4.1,No,Next Day Air,Yes,4,Cash,Quarterly,4,1.0,415,1,1.0,High,-2.2793110470840805,-0.25132495513692915,Low,Bronze
1355,64,Male,Backpack,Accessories,42,Maryland,M,Gray,Spring,3.6,No,2-Day Shipping,Yes,21,Bank Transfer,Quarterly,4,5.25,924,1,1.0,Medium,-1.1026063532840196,0.1770774405542981,Low,Silver
1356,59,Male,Shorts,Clothing,91,Florida,M,Blue,Summer,3.0,No,2-Day Shipping,Yes,50,PayPal,Bi-Weekly,26,1.9230769230769231,4641,1,1.0,Low,2.2134857905498584,-1.5475965374768925,High,Platinum
1357,49,Male,Jacket,Outerwear,61,Indiana,M,Cyan,Spring,4.0,No,Free Shipping,Yes,34,Bank Transfer,Annually,1,10.0,2135,1,1.0,Medium,-0.38124231196879266,1.9995430051568364,Medium,Gold
1358,24,Male,Backpack,Accessories,66,Texas,S,Red,Summer,3.5,No,Next Day Air,Yes,20,Cash,Quarterly,4,5.0,1386,1,1.0,Medium,-1.171824276448729,-0.02947597346955133,Low,Gold
1359,19,Male,Scarf,Accessories,22,Nebraska,XL,Pink,Spring,2.5,No,Store Pickup,Yes,25,Venmo,Quarterly,4,6.25,572,1,1.0,Low,-0.8257346606251817,-1.098758205200904,Low,Bronze
1360,27,Male,Hoodie,Clothing,68,North Carolina,S,Cyan,Winter,4.3,No,Store Pickup,Yes,26,Bank Transfer,Fortnightly,26,1.0,1836,1,1.0,High,0.5522556345968315,0.02894828510981773,Medium,Gold
1361,56,Male,Skirt,Clothing,43,Alabama,L,Black,Fall,2.8,No,Express,Yes,4,Bank Transfer,Annually,1,4.0,215,1,1.0,Low,-2.457780006910076,-1.2760994899350688,Low,Bronze
1362,49,Male,Dress,Clothing,32,Alabama,M,Beige,Fall,3.7,No,Next Day Air,Yes,39,Debit Card,Monthly,12,3.25,1280,1,1.0,Medium,0.6192334898834064,-0.21412029052613696,Medium,Silver
1363,41,Male,Coat,Outerwear,46,Colorado,M,Gray,Fall,4.3,No,Express,Yes,29,Cash,Weekly,52,0.5576923076923077,1380,1,1.0,High,2.3066403892495915,-0.08855835025256309,High,Gold
1364,36,Male,Blouse,Clothing,90,Wisconsin,L,Red,Summer,4.0,No,Express,Yes,47,PayPal,Quarterly,4,10.0,4320,1,1.0,Medium,0.6970596489984262,1.9995430051568364,Medium,Platinum
1365,68,Male,Hat,Accessories,75,Delaware,L,Yellow,Fall,4.7,No,Express,Yes,5,Cash,Quarterly,4,1.25,450,1,1.0,High,-2.210093123919371,0.6559115595037873,Low,Bronze
1366,28,Male,Handbag,Accessories,69,Indiana,M,Magenta,Winter,4.5,No,Store Pickup,Yes,18,Bank Transfer,Fortnightly,26,0.6923076923076923,1311,1,1.0,High,-0.001487750720844172,0.2274777790175171,Medium,Silver
1367,45,Male,Belt,Accessories,40,Iowa,M,Magenta,Fall,3.1,No,Free Shipping,Yes,10,Credit Card,Fortnightly,26,0.38461538461538464,440,1,1.0,Medium,-0.5552311360385197,-1.8161786490487564,Low,Bronze
1368,60,Male,Belt,Accessories,63,Iowa,S,Black,Fall,3.8,No,Express,Yes,25,Cash,Quarterly,4,6.25,1638,1,1.0,Medium,-0.8257346606251817,0.7230178564029486,Low,Gold
1369,21,Male,Shirt,Clothing,36,Wisconsin,L,Orange,Summer,4.9,No,Express,Yes,2,Cash,Weekly,52,0.038461538461538464,108,1,1.0,High,0.4377564638024365,0.6143187985405348,Medium,Bronze
1370,32,Male,Shoes,Footwear,75,Iowa,M,Green,Winter,3.2,No,Standard,Yes,48,Venmo,Fortnightly,26,1.8461538461538463,3675,1,1.0,Medium,2.0750499442204395,-1.2877592338149073,High,Platinum
1371,27,Male,Scarf,Accessories,67,Montana,L,Peach,Summer,3.8,No,2-Day Shipping,Yes,41,Bank Transfer,Quarterly,4,10.0,2814,1,1.0,Medium,0.2817521100101694,1.7192697649100896,Medium,Platinum
1372,40,Male,Pants,Clothing,64,Mississippi,M,Charcoal,Spring,2.8,No,Store Pickup,Yes,42,Credit Card,Monthly,12,3.5,2752,1,1.0,Low,0.8268872593775347,-1.408933077736021,Medium,Platinum
1373,64,Male,Blouse,Clothing,61,Michigan,M,Gray,Fall,4.0,No,2-Day Shipping,Yes,44,PayPal,Bi-Weekly,26,1.6923076923076923,2745,1,1.0,Medium,1.7981782515616014,-0.20753814599744508,High,Platinum
1374,18,Male,Gloves,Accessories,40,Virginia,L,Turquoise,Winter,2.6,No,Store Pickup,Yes,6,Cash,Quarterly,4,1.5,280,1,1.0,Low,-2.140875200754661,-2.2205406691865757,Low,Bronze
1375,22,Male,Handbag,Accessories,97,New York,M,Red,Fall,2.7,No,Free Shipping,Yes,5,Bank Transfer,Quarterly,4,1.25,582,1,1.0,Low,-2.210093123919371,-2.1468208429636784,Low,Bronze
1376,42,Male,Sneakers,Footwear,31,Maine,L,Brown,Spring,4.1,No,2-Day Shipping,Yes,8,Credit Card,Annually,1,8.0,279,1,1.0,High,-2.1809083142512384,1.6083452740764006,Low,Bronze
1377,57,Male,Sandals,Footwear,65,New Jersey,L,Pink,Spring,5.0,No,Free Shipping,Yes,24,PayPal,Annually,1,10.0,1625,1,1.0,High,-1.0734215436158872,3.400909206390569,Low,Gold
1378,33,Male,Sunglasses,Accessories,54,Maryland,L,Olive,Spring,3.0,No,Next Day Air,Yes,42,Venmo,Monthly,12,3.5,2322,1,1.0,Low,0.8268872593775347,-1.1286598374892742,Medium,Platinum
1379,37,Male,Jacket,Outerwear,49,Kentucky,XL,Lavender,Fall,3.6,No,Free Shipping,Yes,24,Venmo,Weekly,52,0.46153846153846156,1225,1,1.0,Medium,1.9605507734260443,-1.0950596118471279,High,Silver
1380,21,Male,T-shirt,Clothing,64,Minnesota,L,Purple,Fall,2.8,No,2-Day Shipping,Yes,38,Venmo,Bi-Weekly,26,1.4615384615384615,2496,1,1.0,Low,1.3828707125733448,-1.9504853972322103,High,Platinum
1381,51,Male,Sneakers,Footwear,35,Massachusetts,S,Beige,Winter,4.6,No,Standard,Yes,41,Cash,Fortnightly,26,1.5769230769230769,1470,1,1.0,High,1.5905244820674733,0.6026276698656512,High,Gold
1382,30,Male,Shoes,Footwear,86,Illinois,L,Green,Winter,2.9,No,Standard,Yes,48,Venmo,Quarterly,4,10.0,4214,1,1.0,Low,0.7662775721631356,0.4580401837997301,Medium,Platinum
1383,68,Male,Jacket,Outerwear,55,Michigan,L,Brown,Winter,4.8,No,Express,Yes,16,Bank Transfer,Quarterly,4,4.0,935,1,1.0,High,-1.448695969107567,1.526632912532397,Low,Silver
1384,36,Male,Scarf,Accessories,58,Wisconsin,M,Beige,Spring,3.3,No,Express,Yes,4,Venmo,Monthly,12,0.3333333333333333,290,1,1.0,Medium,-1.8033938208814244,-1.5495293665251846,Low,Bronze
1385,46,Male,Sneakers,Footwear,96,Alaska,M,Beige,Fall,4.6,No,Standard,Yes,8,Bank Transfer,Weekly,52,0.15384615384615385,864,1,1.0,High,0.8530640027906933,0.2245628430475567,High,Silver
1386,41,Male,Jewelry,Accessories,64,Mississippi,M,Indigo,Fall,2.6,No,Store Pickup,Yes,1,Bank Transfer,Bi-Weekly,26,0.038461538461538464,128,1,1.0,Low,-1.1781924445209047,-2.608823464297051,Low,Bronze
1387,68,Male,Jacket,Outerwear,56,Oregon,M,Silver,Fall,4.0,No,Next Day Air,Yes,4,Debit Card,Quarterly,4,1.0,280,1,1.0,Medium,-2.2793110470840805,-0.39146157526030195,Low,Bronze
1388,21,Male,Blouse,Clothing,85,Maryland,M,Gold,Winter,3.8,No,Standard,Yes,20,Credit Card,Monthly,12,1.6666666666666667,1785,1,1.0,Medium,-0.6959070502460731,-0.4946233651057792,Low,Gold
1389,62,Male,Dress,Clothing,23,Arkansas,M,Lavender,Spring,3.9,No,Express,Yes,40,Cash,Quarterly,4,10.0,943,1,1.0,Medium,0.21253418684546,1.859406385033463,Medium,Silver
1390,59,Male,Scarf,Accessories,72,Illinois,L,Orange,Fall,2.6,No,Store Pickup,Yes,8,Debit Card,Fortnightly,26,0.3076923076923077,648,1,1.0,Low,-0.6936669823679386,-2.5372976862503847,Low,Bronze
1391,25,Male,Hat,Accessories,38,Arkansas,M,Maroon,Summer,4.3,No,Standard,Yes,42,Debit Card,Weekly,52,0.8076923076923077,1634,1,1.0,High,3.2064733903908147,-0.022141556352087033,High,Gold
1392,53,Male,Blouse,Clothing,29,Mississippi,S,White,Winter,3.6,No,Express,Yes,38,Credit Card,Annually,1,10.0,1131,1,1.0,Medium,-0.10437061930995495,1.4389965246633434,Medium,Silver
1393,31,Male,Gloves,Accessories,46,Arkansas,M,Yellow,Spring,4.2,No,Express,Yes,34,Venmo,Quarterly,4,8.5,1610,1,1.0,High,-0.20277335214279668,1.8813154820007267,Medium,Gold
1394,46,Male,Gloves,Accessories,58,Idaho,L,Yellow,Spring,3.9,No,Express,Yes,14,PayPal,Fortnightly,26,0.5384615384615384,870,1,1.0,Medium,-0.2783594433796819,-0.6542138148922466,Medium,Silver
1395,26,Male,Coat,Outerwear,43,Iowa,L,Magenta,Fall,4.7,No,Next Day Air,Yes,39,Cash,Weekly,52,0.75,1720,1,1.0,High,2.998819620896686,0.5230779717028352,High,Gold
1396,47,Male,Scarf,Accessories,32,West Virginia,L,Turquoise,Spring,2.8,No,Next Day Air,Yes,40,PayPal,Bi-Weekly,26,1.5384615384615385,1312,1,1.0,Low,1.5213065589027637,-1.9300494606474485,High,Silver
1397,37,Male,Pants,Clothing,30,Wisconsin,XL,Lavender,Winter,3.0,No,Next Day Air,Yes,49,Debit Card,Monthly,12,4.083333333333333,1500,1,1.0,Low,1.311412721530501,-0.9736873183881636,High,Gold
1398,55,Male,Sunglasses,Accessories,67,Massachusetts,S,Magenta,Summer,4.7,No,Store Pickup,Yes,33,PayPal,Annually,1,10.0,2278,1,1.0,High,-0.4504602351335022,2.9804993460204496,Medium,Gold
1399,30,Male,Dress,Clothing,45,Texas,M,Cyan,Summer,2.5,No,Free Shipping,Yes,25,Credit Card,Weekly,52,0.4807692307692308,1170,1,1.0,Low,2.0297686965907538,-2.6314534490580437,High,Silver
1400,19,Male,Hat,Accessories,81,Nebraska,M,Olive,Winter,3.1,No,Store Pickup,Yes,48,Venmo,Annually,1,10.0,3969,1,1.0,Medium,0.5878086123371397,0.7383134240464769,Medium,Platinum
1401,36,Male,Backpack,Accessories,23,Nevada,M,Red,Fall,3.6,No,Next Day Air,Yes,22,Credit Card,Quarterly,4,5.5,529,1,1.0,Medium,-1.0333884301193101,0.24349423445477417,Low,Bronze
1402,23,Male,Sandals,Footwear,59,Indiana,M,Blue,Fall,3.5,No,2-Day Shipping,Yes,1,PayPal,Weekly,52,0.019230769230769232,118,1,1.0,Medium,0.36853854063772706,-1.3527028673328823,Medium,Bronze
1403,62,Male,Sunglasses,Accessories,21,North Dakota,L,White,Summer,3.1,No,Express,Yes,47,PayPal,Monthly,12,3.9166666666666665,1008,1,1.0,Medium,1.172976875201082,-0.8778285608651074,High,Silver
1404,26,Male,Backpack,Accessories,20,Georgia,M,Peach,Spring,3.6,No,Store Pickup,Yes,20,Credit Card,Bi-Weekly,26,0.7692307692307693,420,1,1.0,Medium,0.1369480956085748,-1.0133158655080805,Medium,Bronze
1405,36,Male,Jewelry,Accessories,28,New Mexico,M,Charcoal,Winter,3.5,No,Next Day Air,Yes,10,Debit Card,Weekly,52,0.19230769230769232,308,1,1.0,Medium,0.9914998491201121,-1.306722010017168,High,Bronze
1406,33,Male,Socks,Clothing,100,New Hampshire,M,Peach,Winter,2.7,No,Store Pickup,Yes,39,Credit Card,Monthly,12,3.25,4000,1,1.0,Low,0.6192334898834064,-1.6154864917598697,Medium,Platinum
1407,32,Male,Shirt,Clothing,46,Washington,L,Turquoise,Spring,3.6,No,Express,Yes,15,Debit Card,Monthly,12,1.25,736,1,1.0,Medium,-1.0419966660696203,-0.8855912618533189,Low,Silver
1408,56,Male,Handbag,Accessories,61,Nevada,XL,Charcoal,Spring,4.5,No,Express,Yes,11,Credit Card,Annually,1,10.0,732,1,1.0,High,-1.97325454475711,2.700226105773703,Low,Silver
1409,58,Male,Blouse,Clothing,58,Maine,M,Yellow,Winter,4.1,No,Free Shipping,Yes,38,Venmo,Weekly,52,0.7307692307692307,2262,1,1.0,High,2.9296016977319765,-0.32285073318359564,High,Gold
1410,34,Male,Backpack,Accessories,50,Idaho,M,Blue,Spring,4.2,No,Standard,Yes,41,Cash,Fortnightly,26,1.5769230769230769,2100,1,1.0,High,1.5905244820674733,0.04208118937215888,High,Gold
1411,61,Male,Hat,Accessories,93,Tennessee,M,Purple,Summer,4.0,No,Store Pickup,Yes,18,Debit Card,Annually,1,10.0,1767,1,1.0,Medium,-1.488729082604144,1.9995430051568364,Low,Gold
1412,48,Male,Skirt,Clothing,24,Louisiana,L,Green,Summer,2.8,No,Store Pickup,Yes,13,Venmo,Quarterly,4,3.25,336,1,1.0,Low,-1.6563497386016952,-1.475349871636497,Low,Bronze
1413,25,Male,Shorts,Clothing,100,Michigan,M,Charcoal,Summer,2.6,No,2-Day Shipping,Yes,43,Venmo,Annually,1,10.0,4400,1,1.0,Low,0.2417189965135923,0.03763032342961048,Medium,Platinum
1414,51,Male,Blouse,Clothing,79,New Hampshire,S,Indigo,Fall,2.7,No,Store Pickup,Yes,12,Bank Transfer,Quarterly,4,3.0,1027,1,1.0,Low,-1.7255676617664046,-1.6819032856603457,Low,Silver
1415,29,Male,Socks,Clothing,51,Minnesota,M,Black,Summer,4.5,No,Store Pickup,Yes,3,Credit Card,Bi-Weekly,26,0.11538461538461539,204,1,1.0,High,-1.0397565981914858,0.07420825463180314,Low,Bronze
1416,54,Male,Belt,Accessories,90,Illinois,M,Blue,Winter,3.7,No,Free Shipping,Yes,12,Credit Card,Quarterly,4,3.0,1170,1,1.0,Medium,-1.7255676617664046,-0.280537084426613,Low,Silver
1417,48,Male,Boots,Footwear,56,Idaho,L,Silver,Summer,3.4,No,Free Shipping,Yes,46,Cash,Quarterly,4,10.0,2632,1,1.0,Medium,0.6278417258337166,1.1587232844165967,Medium,Platinum
1418,62,Male,Shorts,Clothing,25,Montana,S,Brown,Spring,4.6,No,Standard,Yes,21,Debit Card,Fortnightly,26,0.8076923076923077,550,1,1.0,High,0.20616601877328422,0.3982683040180325,Medium,Bronze
1419,18,Male,Shirt,Clothing,75,Alabama,M,Violet,Summer,4.1,No,2-Day Shipping,Yes,23,Venmo,Quarterly,4,5.75,1800,1,1.0,High,-0.9641705069546007,1.010594128972116,Low,Gold
1420,43,Male,Handbag,Accessories,75,Montana,M,Orange,Summer,2.6,No,Free Shipping,Yes,4,Debit Card,Quarterly,4,1.0,375,1,1.0,Low,-2.2793110470840805,-2.353374256987528,Low,Bronze
1421,22,Male,Jeans,Clothing,53,California,XL,Gray,Summer,4.6,No,Store Pickup,Yes,45,PayPal,Quarterly,4,10.0,2438,1,1.0,High,0.5586238026690071,2.8403627258970756,Medium,Platinum
1422,68,Male,Dress,Clothing,100,Pennsylvania,S,Gold,Spring,3.0,No,Standard,Yes,24,Bank Transfer,Fortnightly,26,0.9230769230769231,2500,1,1.0,Low,0.41381978826741256,-1.8132637130787967,Medium,Platinum
1423,44,Male,Dress,Clothing,27,Texas,L,Charcoal,Fall,3.4,No,Free Shipping,Yes,3,PayPal,Bi-Weekly,26,0.11538461538461539,108,1,1.0,Medium,-1.0397565981914858,-1.4672945667253032,Low,Bronze
1424,51,Male,Sandals,Footwear,60,Michigan,S,Black,Fall,3.5,No,Free Shipping,Yes,12,Venmo,Quarterly,4,3.0,780,1,1.0,Medium,-1.7255676617664046,-0.5608103246733598,Low,Silver
1425,66,Male,Jacket,Outerwear,23,Connecticut,S,Indigo,Fall,3.5,No,Standard,Yes,34,Bank Transfer,Quarterly,4,8.5,805,1,1.0,Medium,-0.20277335214279668,0.9003591411371135,Medium,Silver
1426,59,Male,Coat,Outerwear,40,Wyoming,S,White,Winter,3.7,No,Next Day Air,Yes,39,Credit Card,Annually,1,10.0,1600,1,1.0,Medium,-0.03515269614524541,1.5791331447867167,Medium,Gold
1427,60,Male,Pants,Clothing,38,Michigan,M,Yellow,Summer,4.8,No,Free Shipping,Yes,35,PayPal,Quarterly,4,8.75,1368,1,1.0,High,-0.13355542897808725,2.7885519966414423,Medium,Gold
1428,31,Male,Backpack,Accessories,90,South Dakota,S,Orange,Summer,4.9,No,Store Pickup,Yes,8,Credit Card,Annually,1,8.0,810,1,1.0,High,-2.1809083142512384,2.729438235063388,Low,Silver
1429,20,Male,Blouse,Clothing,97,North Dakota,S,Green,Summer,4.9,No,Express,Yes,42,PayPal,Quarterly,4,10.0,4171,1,1.0,High,0.35097003317487885,3.260772586267197,Medium,Platinum
1430,24,Male,Skirt,Clothing,38,Maryland,L,Gold,Fall,4.7,No,Standard,Yes,6,Credit Card,Quarterly,4,1.5,266,1,1.0,High,-2.140875200754661,0.7223283534042634,Low,Bronze
1431,48,Male,Sandals,Footwear,30,Michigan,S,Orange,Summer,4.9,No,Free Shipping,Yes,3,Credit Card,Fortnightly,26,0.11538461538461539,120,1,1.0,High,-1.0397565981914858,0.6347547351252968,Low,Bronze
1432,39,Male,Pants,Clothing,88,South Dakota,M,Cyan,Fall,2.9,No,Express,Yes,29,Venmo,Quarterly,4,7.25,2640,1,1.0,Low,-0.5488629679663439,-0.27254454910550663,Low,Platinum
1433,34,Male,Hat,Accessories,33,Florida,L,Black,Winter,4.4,No,Express,Yes,32,Debit Card,Quarterly,4,8.0,1089,1,1.0,High,-0.34120919847221565,2.0287551344465213,Medium,Silver
1434,70,Male,Hoodie,Clothing,60,Minnesota,L,Yellow,Winter,3.2,No,Next Day Air,Yes,45,Debit Card,Weekly,52,0.8653846153846154,2760,1,1.0,Medium,3.4141271598849428,-1.5483174252706213,High,Platinum
1435,59,Male,Sweater,Clothing,64,New York,L,Maroon,Summer,4.6,No,Free Shipping,Yes,21,Debit Card,Bi-Weekly,26,0.8076923076923077,1408,1,1.0,High,0.20616601877328422,0.3982683040180325,Medium,Gold
1436,45,Male,Scarf,Accessories,95,Oregon,XL,Black,Fall,4.0,No,Standard,Yes,41,Cash,Weekly,52,0.7884615384615384,3990,1,1.0,Medium,3.137255467226105,-0.44766040086839715,High,Platinum
1437,35,Male,Sneakers,Footwear,83,Minnesota,M,Gray,Winter,3.7,No,Free Shipping,Yes,23,PayPal,Fortnightly,26,0.8846153846153846,1992,1,1.0,Medium,0.34460186510270313,-0.8425253405075643,Medium,Gold
1438,69,Male,Boots,Footwear,97,Montana,XL,Orange,Winter,4.2,No,Free Shipping,Yes,14,Cash,Annually,1,10.0,1455,1,1.0,High,-1.7656007752629816,2.279816245403583,Low,Gold
1439,58,Male,Coat,Outerwear,38,Washington,M,Cyan,Spring,2.9,No,Standard,Yes,24,Debit Card,Monthly,12,2.0,950,1,1.0,Low,-0.4190353575872353,-1.6672972210155041,Medium,Silver
1440,25,Male,Boots,Footwear,48,New Mexico,M,Magenta,Summer,4.8,No,Next Day Air,Yes,25,Cash,Fortnightly,26,0.9615384615384616,1248,1,1.0,High,0.48303771143212204,0.7194134174343033,Medium,Silver
1441,27,Male,Sandals,Footwear,76,Arizona,M,Pink,Spring,4.4,No,Standard,Yes,13,Venmo,Monthly,12,1.0833333333333333,1064,1,1.0,High,-1.1804325123990393,0.1912238365333504,Low,Silver
1442,34,Male,Pants,Clothing,25,Nebraska,S,Turquoise,Summer,3.4,No,Free Shipping,Yes,3,Venmo,Quarterly,4,0.75,100,1,1.0,Medium,-2.3485289702487897,-1.2986980899010179,Low,Bronze
1443,53,Male,Hoodie,Clothing,92,Idaho,S,Violet,Spring,2.8,No,2-Day Shipping,Yes,42,Credit Card,Annually,1,10.0,3956,1,1.0,Low,0.17250107334888287,0.31790356367635675,Medium,Platinum
1444,58,Male,Sandals,Footwear,47,Idaho,L,Teal,Fall,4.2,No,Next Day Air,Yes,2,Cash,Monthly,12,0.16666666666666666,141,1,1.0,High,-1.9418296672108433,-0.332577648015142,Low,Bronze
1445,32,Male,Sweater,Clothing,36,Vermont,L,Pink,Fall,3.8,No,Express,Yes,26,Cash,Quarterly,4,6.5,972,1,1.0,Medium,-0.7565167374604723,0.7894346503034246,Low,Silver
1446,64,Male,Belt,Accessories,51,Arkansas,M,Gold,Fall,3.1,No,2-Day Shipping,Yes,24,Credit Card,Annually,1,10.0,1275,1,1.0,Medium,-1.0734215436158872,0.7383134240464769,Low,Silver
1447,63,Male,Jeans,Clothing,35,Wyoming,XL,Red,Summer,3.2,No,Express,Yes,6,Credit Card,Quarterly,4,1.5,245,1,1.0,Medium,-2.140875200754661,-1.379720948446336,Low,Bronze
1448,23,Male,Hoodie,Clothing,57,New Mexico,S,Beige,Summer,3.0,No,Next Day Air,Yes,25,PayPal,Monthly,12,2.0833333333333335,1482,1,1.0,Low,-0.34981743442252583,-1.5050216695919718,Medium,Gold
1449,64,Male,Boots,Footwear,95,West Virginia,M,Black,Summer,3.6,No,Free Shipping,Yes,11,Credit Card,Quarterly,4,2.75,1140,1,1.0,Medium,-1.794785584931114,-0.4870904984504625,Low,Silver
1450,18,Male,Socks,Clothing,41,New York,L,Lavender,Winter,2.5,No,Store Pickup,Yes,20,Cash,Quarterly,4,5.0,861,1,1.0,Low,-1.171824276448729,-1.4308421747032842,Low,Silver
1451,25,Male,Dress,Clothing,44,Illinois,S,Teal,Winter,3.4,No,Free Shipping,Yes,25,Cash,Quarterly,4,6.25,1144,1,1.0,Medium,-0.8257346606251817,0.16247137590945554,Low,Silver
1452,54,Male,Jacket,Outerwear,34,Utah,M,Maroon,Fall,2.5,No,Next Day Air,Yes,35,PayPal,Quarterly,4,8.75,1224,1,1.0,Low,-0.13355542897808725,-0.4345902661961434,Medium,Silver
1453,60,Male,Jacket,Outerwear,25,Colorado,L,Blue,Spring,4.7,No,2-Day Shipping,Yes,11,Bank Transfer,Quarterly,4,2.75,300,1,1.0,High,-1.794785584931114,1.0544123229066438,Low,Bronze
1454,36,Male,Boots,Footwear,93,Virginia,S,Teal,Winter,3.2,No,2-Day Shipping,Yes,41,Bank Transfer,Fortnightly,26,1.5769230769230769,3906,1,1.0,Medium,1.5905244820674733,-1.359285011861574,High,Platinum
1455,66,Male,Sneakers,Footwear,50,Georgia,L,Maroon,Winter,2.9,No,Free Shipping,Yes,17,Credit Card,Annually,1,10.0,900,1,1.0,Low,-1.5579470057688534,0.4580401837997301,Low,Silver
1456,60,Male,Pants,Clothing,79,Alabama,L,Silver,Fall,4.9,No,Express,Yes,1,PayPal,Quarterly,4,0.25,158,1,1.0,High,-2.4869648165782086,0.67051762414863,Low,Bronze
1457,59,Male,Coat,Outerwear,100,Montana,S,Olive,Spring,2.7,No,Store Pickup,Yes,30,PayPal,Quarterly,4,7.5,3100,1,1.0,Low,-0.4796450448016345,-0.4864009954517766,Medium,Platinum
1458,58,Male,Shirt,Clothing,57,Pennsylvania,S,Gray,Spring,4.7,No,Express,Yes,47,Venmo,Fortnightly,26,1.8076923076923077,2736,1,1.0,High,2.00583202105573,0.8040720997433108,High,Platinum
1459,35,Male,Sweater,Clothing,28,Missouri,M,Peach,Spring,2.9,No,2-Day Shipping,Yes,34,Venmo,Weekly,52,0.6538461538461539,980,1,1.0,Low,2.652730005073139,-2.0249261112488366,High,Silver
1460,20,Male,Shoes,Footwear,35,Maine,L,Yellow,Winter,4.8,No,Express,Yes,18,Venmo,Fortnightly,26,0.6923076923076923,665,1,1.0,High,-0.001487750720844172,0.6478876393876367,Medium,Silver
1461,70,Male,Boots,Footwear,85,Pennsylvania,L,Violet,Fall,4.6,No,Standard,Yes,33,Venmo,Bi-Weekly,26,1.2692307692307692,2890,1,1.0,High,1.0367810967497975,0.5208839235266037,High,Platinum
1462,54,Male,Sunglasses,Accessories,95,Oregon,S,Red,Summer,5.0,No,2-Day Shipping,Yes,42,Venmo,Quarterly,4,10.0,4085,1,1.0,High,0.35097003317487885,3.400909206390569,Medium,Platinum
1463,38,Male,Sneakers,Footwear,90,Utah,S,Charcoal,Summer,4.8,No,2-Day Shipping,Yes,2,Venmo,Quarterly,4,0.5,270,1,1.0,High,-2.417746893413499,0.5967977979257321,Low,Bronze
1464,54,Male,Jewelry,Accessories,49,Oklahoma,M,Beige,Summer,4.9,No,Store Pickup,Yes,1,Bank Transfer,Monthly,12,0.08333333333333333,98,1,1.0,High,-2.0110475903755525,0.6262397615483126,Low,Bronze
1465,33,Male,Belt,Accessories,92,Montana,M,Peach,Winter,4.6,No,2-Day Shipping,Yes,23,Bank Transfer,Quarterly,4,5.75,2208,1,1.0,High,-0.9641705069546007,1.7112772295889824,Low,Gold
1466,46,Male,Gloves,Accessories,72,Nebraska,XL,Violet,Winter,3.9,No,Store Pickup,Yes,42,Cash,Bi-Weekly,26,1.6153846153846154,3096,1,1.0,Medium,1.6597424052321825,-0.36811070270558044,High,Platinum
1467,58,Male,Shorts,Clothing,71,Alabama,M,Green,Summer,4.5,No,Store Pickup,Yes,3,PayPal,Annually,1,3.0,284,1,1.0,High,-2.526997930074786,0.8405558765603731,Low,Bronze
1468,30,Male,Jewelry,Accessories,27,Ohio,XL,Olive,Winter,4.7,No,Store Pickup,Yes,16,Debit Card,Fortnightly,26,0.6153846153846154,459,1,1.0,High,-0.13992359705026303,0.48731508267950197,Medium,Bronze
1469,42,Male,Gloves,Accessories,39,Arkansas,S,Silver,Fall,3.9,No,Express,Yes,46,Cash,Fortnightly,26,1.7692307692307692,1833,1,1.0,Medium,1.9366140978910202,-0.32723882953605676,High,Gold
1470,28,Male,Jewelry,Accessories,98,Mississippi,M,Purple,Winter,4.4,No,Standard,Yes,31,PayPal,Quarterly,4,7.75,3136,1,1.0,High,-0.4104271216369251,1.9623383405460455,Medium,Platinum
1471,43,Male,Sandals,Footwear,27,California,M,Silver,Spring,3.9,No,Next Day Air,Yes,15,Cash,Quarterly,4,3.75,432,1,1.0,Medium,-1.5179138922722761,0.19898653752156137,Low,Bronze
1472,31,Male,Jewelry,Accessories,71,Alaska,S,Gray,Spring,2.8,No,2-Day Shipping,Yes,48,Venmo,Quarterly,4,10.0,3479,1,1.0,Low,0.7662775721631356,0.31790356367635675,Medium,Platinum
1473,39,Male,Hat,Accessories,24,Indiana,L,Turquoise,Spring,3.5,No,Store Pickup,Yes,11,Cash,Weekly,52,0.21153846153846154,288,1,1.0,Medium,1.0607177722848216,-1.3016130258709775,High,Bronze
1474,69,Male,Shorts,Clothing,63,Wisconsin,M,Violet,Fall,4.3,No,Express,Yes,20,Credit Card,Quarterly,4,5.0,1323,1,1.0,High,-1.171824276448729,1.0916169875174346,Low,Silver
1475,31,Male,Sweater,Clothing,72,New Jersey,S,Pink,Fall,3.9,No,Next Day Air,Yes,6,Credit Card,Monthly,12,0.5,504,1,1.0,Medium,-1.6649579745520053,-0.6644317831846275,Low,Bronze
1476,44,Male,Blouse,Clothing,61,Rhode Island,M,Teal,Spring,4.0,No,Express,Yes,24,Cash,Monthly,12,2.0,1525,1,1.0,Medium,-0.4190353575872353,-0.12579439965839773,Medium,Gold
1477,39,Male,Hat,Accessories,56,Wyoming,M,Magenta,Fall,4.1,No,Next Day Air,Yes,18,Credit Card,Monthly,12,1.5,1064,1,1.0,High,-0.834342896575492,-0.11849136733597704,Low,Silver
1478,24,Male,Belt,Accessories,32,Oregon,XL,Silver,Summer,4.3,No,Standard,Yes,1,PayPal,Quarterly,4,0.25,64,1,1.0,High,-2.4869648165782086,-0.17030209659161044,Low,Bronze
1479,28,Male,Gloves,Accessories,23,Washington,M,Blue,Summer,4.2,No,Free Shipping,Yes,13,Venmo,Bi-Weekly,26,0.5,322,1,1.0,High,-0.3475773665443914,-0.2440219228145072,Medium,Bronze
1480,48,Male,Coat,Outerwear,100,Washington,L,Black,Spring,4.0,No,Standard,Yes,2,Bank Transfer,Weekly,52,0.038461538461538464,300,1,1.0,Medium,0.4377564638024365,-0.6469107825698253,Medium,Bronze
1481,39,Male,Jewelry,Accessories,74,New Hampshire,M,Gold,Fall,3.6,No,Express,Yes,26,Cash,Quarterly,4,6.5,1998,1,1.0,Medium,-0.7565167374604723,0.5091614100566784,Low,Gold
1482,64,Male,Skirt,Clothing,33,Maryland,S,Gray,Spring,3.3,No,Standard,Yes,31,PayPal,Quarterly,4,7.75,1056,1,1.0,Medium,-0.4104271216369251,0.42083551918893847,Medium,Silver
1483,28,Male,Gloves,Accessories,67,Wisconsin,S,Magenta,Spring,4.1,No,2-Day Shipping,Yes,43,Bank Transfer,Weekly,52,0.8269230769230769,2948,1,1.0,High,3.275691313555524,-0.2973058124526435,High,Platinum
1484,39,Male,Jewelry,Accessories,61,Massachusetts,S,Yellow,Summer,4.7,No,Next Day Air,Yes,12,Debit Card,Bi-Weekly,26,0.46153846153846156,793,1,1.0,High,-0.41679528970910085,0.4464432095099783,Medium,Silver
1485,49,Male,Shorts,Clothing,46,Nebraska,M,Teal,Summer,4.4,No,Store Pickup,Yes,22,Venmo,Quarterly,4,5.5,1058,1,1.0,High,-1.0333884301193101,1.3645871954417608,Low,Silver
1486,22,Male,Gloves,Accessories,56,Nebraska,L,Red,Spring,3.4,No,Standard,Yes,3,Cash,Fortnightly,26,0.11538461538461539,224,1,1.0,Medium,-1.0397565981914858,-1.4672945667253032,Low,Bronze
1487,25,Male,Sneakers,Footwear,73,Idaho,S,Yellow,Spring,5.0,No,Free Shipping,Yes,23,Venmo,Quarterly,4,5.75,1752,1,1.0,High,-0.9641705069546007,2.271823710082476,Low,Gold
1488,40,Male,Skirt,Clothing,44,Arizona,L,Black,Summer,4.6,No,Store Pickup,Yes,26,PayPal,Annually,1,10.0,1188,1,1.0,High,-0.9349856972864683,2.8403627258970756,Low,Silver
1489,23,Male,Hat,Accessories,44,Hawaii,L,Pink,Winter,4.0,No,Standard,Yes,37,Credit Card,Weekly,52,0.7115384615384616,1672,1,1.0,Medium,2.8603837745672673,-0.4680963374531589,High,Gold
1490,24,Male,Jewelry,Accessories,26,Missouri,XL,Magenta,Summer,4.1,No,Next Day Air,Yes,42,Venmo,Quarterly,4,10.0,1118,1,1.0,High,0.35097003317487885,2.139679625280209,Medium,Silver
1491,66,Male,Sneakers,Footwear,52,Louisiana,L,Olive,Spring,4.9,No,Express,Yes,15,Venmo,Bi-Weekly,26,0.5769230769230769,832,1,1.0,High,-0.20914152021497245,0.7573703546338678,Medium,Silver
1492,27,Male,Shirt,Clothing,54,Arkansas,S,Black,Summer,2.7,No,Free Shipping,Yes,10,Bank Transfer,Quarterly,4,2.5,594,1,1.0,Low,-1.8640035080958235,-1.8147368734612979,Low,Bronze
1493,62,Male,Jacket,Outerwear,38,North Carolina,M,Maroon,Summer,4.5,No,Free Shipping,Yes,3,Venmo,Quarterly,4,0.75,152,1,1.0,High,-2.3485289702487897,0.2428047314560885,Low,Bronze
1494,70,Male,Belt,Accessories,44,North Dakota,S,Gold,Fall,2.7,No,Standard,Yes,44,Credit Card,Quarterly,4,10.0,1980,1,1.0,Low,0.4894058795042977,0.17776694355298406,Medium,Gold
1495,43,Male,T-shirt,Clothing,76,Montana,M,Gray,Spring,3.0,No,Next Day Air,Yes,23,Bank Transfer,Fortnightly,26,0.8846153846153846,1824,1,1.0,Low,0.34460186510270313,-1.8234816813711778,Medium,Gold
1496,45,Male,Jewelry,Accessories,23,Rhode Island,M,Brown,Winter,4.5,No,Next Day Air,Yes,6,PayPal,Weekly,52,0.11538461538461539,161,1,1.0,High,0.7146281564612744,0.07420825463180314,Medium,Bronze
1497,63,Male,T-shirt,Clothing,98,Idaho,M,Purple,Winter,5.0,No,Standard,Yes,9,Venmo,Bi-Weekly,26,0.34615384615384615,980,1,1.0,High,-0.6244490592032291,0.8361991650029551,Low,Silver
1498,69,Male,Jacket,Outerwear,33,Michigan,S,Magenta,Spring,3.8,No,2-Day Shipping,Yes,16,Debit Card,Quarterly,4,4.0,561,1,1.0,Medium,-1.448695969107567,0.125266711298664,Low,Bronze
1499,59,Male,Sweater,Clothing,32,Illinois,M,Teal,Summer,3.1,No,Standard,Yes,46,Venmo,Fortnightly,26,1.7692307692307692,1504,1,1.0,Medium,1.9366140978910202,-1.4483317905230428,High,Gold
1500,19,Male,Boots,Footwear,85,Georgia,S,Olive,Fall,3.4,No,Free Shipping,Yes,24,Credit Card,Quarterly,4,6.0,2125,1,1.0,Medium,-0.8949525837898912,0.09605458200897948,Low,Gold
1501,63,Male,Jeans,Clothing,69,Alabama,L,Maroon,Summer,4.8,No,Next Day Air,Yes,22,Debit Card,Monthly,12,1.8333333333333333,1587,1,1.0,High,-0.5574712039166542,0.951020698728271,Low,Gold
1502,37,Male,Jeans,Clothing,55,Alaska,XL,Silver,Spring,2.7,No,Standard,Yes,13,Debit Card,Quarterly,4,3.25,770,1,1.0,Low,-1.6563497386016952,-1.6154864917598697,Low,Silver
1503,37,Male,Pants,Clothing,66,Massachusetts,M,Black,Summer,3.2,No,Store Pickup,Yes,20,Cash,Fortnightly,26,0.7692307692307693,1386,1,1.0,Medium,0.1369480956085748,-1.5738623460015737,Medium,Gold
1504,50,Male,Jacket,Outerwear,30,Michigan,M,Maroon,Fall,3.9,No,2-Day Shipping,Yes,46,Cash,Quarterly,4,10.0,1410,1,1.0,Medium,0.6278417258337166,1.859406385033463,Medium,Gold
1505,60,Male,Jacket,Outerwear,80,Alaska,M,Teal,Winter,4.2,No,Next Day Air,Yes,10,Bank Transfer,Monthly,12,0.8333333333333334,880,1,1.0,High,-1.3880862818931676,-0.15546619761387237,Low,Silver
1506,46,Male,Belt,Accessories,20,North Dakota,M,Teal,Summer,3.0,No,Express,Yes,39,Cash,Monthly,12,3.25,800,1,1.0,Low,0.6192334898834064,-1.1950766313897503,Medium,Silver
1507,35,Male,Shirt,Clothing,30,South Carolina,L,Beige,Fall,3.0,No,2-Day Shipping,Yes,44,PayPal,Quarterly,4,10.0,1350,1,1.0,Low,0.4894058795042977,0.5981768039231035,Medium,Gold
1508,66,Male,Dress,Clothing,86,Pennsylvania,S,Maroon,Winter,3.7,No,2-Day Shipping,Yes,7,Venmo,Annually,1,7.0,688,1,1.0,Medium,-2.2501262374159476,0.782131617981004,Low,Silver
1509,35,Male,Blouse,Clothing,84,Colorado,L,Beige,Spring,4.4,No,Store Pickup,Yes,3,Cash,Quarterly,4,0.75,336,1,1.0,High,-2.3485289702487897,0.1026681113327157,Low,Bronze
1510,20,Male,Dress,Clothing,54,New Hampshire,XL,White,Summer,4.6,No,Free Shipping,Yes,44,Debit Card,Annually,1,10.0,2430,1,1.0,High,0.3109369196783017,2.8403627258970756,Medium,Platinum
1511,55,Male,Blouse,Clothing,30,Maryland,XL,Gray,Fall,3.0,No,Free Shipping,Yes,31,Venmo,Annually,1,10.0,960,1,1.0,Low,-0.588896081462921,0.5981768039231035,Low,Silver
1512,34,Male,Dress,Clothing,91,Georgia,M,Violet,Winter,3.6,No,Express,Yes,48,Credit Card,Weekly,52,0.9230769230769231,4459,1,1.0,Medium,3.6217809293790713,-0.9724439923385568,High,Platinum
1513,60,Male,Sneakers,Footwear,23,Wisconsin,L,Silver,Winter,3.9,No,Standard,Yes,18,PayPal,Bi-Weekly,26,0.6923076923076923,437,1,1.0,Medium,-0.001487750720844172,-0.6133419417227228,Medium,Bronze
1514,22,Male,Socks,Clothing,35,Texas,M,Red,Spring,4.1,No,Free Shipping,Yes,27,Cash,Monthly,12,2.25,980,1,1.0,High,-0.21138158809310695,0.08075901436545113,Medium,Silver
1515,26,Male,Shoes,Footwear,90,Utah,L,Brown,Winter,3.9,No,2-Day Shipping,Yes,1,Venmo,Weekly,52,0.019230769230769232,180,1,1.0,Medium,0.36853854063772706,-0.7921563868393893,Medium,Bronze
1516,39,Male,Jeans,Clothing,93,Indiana,S,Turquoise,Fall,3.9,No,2-Day Shipping,Yes,34,Cash,Weekly,52,0.6538461538461539,3255,1,1.0,Medium,2.652730005073139,-0.6235599100151038,High,Platinum
1517,20,Male,Jeans,Clothing,68,Nevada,L,Indigo,Winter,4.5,No,Express,Yes,5,Bank Transfer,Bi-Weekly,26,0.19230769230769232,408,1,1.0,High,-0.9013207518620671,0.09464419121656498,Low,Bronze
1518,57,Male,Gloves,Accessories,41,New Hampshire,M,Violet,Spring,3.4,No,Standard,Yes,12,Cash,Quarterly,4,3.0,533,1,1.0,Medium,-1.7255676617664046,-0.7009469447967333,Low,Bronze
1519,68,Male,Belt,Accessories,73,New York,M,Yellow,Winter,4.1,No,Next Day Air,Yes,14,Venmo,Fortnightly,26,0.5384615384615384,1095,1,1.0,High,-0.2783594433796819,-0.3739405746455004,Medium,Silver
1520,50,Male,Sunglasses,Accessories,73,Texas,L,Cyan,Fall,4.9,No,Next Day Air,Yes,40,PayPal,Weekly,52,0.7692307692307693,2993,1,1.0,High,3.0680375440613954,0.8084601960957726,High,Platinum
1521,21,Male,Hat,Accessories,66,Iowa,M,Brown,Summer,4.4,No,2-Day Shipping,Yes,39,Cash,Quarterly,4,9.75,2640,1,1.0,High,0.14331626368075057,2.493672691749854,Medium,Platinum
1522,29,Male,Backpack,Accessories,59,Washington,M,White,Summer,2.7,No,2-Day Shipping,Yes,50,Bank Transfer,Weekly,52,0.9615384615384616,3009,1,1.0,Low,3.76021677570849,-2.223455605156535,High,Platinum
1523,38,Male,Shorts,Clothing,72,Tennessee,L,Yellow,Spring,4.8,No,Free Shipping,Yes,5,Debit Card,Monthly,12,0.4166666666666667,432,1,1.0,High,-1.734175897716715,0.5746588666255733,Low,Bronze
1524,54,Male,Socks,Clothing,88,Georgia,M,White,Summer,3.3,No,2-Day Shipping,Yes,35,Debit Card,Annually,1,10.0,3168,1,1.0,Medium,-0.31202438880408323,1.018586664293223,Medium,Platinum
1525,22,Male,Socks,Clothing,76,Massachusetts,L,Pink,Summer,4.4,No,Free Shipping,Yes,6,Cash,Bi-Weekly,26,0.23076923076923078,532,1,1.0,High,-0.8321028286973574,-0.03527446061442685,Low,Bronze
1526,29,Male,Belt,Accessories,31,Oregon,M,Indigo,Winter,4.6,No,2-Day Shipping,Yes,22,Cash,Fortnightly,26,0.8461538461538461,713,1,1.0,High,0.27538394193799365,0.40848627231041357,Medium,Silver
1527,41,Male,Jacket,Outerwear,22,Oklahoma,L,White,Summer,3.1,No,Next Day Air,Yes,27,PayPal,Monthly,12,2.25,616,1,1.0,Medium,-0.21138158809310695,-1.3206071868682812,Medium,Bronze
1528,26,Male,Hat,Accessories,75,Wisconsin,L,Red,Fall,4.5,No,2-Day Shipping,Yes,33,Debit Card,Fortnightly,26,1.2692307692307692,2550,1,1.0,High,1.0367810967497975,0.38074730340323104,High,Platinum
1529,69,Male,T-shirt,Clothing,75,Oregon,S,Red,Spring,4.0,No,Store Pickup,Yes,47,Venmo,Bi-Weekly,26,1.8076923076923077,3600,1,1.0,Medium,2.00583202105573,-0.17688424112030238,High,Platinum
1530,20,Male,Backpack,Accessories,63,Georgia,M,Lavender,Winter,3.1,No,Free Shipping,Yes,48,Credit Card,Bi-Weekly,26,1.8461538461538463,3087,1,1.0,Medium,2.0750499442204395,-1.427895853938281,High,Platinum
1531,59,Male,Coat,Outerwear,21,New Mexico,M,Teal,Spring,3.9,No,Next Day Air,Yes,22,Bank Transfer,Quarterly,4,5.5,483,1,1.0,Medium,-1.0333884301193101,0.6639040948248938,Low,Bronze
1532,63,Male,Backpack,Accessories,83,Mississippi,S,Violet,Spring,4.5,No,Next Day Air,Yes,8,PayPal,Bi-Weekly,26,0.3076923076923077,747,1,1.0,High,-0.6936669823679386,0.12529809609370768,Low,Silver
1533,68,Male,Jacket,Outerwear,46,Wisconsin,S,Silver,Winter,4.4,No,Next Day Air,Yes,5,PayPal,Quarterly,4,1.25,276,1,1.0,High,-2.210093123919371,0.2355016991336678,Low,Bronze
1534,50,Male,Shoes,Footwear,59,New Hampshire,M,Gold,Summer,3.6,No,2-Day Shipping,Yes,16,Bank Transfer,Quarterly,4,4.0,1003,1,1.0,Medium,-1.448695969107567,-0.1550065289480822,Low,Silver
1535,55,Male,Blouse,Clothing,66,Wyoming,M,Green,Summer,3.4,No,Free Shipping,Yes,26,Venmo,Fortnightly,26,1.0,1782,1,1.0,Medium,0.5522556345968315,-1.2322812960005418,Medium,Gold
1536,36,Male,Sandals,Footwear,74,West Virginia,S,Turquoise,Fall,4.0,No,2-Day Shipping,Yes,8,Venmo,Monthly,12,0.6666666666666666,666,1,1.0,Medium,-1.5265221282225865,-0.48001730046093677,Low,Silver
1537,18,Male,Sunglasses,Accessories,82,Michigan,M,Indigo,Summer,2.6,No,Store Pickup,Yes,17,Cash,Quarterly,4,4.25,1476,1,1.0,Low,-1.3794780459428573,-1.489955936281339,Low,Gold
1538,68,Male,Shoes,Footwear,89,Alaska,L,Black,Spring,3.2,No,Next Day Air,Yes,50,Venmo,Annually,1,10.0,4539,1,1.0,Medium,0.7262444586665585,0.8784500441698504,Medium,Platinum
1539,56,Male,Dress,Clothing,65,Illinois,L,Charcoal,Fall,3.2,No,Standard,Yes,22,Venmo,Bi-Weekly,26,0.8461538461538461,1495,1,1.0,Medium,0.27538394193799365,-1.5534264094168115,Medium,Gold
1540,32,Male,Belt,Accessories,55,Hawaii,M,Turquoise,Spring,5.0,No,2-Day Shipping,Yes,19,Cash,Quarterly,4,4.75,1100,1,1.0,High,-1.2410421996134384,2.0061565344805716,Low,Silver
1541,28,Male,Shorts,Clothing,95,Colorado,M,Red,Winter,2.9,No,Next Day Air,Yes,14,Bank Transfer,Monthly,12,1.1666666666666667,1425,1,1.0,Low,-1.1112145892343297,-1.8886865340170909,Low,Gold
1542,24,Male,Handbag,Accessories,77,Illinois,S,Indigo,Winter,2.9,No,Store Pickup,Yes,35,Cash,Bi-Weekly,26,1.3461538461538463,2772,1,1.0,Low,1.1752169430792165,-1.8410026819859797,High,Platinum
1543,59,Male,Blouse,Clothing,44,Hawaii,M,Maroon,Winter,3.5,No,Next Day Air,Yes,43,PayPal,Weekly,52,0.8269230769230769,1936,1,1.0,Medium,3.275691313555524,-1.1381255331928828,High,Gold
1544,56,Male,Jeans,Clothing,89,Wisconsin,M,Indigo,Fall,4.0,No,Standard,Yes,24,Venmo,Annually,1,10.0,2225,1,1.0,Medium,-1.0734215436158872,1.9995430051568364,Low,Gold
1545,30,Male,Jewelry,Accessories,24,Arkansas,M,Maroon,Spring,3.9,No,Standard,Yes,17,Debit Card,Bi-Weekly,26,0.6538461538461539,432,1,1.0,Medium,-0.0707056738855536,-0.6235599100151038,Medium,Bronze
1546,48,Male,Belt,Accessories,43,Delaware,M,Black,Winter,4.9,No,Store Pickup,Yes,49,Bank Transfer,Annually,1,10.0,2150,1,1.0,High,0.6570265355018491,3.260772586267197,Medium,Gold
1547,60,Male,Sneakers,Footwear,51,Oregon,XL,Purple,Summer,3.8,No,Express,Yes,17,Bank Transfer,Annually,1,10.0,918,1,1.0,Medium,-1.5579470057688534,1.7192697649100896,Low,Silver
1548,46,Male,Hat,Accessories,46,South Carolina,L,Teal,Summer,3.5,No,Standard,Yes,40,Cash,Quarterly,4,10.0,1886,1,1.0,Medium,0.21253418684546,1.29885990453997,Medium,Gold
1549,69,Male,Dress,Clothing,32,Maryland,M,Silver,Summer,3.7,No,Store Pickup,Yes,43,Bank Transfer,Weekly,52,0.8269230769230769,1408,1,1.0,Medium,3.275691313555524,-0.8578522929461359,High,Gold
1550,19,Male,Sneakers,Footwear,55,Kansas,M,Black,Spring,2.9,No,2-Day Shipping,Yes,19,Debit Card,Quarterly,4,4.75,1100,1,1.0,Low,-1.2410421996134384,-0.9367124881102673,Low,Silver
1551,66,Male,Sunglasses,Accessories,26,Arkansas,S,Black,Summer,2.8,No,Free Shipping,Yes,40,Bank Transfer,Quarterly,4,10.0,1066,1,1.0,Low,0.21253418684546,0.31790356367635675,Medium,Silver
1552,64,Male,Handbag,Accessories,29,Minnesota,M,Olive,Summer,3.7,No,2-Day Shipping,Yes,13,Credit Card,Monthly,12,1.0833333333333333,406,1,1.0,Medium,-1.1804325123990393,-0.7897325043302629,Low,Bronze
1553,54,Male,Blouse,Clothing,49,New Mexico,L,Purple,Spring,3.0,No,Express,Yes,20,Credit Card,Monthly,12,1.6666666666666667,1029,1,1.0,Low,-0.6959070502460731,-1.6157163260927654,Low,Silver
1554,27,Male,Blouse,Clothing,45,Delaware,M,Indigo,Spring,4.8,No,Free Shipping,Yes,21,Debit Card,Quarterly,4,5.25,990,1,1.0,High,-1.1026063532840196,1.8587168820347773,Low,Silver
1555,64,Male,Shorts,Clothing,48,Utah,S,Lavender,Winter,2.7,No,Standard,Yes,18,Cash,Bi-Weekly,26,0.6923076923076923,912,1,1.0,Low,-0.001487750720844172,-2.2949813832032016,Medium,Silver
1556,43,Male,Shorts,Clothing,47,Ohio,S,Cyan,Winter,4.5,No,Free Shipping,Yes,44,Cash,Quarterly,4,10.0,2115,1,1.0,High,0.4894058795042977,2.700226105773703,Medium,Gold
1557,43,Male,Hoodie,Clothing,57,Alabama,M,Gold,Fall,2.7,No,Standard,Yes,26,Credit Card,Quarterly,4,6.5,1539,1,1.0,Low,-0.7565167374604723,-0.752068171053681,Low,Gold
1558,27,Male,Backpack,Accessories,34,South Dakota,L,Magenta,Fall,3.5,No,Next Day Air,Yes,34,PayPal,Quarterly,4,8.5,1190,1,1.0,Medium,-0.20277335214279668,0.9003591411371135,Medium,Silver
1559,35,Male,Sunglasses,Accessories,75,New Mexico,XL,Teal,Fall,3.5,No,Express,Yes,24,Credit Card,Quarterly,4,6.0,1875,1,1.0,Medium,-0.8949525837898912,0.2361912021323529,Low,Gold
1560,43,Male,Scarf,Accessories,94,Oregon,L,Beige,Fall,4.5,No,Store Pickup,Yes,23,PayPal,Fortnightly,26,0.8846153846153846,2256,1,1.0,High,0.34460186510270313,0.27856762047942174,Medium,Gold
1561,57,Male,Hat,Accessories,84,Oregon,M,Teal,Winter,3.8,No,Free Shipping,Yes,3,Debit Card,Weekly,52,0.057692307692307696,336,1,1.0,Medium,0.5069743869671459,-0.9220750386703817,Medium,Bronze
1562,50,Male,Scarf,Accessories,38,Mississippi,M,Indigo,Summer,3.8,No,Standard,Yes,2,Bank Transfer,Quarterly,4,0.5,114,1,1.0,Medium,-2.417746893413499,-0.8045684033080008,Low,Bronze
1563,37,Male,Scarf,Accessories,75,Alabama,M,Purple,Winter,3.2,No,Next Day Air,Yes,23,Venmo,Bi-Weekly,26,0.8846153846153846,1800,1,1.0,Medium,0.34460186510270313,-1.5432084411244307,Medium,Gold
1564,68,Male,Pants,Clothing,44,Kansas,M,Teal,Fall,4.3,No,Next Day Air,Yes,8,Cash,Weekly,52,0.15384615384615385,396,1,1.0,High,0.8530640027906933,-0.19584701732256282,High,Bronze
1565,22,Male,Backpack,Accessories,33,California,XL,Turquoise,Summer,4.5,No,Next Day Air,Yes,30,Debit Card,Quarterly,4,7.5,1023,1,1.0,High,-0.4796450448016345,2.0360581667689424,Medium,Silver
1566,58,Male,Sunglasses,Accessories,93,Idaho,L,Peach,Fall,4.2,No,Free Shipping,Yes,48,PayPal,Annually,1,10.0,4557,1,1.0,High,0.5878086123371397,2.279816245403583,Medium,Platinum
1567,48,Male,Sneakers,Footwear,99,Wyoming,S,Green,Winter,3.0,No,Free Shipping,Yes,21,Cash,Bi-Weekly,26,0.8076923076923077,2178,1,1.0,Low,0.20616601877328422,-1.8439176179559396,Medium,Gold
1568,30,Male,Backpack,Accessories,33,Minnesota,M,Turquoise,Spring,4.1,No,Standard,Yes,9,Cash,Monthly,12,0.75,330,1,1.0,High,-1.457304205057877,-0.3177417490374052,Low,Bronze
1569,51,Male,Sneakers,Footwear,76,Washington,L,Yellow,Spring,4.6,No,Store Pickup,Yes,8,Debit Card,Monthly,12,0.6666666666666666,684,1,1.0,High,-1.5265221282225865,0.3608024202793024,Low,Silver
1570,20,Male,Skirt,Clothing,63,Hawaii,M,Orange,Summer,2.9,No,Standard,Yes,29,Debit Card,Weekly,52,0.5576923076923077,1890,1,1.0,Low,2.3066403892495915,-2.050471031979789,High,Gold
1571,30,Male,Pants,Clothing,41,Missouri,L,Brown,Winter,4.8,No,Next Day Air,Yes,3,Bank Transfer,Quarterly,4,0.75,164,1,1.0,High,-2.3485289702487897,0.6632145918262081,Low,Bronze
1572,28,Male,Jewelry,Accessories,88,Colorado,L,Silver,Winter,4.5,No,Next Day Air,Yes,11,Bank Transfer,Fortnightly,26,0.4230769230769231,1056,1,1.0,High,-0.4860132128738103,0.1559520009708505,Low,Silver
1573,37,Male,Skirt,Clothing,92,Washington,L,White,Summer,3.4,No,2-Day Shipping,Yes,16,Debit Card,Monthly,12,1.3333333333333333,1564,1,1.0,Medium,-0.9727787429049108,-1.143725570799907,Low,Gold
1574,36,Male,T-shirt,Clothing,31,North Dakota,L,Indigo,Summer,4.3,No,2-Day Shipping,Yes,25,Debit Card,Weekly,52,0.4807692307692308,806,1,1.0,High,2.0297686965907538,-0.10899428683732482,High,Silver
1575,18,Male,Skirt,Clothing,25,Minnesota,S,Magenta,Spring,4.2,No,Free Shipping,Yes,32,PayPal,Bi-Weekly,26,1.2307692307692308,825,1,1.0,High,0.9675631735850881,-0.04988052525926945,High,Silver
1576,52,Male,Shirt,Clothing,28,California,M,Turquoise,Spring,3.6,No,Next Day Air,Yes,28,Cash,Fortnightly,26,1.0769230769230769,812,1,1.0,Medium,0.6906914809262503,-0.9315721191690332,Medium,Silver
1577,56,Male,Dress,Clothing,75,Michigan,M,White,Spring,3.7,No,2-Day Shipping,Yes,36,PayPal,Monthly,12,3.0,2775,1,1.0,Medium,0.4115797203892781,-0.280537084426613,Medium,Platinum
1578,68,Male,Boots,Footwear,34,Delaware,S,Olive,Spring,4.0,No,Standard,Yes,7,Venmo,Fortnightly,26,0.2692307692307692,272,1,1.0,Medium,-0.762884905532648,-0.5856029728155396,Low,Bronze
1579,62,Male,Pants,Clothing,97,California,S,Maroon,Winter,4.9,No,2-Day Shipping,Yes,2,PayPal,Quarterly,4,0.5,291,1,1.0,High,-2.417746893413499,0.7369344180491061,Low,Bronze
1580,35,Male,Jacket,Outerwear,80,Oklahoma,M,Violet,Summer,3.1,No,Free Shipping,Yes,6,Bank Transfer,Monthly,12,0.5,560,1,1.0,Medium,-1.6649579745520053,-1.7855247441716136,Low,Bronze
1581,65,Male,Sneakers,Footwear,71,North Dakota,L,Cyan,Summer,3.7,No,Standard,Yes,30,Cash,Annually,1,10.0,2201,1,1.0,Medium,-0.6581140046276305,1.5791331447867167,Low,Gold
1582,69,Male,Jewelry,Accessories,77,Ohio,L,Teal,Fall,4.2,No,Free Shipping,Yes,46,Cash,Quarterly,4,10.0,3619,1,1.0,High,0.6278417258337166,2.279816245403583,Medium,Platinum
1583,28,Male,Belt,Accessories,41,Hawaii,L,Red,Spring,2.5,No,Next Day Air,Yes,39,Cash,Monthly,12,3.25,1640,1,1.0,Low,0.6192334898834064,-1.8957597320066166,Medium,Gold
1584,37,Male,Scarf,Accessories,92,Maryland,XL,Yellow,Summer,4.3,No,Next Day Air,Yes,8,Venmo,Annually,1,8.0,828,1,1.0,High,-2.1809083142512384,1.8886185143231473,Low,Silver
1585,41,Male,Blouse,Clothing,95,Hawaii,S,Silver,Spring,3.1,No,Store Pickup,Yes,46,Credit Card,Quarterly,4,10.0,4465,1,1.0,Medium,0.6278417258337166,0.7383134240464769,Medium,Platinum
1586,37,Male,Sweater,Clothing,25,Alabama,M,Charcoal,Fall,3.0,No,Next Day Air,Yes,40,Debit Card,Fortnightly,26,1.5384615384615385,1025,1,1.0,Low,1.5213065589027637,-1.6497762204007018,High,Silver
1587,25,Male,Boots,Footwear,77,Oklahoma,M,Purple,Fall,4.0,No,Express,Yes,21,Bank Transfer,Weekly,52,0.40384615384615385,1694,1,1.0,Medium,1.752897003931916,-0.5498400837922064,High,Gold
1588,41,Male,Socks,Clothing,99,Alabama,M,Beige,Summer,3.5,No,Free Shipping,Yes,33,Credit Card,Fortnightly,26,1.2692307692307692,3366,1,1.0,Medium,1.0367810967497975,-1.0206188978305017,High,Platinum
1589,48,Male,Belt,Accessories,24,Vermont,L,Cyan,Winter,3.2,No,Next Day Air,Yes,3,Venmo,Monthly,12,0.25,96,1,1.0,Medium,-1.8726117440461338,-1.711804917948716,Low,Bronze
1590,42,Male,Sneakers,Footwear,72,Ohio,M,Silver,Summer,2.7,No,Store Pickup,Yes,48,Cash,Weekly,52,0.9230769230769231,3528,1,1.0,Low,3.6217809293790713,-2.2336735734489164,High,Platinum
1591,54,Male,Jeans,Clothing,80,Wisconsin,S,Pink,Winter,3.0,No,Free Shipping,Yes,8,PayPal,Annually,1,8.0,720,1,1.0,Low,-2.1809083142512384,0.06684245271929479,Low,Silver
1592,18,Male,Skirt,Clothing,100,South Dakota,L,Gold,Winter,2.9,No,Next Day Air,Yes,24,PayPal,Annually,1,10.0,2500,1,1.0,Low,-1.0734215436158872,0.4580401837997301,Low,Platinum
1593,56,Male,Shoes,Footwear,83,Iowa,M,Cyan,Summer,3.3,No,Free Shipping,Yes,10,Bank Transfer,Quarterly,4,2.5,913,1,1.0,Medium,-1.8640035080958235,-0.9739171527210588,Low,Silver
1594,61,Male,Dress,Clothing,95,Maryland,M,Black,Spring,4.9,No,2-Day Shipping,Yes,25,Bank Transfer,Monthly,12,2.0833333333333335,2470,1,1.0,High,-0.34981743442252583,1.1575741127521213,Medium,Platinum
1595,40,Male,Handbag,Accessories,41,Colorado,XL,Charcoal,Summer,3.7,No,Store Pickup,Yes,3,Cash,Fortnightly,26,0.11538461538461539,164,1,1.0,Medium,-1.0397565981914858,-1.046884706355183,Low,Bronze
1596,34,Male,Backpack,Accessories,35,Wisconsin,S,Magenta,Spring,3.5,No,Standard,Yes,45,Debit Card,Fortnightly,26,1.7307692307692308,1610,1,1.0,Medium,1.867396174726311,-0.8980032783219306,High,Gold
1597,42,Male,Jewelry,Accessories,30,Mississippi,S,Pink,Fall,4.7,No,Store Pickup,Yes,15,Debit Card,Monthly,12,1.25,480,1,1.0,High,-1.0419966660696203,0.6559115595037873,Low,Bronze
1598,43,Male,Hat,Accessories,21,Mississippi,XL,Maroon,Winter,2.6,No,Store Pickup,Yes,34,Bank Transfer,Quarterly,4,8.5,735,1,1.0,Low,-0.20277335214279668,-0.3608704399732461,Medium,Silver
1599,47,Male,Jewelry,Accessories,85,California,M,Teal,Fall,4.1,No,Express,Yes,21,Venmo,Bi-Weekly,26,0.8076923076923077,1870,1,1.0,High,0.20616601877328422,-0.3024147965988339,Medium,Gold
1600,48,Male,Shirt,Clothing,54,Delaware,M,Orange,Winter,2.8,No,2-Day Shipping,Yes,22,Debit Card,Bi-Weekly,26,0.8461538461538461,1242,1,1.0,Low,0.27538394193799365,-2.1139728899103054,Medium,Silver
1601,20,Male,Boots,Footwear,26,Montana,S,Yellow,Spring,4.7,No,Next Day Air,Yes,24,PayPal,Weekly,52,0.46153846153846156,650,1,1.0,High,1.9605507734260443,0.4464432095099783,High,Bronze
1602,65,Male,Shirt,Clothing,59,Indiana,XL,Red,Spring,2.9,No,Store Pickup,Yes,33,Credit Card,Monthly,12,2.75,2006,1,1.0,Low,0.2039259508951497,-1.4680468393140758,Medium,Gold
1603,54,Male,Sunglasses,Accessories,48,West Virginia,S,Charcoal,Winter,2.8,No,Free Shipping,Yes,13,Venmo,Fortnightly,26,0.5,672,1,1.0,Low,-0.3475773665443914,-2.2059346045417336,Medium,Silver
1604,23,Male,Shorts,Clothing,98,Iowa,L,Black,Summer,4.3,No,Next Day Air,Yes,17,Debit Card,Bi-Weekly,26,0.6538461538461539,1764,1,1.0,High,-0.0707056738855536,-0.06301342952161071,Medium,Gold
1605,18,Male,Sweater,Clothing,92,Maine,M,White,Summer,4.8,No,2-Day Shipping,Yes,25,Credit Card,Quarterly,4,6.25,2392,1,1.0,High,-0.8257346606251817,2.1243840576366813,Low,Platinum
1606,70,Male,Belt,Accessories,46,Connecticut,M,Lavender,Winter,3.4,No,Next Day Air,Yes,15,Credit Card,Bi-Weekly,26,0.5769230769230769,736,1,1.0,Medium,-0.20914152021497245,-1.3446789472167322,Medium,Silver
1607,55,Male,T-shirt,Clothing,21,Kansas,S,White,Spring,4.3,No,Standard,Yes,4,PayPal,Fortnightly,26,0.15384615384615385,105,1,1.0,High,-0.9705386750267765,-0.19584701732256282,Low,Bronze
1608,49,Male,Shorts,Clothing,72,Vermont,S,Gray,Fall,2.7,No,Free Shipping,Yes,43,Debit Card,Quarterly,4,10.0,3168,1,1.0,Low,0.4201879563395883,0.17776694355298406,Medium,Platinum
1609,26,Male,Sandals,Footwear,58,Nebraska,XL,Cyan,Fall,4.6,No,Next Day Air,Yes,12,Bank Transfer,Bi-Weekly,26,0.46153846153846156,754,1,1.0,High,-0.41679528970910085,0.30630658938660427,Medium,Silver
1610,33,Male,Shirt,Clothing,93,Nevada,S,Brown,Fall,4.1,No,Standard,Yes,3,Venmo,Monthly,12,0.25,372,1,1.0,High,-1.8726117440461338,-0.4505753368383573,Low,Bronze
1611,20,Male,Socks,Clothing,31,Tennessee,L,Purple,Spring,3.4,No,2-Day Shipping,Yes,1,PayPal,Annually,1,1.0,62,1,1.0,Medium,-2.6654337764042046,-1.2322812960005418,Low,Bronze
1612,41,Male,Pants,Clothing,26,Arkansas,L,Yellow,Winter,4.5,No,Next Day Air,Yes,6,Debit Card,Monthly,12,0.5,182,1,1.0,High,-1.6649579745520053,0.17638793755561244,Low,Bronze
1613,18,Male,Skirt,Clothing,68,Wisconsin,M,Indigo,Summer,4.4,No,Standard,Yes,26,Venmo,Monthly,12,2.1666666666666665,1836,1,1.0,High,-0.2805995112578164,0.47902994343541333,Medium,Gold
1614,26,Male,Jewelry,Accessories,31,Illinois,S,Black,Summer,4.0,No,Next Day Air,Yes,6,Credit Card,Fortnightly,26,0.23076923076923078,217,1,1.0,Medium,-0.8321028286973574,-0.5958209411079205,Low,Bronze
1615,30,Male,T-shirt,Clothing,41,Kansas,S,Gray,Summer,3.4,No,Free Shipping,Yes,22,Cash,Bi-Weekly,26,0.8461538461538461,943,1,1.0,Medium,0.27538394193799365,-1.2731531691700655,Medium,Silver
1616,64,Male,Jewelry,Accessories,62,New York,M,Indigo,Fall,3.2,No,Standard,Yes,45,Cash,Bi-Weekly,26,1.7307692307692308,2852,1,1.0,Medium,1.867396174726311,-1.3184131386920503,High,Platinum
1617,26,Male,Hat,Accessories,41,Colorado,M,Green,Spring,3.4,No,Standard,Yes,50,Cash,Quarterly,4,10.0,2091,1,1.0,Medium,0.9047134184925545,1.1587232844165967,High,Gold
1618,43,Male,Blouse,Clothing,64,Wisconsin,M,Peach,Winter,4.3,No,Standard,Yes,50,Credit Card,Fortnightly,26,1.9230769230769231,3264,1,1.0,High,2.2134857905498584,0.2741795241269601,High,Platinum
1619,63,Male,Sandals,Footwear,72,Michigan,L,Purple,Summer,5.0,No,Standard,Yes,39,Debit Card,Quarterly,4,9.75,2880,1,1.0,High,0.14331626368075057,3.334492412490093,Medium,Platinum
1620,57,Male,Handbag,Accessories,78,Hawaii,L,Beige,Winter,3.5,No,Store Pickup,Yes,50,Venmo,Bi-Weekly,26,1.9230769230769231,3978,1,1.0,Medium,2.2134857905498584,-0.846913436860026,High,Platinum
1621,25,Male,Hat,Accessories,47,Virginia,M,Charcoal,Winter,3.1,No,2-Day Shipping,Yes,27,PayPal,Quarterly,4,6.75,1316,1,1.0,Medium,-0.6872988142957629,-0.12510489665971203,Low,Silver
1622,68,Male,Scarf,Accessories,46,Ohio,L,Gray,Summer,3.9,No,2-Day Shipping,Yes,38,Debit Card,Fortnightly,26,1.4615384615384615,1794,1,1.0,Medium,1.3828707125733448,-0.4089825758751041,High,Gold
1623,31,Male,Shorts,Clothing,43,Missouri,S,Brown,Winter,4.0,No,Store Pickup,Yes,37,Bank Transfer,Quarterly,4,9.25,1634,1,1.0,Medium,0.004880417351331601,1.8002926234554082,Medium,Gold
1624,64,Male,Backpack,Accessories,58,Indiana,M,Cyan,Summer,3.5,No,Next Day Air,Yes,50,Debit Card,Annually,1,10.0,2958,1,1.0,Medium,0.7262444586665585,1.29885990453997,Medium,Platinum
1625,38,Male,Sweater,Clothing,32,Florida,M,White,Winter,3.6,No,Free Shipping,Yes,40,PayPal,Quarterly,4,10.0,1312,1,1.0,Medium,0.21253418684546,1.4389965246633434,Medium,Silver
1626,34,Male,Skirt,Clothing,45,Minnesota,L,Beige,Winter,3.0,No,Next Day Air,Yes,3,PayPal,Bi-Weekly,26,0.11538461538461539,180,1,1.0,Low,-1.0397565981914858,-2.0278410472187964,Low,Bronze
1627,32,Male,Sneakers,Footwear,35,Nevada,L,Orange,Summer,2.6,No,Next Day Air,Yes,45,Credit Card,Bi-Weekly,26,1.7307692307692308,1610,1,1.0,Low,1.867396174726311,-2.15923285943229,High,Gold
1628,69,Male,Sunglasses,Accessories,21,Maine,M,Olive,Winter,2.9,No,Next Day Air,Yes,8,Credit Card,Annually,1,8.0,189,1,1.0,Low,-2.1809083142512384,-0.07329416740407857,Low,Bronze
1629,45,Male,Dress,Clothing,64,Massachusetts,S,Teal,Winter,3.1,No,Next Day Air,Yes,7,Cash,Monthly,12,0.5833333333333334,512,1,1.0,Medium,-1.595740051387296,-1.7633858128714548,Low,Bronze
1630,35,Male,Blouse,Clothing,88,North Dakota,S,Silver,Spring,3.3,No,Next Day Air,Yes,13,Venmo,Quarterly,4,3.25,1232,1,1.0,Medium,-1.6563497386016952,-0.7746667710196307,Low,Silver
1631,63,Male,Shoes,Footwear,48,New Jersey,M,Gold,Summer,2.9,No,Store Pickup,Yes,29,Venmo,Quarterly,4,7.25,1440,1,1.0,Low,-0.5488629679663439,-0.27254454910550663,Low,Gold
1632,65,Male,Sweater,Clothing,36,Indiana,L,Violet,Summer,3.9,No,2-Day Shipping,Yes,7,Bank Transfer,Fortnightly,26,0.2692307692307692,288,1,1.0,Medium,-0.762884905532648,-0.7257395929389131,Low,Bronze
1633,35,Male,Gloves,Accessories,28,Oregon,S,White,Summer,4.7,No,2-Day Shipping,Yes,50,Debit Card,Quarterly,4,10.0,1428,1,1.0,High,0.9047134184925545,2.9804993460204496,High,Gold
1634,54,Male,Socks,Clothing,80,North Dakota,M,Peach,Spring,4.4,No,2-Day Shipping,Yes,33,Debit Card,Bi-Weekly,26,1.2692307692307692,2720,1,1.0,High,1.0367810967497975,0.24061068327985824,High,Platinum
1635,28,Male,Coat,Outerwear,23,South Carolina,S,Orange,Summer,3.6,No,Store Pickup,Yes,30,Cash,Quarterly,4,7.5,713,1,1.0,Medium,-0.4796450448016345,0.7748285856585827,Medium,Silver
1636,68,Male,Sunglasses,Accessories,24,North Carolina,L,Violet,Summer,3.2,No,Standard,Yes,40,Cash,Annually,1,10.0,984,1,1.0,Medium,0.03406522701946402,0.8784500441698504,Medium,Silver
1637,58,Male,Boots,Footwear,22,North Dakota,L,Green,Fall,4.0,No,Free Shipping,Yes,49,Cash,Fortnightly,26,1.8846153846153846,1100,1,1.0,Medium,2.1442678673851487,-0.15644830453554054,High,Silver
1638,35,Male,Dress,Clothing,21,Massachusetts,M,Peach,Spring,3.5,No,Next Day Air,Yes,32,Venmo,Fortnightly,26,1.2307692307692308,693,1,1.0,Medium,0.9675631735850881,-1.0308368661228826,High,Silver
1639,68,Male,Jacket,Outerwear,51,Tennessee,M,Black,Spring,4.6,No,Free Shipping,Yes,18,Venmo,Weekly,52,0.34615384615384615,969,1,1.0,High,1.5452432344377875,0.27565268450946145,High,Silver
1640,41,Male,Gloves,Accessories,65,Missouri,L,Blue,Summer,3.3,No,Free Shipping,Yes,50,PayPal,Annually,1,10.0,3315,1,1.0,Medium,0.7262444586665585,1.018586664293223,Medium,Platinum
1641,65,Male,Scarf,Accessories,51,Tennessee,S,Magenta,Spring,4.0,No,2-Day Shipping,Yes,13,PayPal,Weekly,52,0.25,714,1,1.0,Medium,1.1991536186142404,-0.5907119569617301,High,Silver
1642,50,Male,Hoodie,Clothing,32,Colorado,L,Violet,Summer,3.4,No,Free Shipping,Yes,1,Bank Transfer,Quarterly,4,0.25,64,1,1.0,Medium,-2.4869648165782086,-1.43153167770197,Low,Bronze
1643,18,Male,Coat,Outerwear,70,Mississippi,M,Beige,Spring,4.2,No,Store Pickup,Yes,16,PayPal,Fortnightly,26,0.6153846153846154,1190,1,1.0,High,-0.13992359705026303,-0.21336801793736437,Medium,Silver
1644,38,Male,Scarf,Accessories,77,Ohio,L,Pink,Summer,3.9,No,2-Day Shipping,Yes,6,PayPal,Monthly,12,0.5,539,1,1.0,Medium,-1.6649579745520053,-0.6644317831846275,Low,Bronze
1645,68,Male,Coat,Outerwear,90,North Carolina,S,Beige,Summer,3.9,No,Next Day Air,Yes,21,Debit Card,Monthly,12,1.75,1980,1,1.0,Medium,-0.6266891270813637,-0.3323478136822472,Low,Gold
1646,53,Male,Scarf,Accessories,36,Ohio,L,Green,Summer,2.8,No,Standard,Yes,36,Venmo,Quarterly,4,9.0,1332,1,1.0,Low,-0.06433750581337783,0.0522363880744523,Medium,Gold
1647,58,Male,Handbag,Accessories,77,Nebraska,S,Silver,Summer,3.7,No,Standard,Yes,20,Bank Transfer,Quarterly,4,5.0,1617,1,1.0,Medium,-1.171824276448729,0.2507972667771955,Low,Gold
1648,34,Male,Boots,Footwear,78,Hawaii,M,Purple,Summer,4.9,No,Store Pickup,Yes,8,Debit Card,Quarterly,4,2.0,702,1,1.0,High,-2.0024393544252423,1.1354351814519625,Low,Silver
1649,36,Male,Pants,Clothing,69,Oklahoma,M,Gray,Summer,2.6,No,Express,Yes,22,Credit Card,Monthly,12,1.8333333333333333,1587,1,1.0,Low,-0.5574712039166542,-2.131984943985941,Low,Gold
1650,58,Male,T-shirt,Clothing,63,Wisconsin,M,White,Summer,4.9,No,Free Shipping,Yes,3,Credit Card,Quarterly,4,0.75,252,1,1.0,High,-2.3485289702487897,0.8033512119495821,Low,Bronze
1651,60,Male,Scarf,Accessories,36,Arkansas,M,Silver,Winter,3.4,No,Next Day Air,Yes,46,Credit Card,Fortnightly,26,1.7692307692307692,1692,1,1.0,Medium,1.9366140978910202,-1.0279219301529232,High,Gold
1652,59,Male,Coat,Outerwear,80,Texas,M,Blue,Winter,3.9,No,Standard,Yes,42,Debit Card,Monthly,12,3.5,3440,1,1.0,Medium,0.8268872593775347,0.1325697436210853,Medium,Platinum
1653,65,Male,Sweater,Clothing,35,New Mexico,M,Orange,Summer,4.0,No,Next Day Air,Yes,1,Bank Transfer,Fortnightly,26,0.038461538461538464,70,1,1.0,Medium,-1.1781924445209047,-0.6469107825698253,Low,Bronze
1654,31,Male,Belt,Accessories,93,Colorado,L,Silver,Winter,3.0,No,2-Day Shipping,Yes,29,Debit Card,Bi-Weekly,26,1.1153846153846154,2790,1,1.0,Low,0.7599094040909598,-1.7621738716168922,Medium,Platinum
1655,43,Male,Belt,Accessories,25,Indiana,L,Gray,Spring,2.6,No,Store Pickup,Yes,14,Credit Card,Quarterly,4,3.5,375,1,1.0,Low,-1.5871318154369858,-1.6892063179827672,Low,Bronze
1656,37,Male,Sweater,Clothing,81,Arizona,L,Gold,Spring,3.2,No,Next Day Air,Yes,4,PayPal,Monthly,12,0.3333333333333333,405,1,1.0,Medium,-1.8033938208814244,-1.6896659866485575,Low,Bronze
1657,21,Male,Blouse,Clothing,42,Indiana,L,Brown,Spring,2.6,No,2-Day Shipping,Yes,41,PayPal,Quarterly,4,10.0,1764,1,1.0,Low,0.2817521100101694,0.03763032342961048,Medium,Gold
1658,69,Male,Skirt,Clothing,36,Indiana,L,Turquoise,Spring,3.2,No,Store Pickup,Yes,4,Debit Card,Bi-Weekly,26,0.15384615384615385,180,1,1.0,Medium,-0.9705386750267765,-1.7373498386796684,Low,Bronze
1659,32,Male,Jewelry,Accessories,66,Alaska,S,Pink,Spring,4.1,No,Store Pickup,Yes,47,Cash,Weekly,52,0.9038461538461539,3168,1,1.0,High,3.5525630062143616,-0.27686987586788153,High,Platinum
1660,53,Male,Gloves,Accessories,37,Utah,M,Black,Fall,3.9,No,Next Day Air,Yes,44,Venmo,Annually,1,10.0,1665,1,1.0,Medium,0.3109369196783017,1.859406385033463,Medium,Gold
1661,59,Male,T-shirt,Clothing,45,Louisiana,L,Yellow,Winter,4.1,No,Standard,Yes,37,Venmo,Monthly,12,3.0833333333333335,1710,1,1.0,High,0.4807976435539875,0.3021483273670381,Medium,Gold
1662,64,Male,Gloves,Accessories,86,Iowa,S,Beige,Summer,2.7,No,2-Day Shipping,Yes,21,Debit Card,Quarterly,4,5.25,1892,1,1.0,Low,-1.1026063532840196,-1.0841521405560612,Low,Gold
1663,63,Male,Sunglasses,Accessories,24,New Mexico,M,Olive,Winter,4.6,No,Free Shipping,Yes,46,Debit Card,Fortnightly,26,1.7692307692307692,1128,1,1.0,High,1.9366140978910202,0.6537175113275558,High,Silver
1664,43,Male,Shirt,Clothing,22,Maine,XL,Gold,Summer,3.5,No,Standard,Yes,1,Cash,Bi-Weekly,26,0.038461538461538464,44,1,1.0,Medium,-1.1781924445209047,-1.3475938831866916,Low,Bronze
1665,19,Male,Handbag,Accessories,53,Minnesota,M,Purple,Spring,5.0,No,Next Day Air,Yes,35,PayPal,Weekly,52,0.6730769230769231,1908,1,1.0,High,2.7219479282378485,0.923051895488193,High,Gold
1666,40,Male,Jacket,Outerwear,41,New Mexico,L,Pink,Fall,3.4,No,Next Day Air,Yes,49,Venmo,Monthly,12,4.083333333333333,2050,1,1.0,Medium,1.311412721530501,-0.4131408378946704,High,Gold
1667,51,Male,Skirt,Clothing,64,Arkansas,M,Blue,Summer,3.1,No,Store Pickup,Yes,47,PayPal,Annually,1,10.0,3072,1,1.0,Medium,0.5185906891724302,0.7383134240464769,Medium,Platinum
1668,51,Male,Handbag,Accessories,40,Oklahoma,L,Brown,Winter,3.4,No,2-Day Shipping,Yes,24,Bank Transfer,Quarterly,4,6.0,1000,1,1.0,Medium,-0.8949525837898912,0.09605458200897948,Low,Silver
1669,66,Male,Blouse,Clothing,33,Utah,L,Charcoal,Summer,4.0,No,Standard,Yes,28,Debit Card,Fortnightly,26,1.0769230769230769,957,1,1.0,Medium,0.6906914809262503,-0.3710256386755401,Medium,Silver
1670,42,Male,T-shirt,Clothing,59,Wisconsin,L,Maroon,Winter,2.7,No,Store Pickup,Yes,22,Bank Transfer,Quarterly,4,5.5,1357,1,1.0,Low,-1.0333884301193101,-1.0177353466555852,Low,Gold
1671,22,Male,Pants,Clothing,73,Utah,L,Cyan,Fall,3.6,No,Free Shipping,Yes,20,Cash,Weekly,52,0.38461538461538464,1533,1,1.0,Medium,1.6836790807672066,-1.1154955484318898,High,Gold
1672,31,Male,Hoodie,Clothing,22,Utah,M,Olive,Winter,4.0,No,Free Shipping,Yes,25,Bank Transfer,Weekly,52,0.4807692307692308,572,1,1.0,Medium,2.0297686965907538,-0.5294041472074444,High,Bronze
1673,18,Male,Boots,Footwear,73,South Carolina,L,Gold,Fall,3.8,No,Free Shipping,Yes,15,Venmo,Quarterly,4,3.75,1168,1,1.0,Medium,-1.5179138922722761,0.05884991739818794,Low,Silver
1674,21,Male,Blouse,Clothing,62,Hawaii,M,Violet,Fall,3.4,No,Next Day Air,Yes,49,Venmo,Bi-Weekly,26,1.8846153846153846,3100,1,1.0,Medium,2.1442678673851487,-0.9972680252757804,High,Platinum
1675,35,Male,Coat,Outerwear,56,Alaska,M,Peach,Winter,3.2,No,Free Shipping,Yes,10,Debit Card,Fortnightly,26,0.38461538461538464,616,1,1.0,Medium,-0.5552311360385197,-1.6760420289253828,Low,Bronze
1676,35,Male,Pants,Clothing,90,Colorado,M,Beige,Spring,4.7,No,Next Day Air,Yes,21,Credit Card,Annually,1,10.0,1980,1,1.0,High,-1.2810753131100157,2.9804993460204496,Low,Gold
1677,27,Male,Sunglasses,Accessories,44,West Virginia,M,Cyan,Winter,3.1,No,Next Day Air,Yes,34,Bank Transfer,Weekly,52,0.6538461538461539,1540,1,1.0,Medium,2.652730005073139,-1.7446528710020899,High,Gold
1678,65,Male,Jeans,Clothing,35,Oregon,L,Silver,Summer,3.3,No,Next Day Air,No,41,Debit Card,Weekly,52,0.7884615384615384,1470,0,0.4,Medium,3.137255467226105,-0.42861674173201036,High,Gold
1679,41,Male,Pants,Clothing,71,Ohio,S,Magenta,Summer,4.8,No,2-Day Shipping,No,30,Venmo,Fortnightly,26,1.1538461538461537,2201,0,0.4,High,0.8291273272556693,1.7705032588962077,High,Gold
1680,60,Male,Dress,Clothing,52,Massachusetts,S,Black,Fall,4.5,No,Next Day Air,No,24,Debit Card,Bi-Weekly,26,0.9230769230769231,1300,0,0.4,High,0.41381978826741256,1.2887855887718027,Medium,Silver
1681,61,Male,Shoes,Footwear,37,Louisiana,M,Olive,Summer,3.4,No,Store Pickup,No,6,Credit Card,Annually,1,6.0,259,0,0.4,Medium,-2.3193441605806573,1.0960545820089795,Low,Bronze
1682,24,Male,Sneakers,Footwear,95,Virginia,L,Green,Winter,3.7,No,2-Day Shipping,No,14,Credit Card,Bi-Weekly,26,0.5384615384615384,1425,0,0.4,Medium,-0.2783594433796819,0.06551294486100723,Medium,Gold
1683,65,Male,Socks,Clothing,97,New York,M,Yellow,Fall,4.9,No,2-Day Shipping,No,37,Credit Card,Bi-Weekly,26,1.4230769230769231,3686,0,0.4,High,1.3136527894086354,1.9821656570662485,High,Platinum
1684,23,Male,Coat,Outerwear,57,Arkansas,S,Lavender,Spring,3.5,No,Next Day Air,No,37,Venmo,Quarterly,4,9.25,2166,0,0.4,Medium,0.004880417351331601,2.099609522838542,Medium,Gold
1685,30,Male,Shirt,Clothing,93,New Mexico,M,Indigo,Spring,4.6,No,Standard,No,28,PayPal,Weekly,52,0.5384615384615384,2697,0,0.4,High,2.2374224660848823,1.3267425259713659,High,Platinum
1686,33,Male,Blouse,Clothing,48,Minnesota,M,Pink,Winter,4.6,No,Standard,No,43,PayPal,Bi-Weekly,26,1.6538461538461537,2112,0,0.4,High,1.7289603283968922,1.6230636064504131,High,Gold
1687,22,Male,Gloves,Accessories,75,Illinois,L,Red,Fall,4.2,No,Store Pickup,No,25,Cash,Annually,1,10.0,1950,0,0.4,High,-1.0042036204511777,3.279816245403583,Low,Gold
1688,67,Male,Skirt,Clothing,70,Georgia,S,Magenta,Winter,3.7,No,Free Shipping,No,4,PayPal,Annually,1,4.0,350,0,0.4,Medium,-2.457780006910076,0.9851300911752913,Low,Bronze
1689,28,Male,Handbag,Accessories,26,Mississippi,S,Peach,Winter,3.0,No,Next Day Air,No,13,Venmo,Fortnightly,26,0.5,364,0,0.4,Low,-0.3475773665443914,-0.9256613642949869,Medium,Bronze
1690,32,Male,Shirt,Clothing,73,North Carolina,L,Turquoise,Winter,4.6,No,Store Pickup,No,32,Bank Transfer,Monthly,12,2.6666666666666665,2409,0,0.4,High,0.13470802773044027,1.892136771483111,Medium,Platinum
1691,40,Male,Coat,Outerwear,30,Nevada,M,Black,Summer,3.2,No,Free Shipping,No,1,Cash,Annually,1,1.0,60,0,0.4,Medium,-2.6654337764042046,-0.5125545362472881,Low,Bronze
1692,64,Male,Shoes,Footwear,61,Connecticut,L,Blue,Summer,3.5,No,Next Day Air,No,4,Cash,Annually,1,4.0,305,0,0.4,Medium,-2.457780006910076,0.7048568509285444,Low,Bronze
1693,56,Male,Handbag,Accessories,75,Utah,M,Beige,Winter,2.6,No,Standard,No,33,Cash,Bi-Weekly,26,1.2692307692307692,2550,0,0.4,Low,1.0367810967497975,-1.2818484789408613,High,Platinum
1694,63,Male,Jacket,Outerwear,88,Tennessee,XL,Olive,Fall,4.9,No,Standard,No,45,Bank Transfer,Fortnightly,26,1.7307692307692308,4048,0,0.4,High,1.867396174726311,2.063909403405296,High,Platinum
1695,20,Male,Shirt,Clothing,67,Mississippi,M,Turquoise,Summer,2.7,No,Express,No,20,Debit Card,Fortnightly,26,0.7692307692307693,1407,0,0.4,Low,0.1369480956085748,-1.2745454466184398,Medium,Gold
1696,54,Male,Hat,Accessories,95,Nebraska,S,Yellow,Fall,4.7,No,2-Day Shipping,No,1,PayPal,Fortnightly,26,0.038461538461538464,190,0,0.4,High,-1.1781924445209047,1.3340455582937878,Low,Bronze
1697,31,Male,Sunglasses,Accessories,69,West Virginia,S,Turquoise,Spring,4.0,No,Free Shipping,No,7,Credit Card,Bi-Weekly,26,0.2692307692307692,552,0,0.4,Medium,-0.762884905532648,0.41439702718446036,Low,Bronze
1698,36,Male,Shirt,Clothing,87,South Carolina,L,Lavender,Fall,3.5,No,Next Day Air,No,48,Credit Card,Quarterly,4,10.0,4263,0,0.4,Medium,0.7662775721631356,2.2988599045399702,Medium,Platinum
1699,25,Male,Belt,Accessories,41,Iowa,XL,Turquoise,Winter,4.8,No,Standard,No,46,Bank Transfer,Quarterly,4,10.0,1927,0,0.4,High,0.6278417258337166,4.120635966143823,Medium,Gold
1700,20,Male,Sweater,Clothing,67,North Dakota,L,Teal,Spring,4.0,No,Free Shipping,No,34,Debit Card,Annually,1,10.0,2345,0,0.4,Medium,-0.38124231196879266,2.9995430051568364,Medium,Platinum
1701,62,Male,Hoodie,Clothing,70,West Virginia,L,Black,Fall,4.1,No,Express,No,36,Bank Transfer,Monthly,12,3.0,2590,0,0.4,High,0.4115797203892781,1.2800093960668795,Medium,Platinum
1702,69,Male,Handbag,Accessories,41,Mississippi,XL,Blue,Winter,3.8,No,Next Day Air,No,44,Debit Card,Quarterly,4,10.0,1845,0,0.4,Medium,0.4894058795042977,2.7192697649100896,Medium,Gold
1703,54,Male,Jeans,Clothing,83,Alabama,XL,Yellow,Summer,5.0,No,Express,No,48,Bank Transfer,Weekly,52,0.9230769230769231,4067,0,0.4,High,3.6217809293790713,1.989468689388669,High,Platinum
1704,39,Male,Backpack,Accessories,22,California,M,Black,Spring,4.0,No,Next Day Air,No,12,Bank Transfer,Annually,1,10.0,286,0,0.4,Medium,-1.9040366215924007,2.9995430051568364,Low,Bronze
1705,56,Male,Sneakers,Footwear,20,Idaho,M,Lavender,Summer,3.9,No,Store Pickup,No,19,Cash,Quarterly,4,4.75,400,0,0.4,Medium,-1.2410421996134384,1.4646537131234656,Low,Bronze
1706,39,Male,Jewelry,Accessories,29,South Dakota,L,Cyan,Summer,3.4,No,2-Day Shipping,No,49,Venmo,Bi-Weekly,26,1.8846153846153846,1450,0,0.4,Medium,2.1442678673851487,0.002731974724219599,High,Gold
1707,37,Male,Sunglasses,Accessories,87,North Dakota,M,Brown,Spring,3.0,No,Standard,No,25,Venmo,Fortnightly,26,0.9615384615384616,2262,0,0.4,Low,0.48303771143212204,-0.8030457447864157,Medium,Gold
1708,25,Male,Shorts,Clothing,81,Nevada,L,Maroon,Fall,4.9,No,2-Day Shipping,No,25,Cash,Bi-Weekly,26,0.9615384615384616,2106,0,0.4,High,0.48303771143212204,1.8595500375576774,Medium,Gold
1709,35,Male,Boots,Footwear,58,Florida,L,Cyan,Spring,3.2,No,Express,No,1,Credit Card,Quarterly,4,0.25,116,0,0.4,Medium,-2.4869648165782086,-0.711804917948716,Low,Bronze
1710,45,Male,Skirt,Clothing,83,Indiana,M,Pink,Winter,3.8,No,Standard,No,19,Bank Transfer,Annually,1,10.0,1660,0,0.4,Medium,-1.4195111594394345,2.7192697649100896,Low,Gold
1711,19,Male,Pants,Clothing,59,Arkansas,XL,Orange,Fall,3.8,No,Store Pickup,No,7,Credit Card,Quarterly,4,1.75,472,0,0.4,Medium,-2.071657277589952,0.5275155661943794,Low,Bronze
1712,21,Male,T-shirt,Clothing,93,North Carolina,M,Lavender,Spring,4.7,No,Express,No,19,Credit Card,Monthly,12,1.5833333333333333,1860,0,0.4,High,-0.7651249734107826,1.744467284704422,Low,Gold
1713,65,Male,T-shirt,Clothing,87,Illinois,S,Beige,Fall,3.8,No,2-Day Shipping,No,9,Cash,Fortnightly,26,0.34615384615384615,870,0,0.4,Medium,-0.6244490592032291,0.1545597235224755,Low,Silver
1714,49,Male,Jacket,Outerwear,22,Missouri,M,Pink,Winter,4.6,No,Free Shipping,No,37,PayPal,Quarterly,4,9.25,836,0,0.4,High,0.004880417351331601,3.6411123441956477,Medium,Silver
1715,30,Male,Jeans,Clothing,71,South Dakota,S,Charcoal,Summer,4.4,No,Standard,No,15,Cash,Monthly,12,1.25,1136,0,0.4,High,-1.0419966660696203,1.2355016991336678,Low,Silver
1716,23,Male,Dress,Clothing,69,Idaho,XL,Gray,Spring,3.4,No,2-Day Shipping,No,30,PayPal,Bi-Weekly,26,1.1538461538461537,2139,0,0.4,Medium,0.8291273272556693,-0.19140942283101814,High,Gold
1717,69,Male,Blouse,Clothing,47,Connecticut,M,Cyan,Winter,4.7,No,Standard,No,30,Cash,Quarterly,4,7.5,1457,0,0.4,High,-0.4796450448016345,3.316331407015689,Medium,Gold
1718,29,Male,Hoodie,Clothing,50,Hawaii,L,Orange,Summer,2.9,No,Express,No,16,Debit Card,Bi-Weekly,26,0.6153846153846154,850,0,0.4,Low,-0.13992359705026303,-1.0351440795412175,Medium,Silver
1719,54,Male,T-shirt,Clothing,96,Maryland,L,Pink,Winter,3.4,No,2-Day Shipping,No,14,PayPal,Quarterly,4,3.5,1440,0,0.4,Medium,-1.5871318154369858,0.43188664300421886,Low,Gold
1720,45,Male,Sweater,Clothing,39,Maryland,M,White,Winter,3.2,No,Free Shipping,No,8,Venmo,Quarterly,4,2.0,351,0,0.4,Medium,-2.0024393544252423,-0.24688736064538386,Low,Bronze
1721,25,Male,Shorts,Clothing,84,Massachusetts,S,Beige,Winter,2.8,No,Express,No,40,Debit Card,Bi-Weekly,26,1.5384615384615385,3444,0,0.4,Low,1.5213065589027637,-0.9300494606474485,High,Platinum
1722,34,Male,Jewelry,Accessories,28,Delaware,S,Magenta,Spring,4.3,No,Free Shipping,No,24,Credit Card,Monthly,12,2.0,700,0,0.4,High,-0.4190353575872353,1.294615460711722,Medium,Silver
1723,46,Male,T-shirt,Clothing,51,Massachusetts,L,Violet,Summer,3.3,No,Standard,No,14,Cash,Fortnightly,26,0.5384615384615384,765,0,0.4,Medium,-0.2783594433796819,-0.4950335356324864,Medium,Silver
1724,70,Male,Scarf,Accessories,20,New York,XL,Gold,Spring,3.3,No,Standard,No,39,PayPal,Annually,1,10.0,800,0,0.4,Medium,-0.03515269614524541,2.018586664293223,Medium,Silver
1725,42,Male,Shoes,Footwear,72,Delaware,S,Teal,Winter,3.3,No,Free Shipping,No,21,PayPal,Weekly,52,0.40384615384615385,1584,0,0.4,Medium,1.752897003931916,-0.5307964246558197,High,Gold
1726,45,Male,Sunglasses,Accessories,33,Massachusetts,M,Indigo,Spring,3.0,No,Next Day Air,No,32,Venmo,Quarterly,4,8.0,1089,0,0.4,Low,-0.34120919847221565,1.0668424527192948,Medium,Silver
1727,57,Male,Coat,Outerwear,28,Indiana,S,Olive,Summer,2.8,No,Express,No,45,Debit Card,Weekly,52,0.8653846153846154,1288,0,0.4,Low,3.4141271598849428,-1.1088639057641148,High,Silver
1728,49,Male,Blouse,Clothing,53,Virginia,S,Violet,Spring,4.0,No,Express,No,19,PayPal,Monthly,12,1.5833333333333333,1060,0,0.4,Medium,-0.7651249734107826,0.7635109438408088,Low,Silver
1729,23,Male,Jeans,Clothing,48,Wyoming,L,Black,Fall,4.3,No,Express,No,1,Debit Card,Quarterly,4,0.25,96,0,0.4,High,-2.4869648165782086,0.8296979034083896,Low,Bronze
1730,47,Male,Shorts,Clothing,21,Illinois,M,Brown,Winter,3.8,No,Store Pickup,No,12,Venmo,Fortnightly,26,0.46153846153846156,273,0,0.4,Medium,-0.41679528970910085,0.1852136283996183,Medium,Bronze
1731,23,Male,Shirt,Clothing,22,Alabama,S,Silver,Fall,4.2,No,Free Shipping,No,26,Credit Card,Weekly,52,0.5,594,0,0.4,High,2.0989866197554634,0.7559780771854928,High,Bronze
1732,21,Male,Backpack,Accessories,87,Idaho,M,Gray,Fall,3.1,No,Next Day Air,No,12,Cash,Monthly,12,1.0,1131,0,0.4,Medium,-1.2496504355637488,-0.6526911563706614,Low,Silver
1733,45,Male,Belt,Accessories,50,Rhode Island,S,Charcoal,Winter,2.6,No,Free Shipping,No,36,Cash,Quarterly,4,9.0,1850,0,0.4,Low,-0.06433750581337783,0.771963147827706,Medium,Gold
1734,67,Male,Blouse,Clothing,85,New York,L,Black,Summer,3.4,No,Express,No,22,Credit Card,Annually,1,10.0,1955,0,0.4,Medium,-1.211857389945306,2.1587232844165967,Low,Gold
1735,31,Male,Jeans,Clothing,98,Missouri,L,Brown,Spring,3.1,No,Next Day Air,No,16,PayPal,Quarterly,4,4.0,1666,0,0.4,Medium,-1.448695969107567,0.14431037043505135,Low,Gold
1736,58,Male,Dress,Clothing,34,Texas,M,Purple,Winter,3.6,No,Express,No,31,Venmo,Annually,1,10.0,1088,0,0.4,Medium,-0.588896081462921,2.4389965246633434,Low,Silver
1737,57,Male,Shorts,Clothing,61,Tennessee,M,Purple,Summer,2.6,No,2-Day Shipping,No,43,Cash,Quarterly,4,10.0,2684,0,0.4,Low,0.4201879563395883,1.0376303234296105,Medium,Platinum
1738,42,Male,Jewelry,Accessories,98,Ohio,L,Gray,Summer,4.2,No,Store Pickup,No,50,Venmo,Bi-Weekly,26,1.9230769230769231,4998,0,0.4,High,2.2134857905498584,1.1340429040035873,High,Platinum
1739,60,Male,Handbag,Accessories,61,Tennessee,M,Green,Spring,2.9,No,2-Day Shipping,No,37,Credit Card,Weekly,52,0.7115384615384616,2318,0,0.4,Low,2.8603837745672673,-1.009599158810265,High,Platinum
1740,21,Male,Jewelry,Accessories,98,Minnesota,L,Silver,Winter,4.2,No,Express,No,23,Cash,Weekly,52,0.4423076923076923,2352,0,0.4,High,1.891332850261335,0.7406511247469214,High,Platinum
1741,69,Male,Pants,Clothing,21,Wisconsin,L,Charcoal,Fall,3.3,No,Next Day Air,No,10,Bank Transfer,Quarterly,4,2.5,231,0,0.4,Medium,-1.8640035080958235,0.026082847278941168,Low,Bronze
1742,41,Male,Pants,Clothing,51,Delaware,XL,Teal,Winter,3.6,No,Next Day Air,No,20,Bank Transfer,Monthly,12,1.6666666666666667,1071,0,0.4,Medium,-0.6959070502460731,0.22510339464747453,Low,Silver
1743,51,Male,Sandals,Footwear,80,Kansas,XL,White,Spring,4.3,No,Express,No,18,Venmo,Quarterly,4,4.5,1520,0,0.4,High,-1.310260122778148,1.9587833997164825,Low,Gold
1744,23,Male,Skirt,Clothing,72,Missouri,XL,Brown,Winter,3.3,No,Standard,No,3,Bank Transfer,Weekly,52,0.057692307692307696,288,0,0.4,Medium,0.5069743869671459,-0.6227581392872481,Medium,Bronze
1745,57,Male,Sunglasses,Accessories,63,Michigan,L,Teal,Winter,3.0,No,Standard,No,23,PayPal,Weekly,52,0.4423076923076923,1512,0,0.4,Low,1.891332850261335,-0.9409883167335584,High,Gold
1746,40,Male,Skirt,Clothing,27,West Virginia,L,Red,Winter,3.6,No,Store Pickup,No,27,Cash,Weekly,52,0.5192307692307693,756,0,0.4,Medium,2.1682045429201726,-0.07973265940855656,High,Silver
1747,65,Male,Handbag,Accessories,44,Alabama,L,Brown,Summer,3.1,No,Store Pickup,No,44,Bank Transfer,Fortnightly,26,1.6923076923076923,1980,0,0.4,Medium,1.7981782515616014,-0.46876772710780457,High,Gold
1748,61,Male,Coat,Outerwear,23,New Hampshire,M,Yellow,Winter,2.9,No,Express,No,41,Venmo,Quarterly,4,10.0,966,0,0.4,Low,0.2817521100101694,1.45804018379973,Medium,Silver
1749,34,Male,Skirt,Clothing,93,Montana,L,Teal,Winter,3.9,No,2-Day Shipping,No,41,Bank Transfer,Annually,1,10.0,3906,0,0.4,Medium,0.10328315018417344,2.859406385033463,Medium,Platinum
1750,43,Male,Hoodie,Clothing,70,Wyoming,L,Pink,Fall,3.2,No,2-Day Shipping,No,36,Debit Card,Quarterly,4,9.0,2590,0,0.4,Medium,-0.06433750581337783,1.612782868567946,Medium,Platinum
1751,31,Male,Sunglasses,Accessories,85,Missouri,M,White,Fall,3.1,No,Express,No,38,Venmo,Quarterly,4,9.5,3315,0,0.4,Medium,0.07409834051604103,1.6054798362455247,Medium,Platinum
1752,57,Male,Sweater,Clothing,40,Ohio,M,Silver,Winter,3.2,No,2-Day Shipping,No,34,Cash,Annually,1,10.0,1400,0,0.4,Medium,-0.38124231196879266,1.8784500441698504,Medium,Gold
1753,34,Male,Boots,Footwear,29,South Dakota,L,Blue,Winter,3.3,No,Store Pickup,No,14,Venmo,Quarterly,4,3.5,435,0,0.4,Medium,-1.5871318154369858,0.2917500228808455,Low,Bronze
1754,25,Male,Skirt,Clothing,27,Colorado,L,Black,Fall,4.8,No,Next Day Air,No,23,Credit Card,Fortnightly,26,0.8846153846153846,648,0,0.4,High,0.34460186510270313,1.6989774808495413,Medium,Bronze
1755,66,Male,Dress,Clothing,93,Massachusetts,S,Beige,Fall,3.8,No,2-Day Shipping,No,18,Credit Card,Fortnightly,26,0.6923076923076923,1767,0,0.4,Medium,-0.001487750720844172,0.24652143815390382,Medium,Gold
1756,56,Male,Belt,Accessories,20,Delaware,XL,Charcoal,Spring,4.6,No,Next Day Air,No,45,Cash,Monthly,12,3.75,920,0,0.4,High,1.034541028871663,2.179942878385174,High,Silver
1757,49,Male,Jewelry,Accessories,55,New Hampshire,S,Cyan,Fall,2.8,No,Free Shipping,No,14,Bank Transfer,Weekly,52,0.2692307692307692,825,0,0.4,Low,1.2683715417789498,-1.2672424142960192,High,Silver
1758,19,Male,Dress,Clothing,94,Michigan,L,Yellow,Fall,3.6,No,Standard,No,48,Debit Card,Annually,1,10.0,4606,0,0.4,Medium,0.5878086123371397,2.4389965246633434,Medium,Platinum
1759,27,Male,Hat,Accessories,56,Pennsylvania,M,Silver,Winter,4.3,No,Free Shipping,No,17,Venmo,Bi-Weekly,26,0.6538461538461539,1008,0,0.4,High,-0.0707056738855536,0.9369865704783893,Medium,Silver
1760,68,Male,Sweater,Clothing,58,Louisiana,L,Green,Spring,4.0,No,Next Day Air,No,1,PayPal,Weekly,52,0.019230769230769232,116,0,0.4,Medium,0.36853854063772706,0.3479802332839841,Medium,Bronze
1761,20,Male,Skirt,Clothing,44,Minnesota,XL,Peach,Spring,3.5,No,Standard,No,39,PayPal,Weekly,52,0.75,1760,0,0.4,Medium,2.998819620896686,-0.15856146977764451,High,Gold
1762,21,Male,Hoodie,Clothing,95,Hawaii,S,Green,Fall,4.9,No,2-Day Shipping,No,24,Cash,Weekly,52,0.46153846153846156,2375,0,0.4,High,1.9605507734260443,1.7267164497567253,High,Platinum
1763,36,Male,Sandals,Footwear,42,Idaho,M,Brown,Summer,3.1,No,Express,No,41,Bank Transfer,Fortnightly,26,1.5769230769230769,1764,0,0.4,Medium,1.5905244820674733,-0.4994216319849474,High,Gold
1764,37,Male,Jewelry,Accessories,93,Vermont,M,Lavender,Winter,3.9,No,Store Pickup,No,28,PayPal,Annually,1,10.0,2697,0,0.4,Medium,-0.7965498509570494,2.859406385033463,Low,Platinum
1765,61,Male,Dress,Clothing,56,Delaware,M,Charcoal,Summer,3.0,No,Store Pickup,No,34,Venmo,Quarterly,4,8.5,1960,0,0.4,Low,-0.20277335214279668,1.199676040520247,Medium,Gold
1766,68,Male,Hoodie,Clothing,88,New Mexico,M,Orange,Spring,4.1,No,2-Day Shipping,No,41,Venmo,Quarterly,4,10.0,3696,0,0.4,High,0.2817521100101694,3.139679625280209,Medium,Platinum
1767,60,Male,Sweater,Clothing,54,Alaska,S,Cyan,Winter,4.3,No,2-Day Shipping,No,27,Cash,Bi-Weekly,26,1.0384615384615385,1512,0,0.4,High,0.6214735577615409,1.0391662534021986,Medium,Gold
1768,69,Male,Jewelry,Accessories,89,Minnesota,L,Lavender,Fall,3.8,No,2-Day Shipping,No,46,Debit Card,Fortnightly,26,1.7692307692307692,4183,0,0.4,Medium,1.9366140978910202,0.5326245503405699,High,Platinum
1769,25,Male,Sandals,Footwear,45,Nebraska,M,Indigo,Summer,3.9,No,2-Day Shipping,No,2,PayPal,Quarterly,4,0.5,135,0,0.4,Medium,-2.417746893413499,0.3355682168153725,Low,Bronze
1770,32,Male,Socks,Clothing,75,Alaska,L,Brown,Winter,4.3,No,Free Shipping,No,45,Cash,Monthly,12,3.75,3450,0,0.4,High,1.034541028871663,1.7595330180150546,High,Platinum
1771,53,Male,Backpack,Accessories,22,Michigan,M,Pink,Fall,4.3,No,Express,No,34,Bank Transfer,Weekly,52,0.6538461538461539,770,0,0.4,High,2.652730005073139,0.9369865704783893,High,Silver
1772,46,Male,Shirt,Clothing,82,Indiana,XL,Turquoise,Fall,4.7,No,Store Pickup,No,9,Credit Card,Annually,1,9.0,820,0,0.4,High,-2.111690391086529,3.7148321704185454,Low,Silver
1773,58,Male,Shoes,Footwear,34,Hawaii,M,Gold,Summer,3.1,No,2-Day Shipping,No,1,Bank Transfer,Annually,1,1.0,68,0,0.4,Medium,-2.6654337764042046,-0.6526911563706614,Low,Bronze
1774,21,Male,Coat,Outerwear,92,West Virginia,M,Blue,Summer,2.7,No,Free Shipping,No,17,PayPal,Annually,1,10.0,1656,0,0.4,Low,-1.5579470057688534,1.177766943552984,Low,Gold
1775,46,Male,Sweater,Clothing,78,New York,M,Lavender,Spring,3.7,No,Express,No,6,PayPal,Weekly,52,0.11538461538461539,546,0,0.4,Medium,0.7146281564612744,-0.04688470635518294,Medium,Bronze
1776,18,Male,Jacket,Outerwear,47,Iowa,M,Violet,Spring,3.3,No,2-Day Shipping,No,12,Cash,Bi-Weekly,26,0.46153846153846156,611,0,0.4,Medium,-0.41679528970910085,-0.5154694722172481,Medium,Bronze
1777,56,Male,Jacket,Outerwear,64,Arizona,L,Cyan,Summer,3.4,No,Free Shipping,No,10,Venmo,Quarterly,4,2.5,704,0,0.4,Medium,-1.8640035080958235,0.16621946740231464,Low,Silver
1778,18,Male,Sneakers,Footwear,44,Minnesota,L,Purple,Winter,4.7,No,Free Shipping,No,4,Cash,Fortnightly,26,0.15384615384615385,220,0,0.4,High,-0.9705386750267765,1.3646994631709308,Low,Bronze
1779,49,Male,Belt,Accessories,94,Texas,M,Red,Winter,4.9,No,Store Pickup,No,8,Debit Card,Bi-Weekly,26,0.3076923076923077,846,0,0.4,High,-0.6936669823679386,1.6858445765872014,Low,Silver
1780,29,Male,Scarf,Accessories,62,Virginia,M,Charcoal,Winter,4.3,No,Free Shipping,No,41,Venmo,Weekly,52,0.7884615384615384,2604,0,0.4,High,3.137255467226105,0.9727494595017225,High,Platinum
1781,67,Male,Jewelry,Accessories,81,North Dakota,S,Gray,Summer,4.2,No,Next Day Air,No,49,Credit Card,Weekly,52,0.9423076923076923,4050,0,0.4,High,3.690998852543781,0.8734847125478735,High,Platinum
1782,31,Male,T-shirt,Clothing,33,Iowa,M,Pink,Fall,3.7,No,Express,No,49,Bank Transfer,Quarterly,4,10.0,1650,0,0.4,Medium,0.8354954953278451,2.5791331447867165,High,Gold
1783,52,Male,Pants,Clothing,88,Utah,M,Lavender,Fall,2.7,No,Next Day Air,No,40,Bank Transfer,Fortnightly,26,1.5384615384615385,3608,0,0.4,Low,1.5213065589027637,-1.0701860807708212,High,Platinum
1784,42,Male,Handbag,Accessories,49,Ohio,L,Lavender,Winter,3.3,No,Free Shipping,No,30,Credit Card,Monthly,12,2.5,1519,0,0.4,Medium,-0.003727818598978583,0.026082847278941168,Medium,Gold
1785,32,Male,Backpack,Accessories,31,Louisiana,L,Yellow,Summer,4.8,No,Standard,No,4,Debit Card,Quarterly,4,1.0,155,0,0.4,High,-2.2793110470840805,1.7296313857266843,Low,Bronze
1786,47,Male,Gloves,Accessories,29,Iowa,S,Peach,Fall,4.1,No,Next Day Air,No,22,Venmo,Monthly,12,1.8333333333333333,667,0,0.4,High,-0.5574712039166542,0.9700643578646577,Low,Silver
1787,45,Male,Jacket,Outerwear,34,Maryland,M,Brown,Spring,4.6,No,2-Day Shipping,No,22,Venmo,Monthly,12,1.8333333333333333,782,0,0.4,High,-0.5574712039166542,1.670747458481524,Low,Silver
1788,20,Male,Sweater,Clothing,38,Montana,L,Gold,Fall,4.9,No,2-Day Shipping,No,10,Bank Transfer,Quarterly,4,2.5,418,0,0.4,High,-1.8640035080958235,2.2682687692529147,Low,Bronze
1789,66,Male,Blouse,Clothing,41,Illinois,L,Pink,Summer,3.1,No,Store Pickup,No,23,Cash,Bi-Weekly,26,0.8846153846153846,984,0,0.4,Medium,0.34460186510270313,-0.6833450612478043,Medium,Silver
1790,52,Male,Blouse,Clothing,34,Arizona,L,Peach,Spring,3.0,No,2-Day Shipping,No,43,Debit Card,Quarterly,4,10.0,1496,0,0.4,Low,0.4201879563395883,1.5981768039231035,Medium,Gold
1791,50,Male,Gloves,Accessories,26,North Carolina,S,Violet,Summer,3.7,No,Store Pickup,No,31,PayPal,Bi-Weekly,26,1.1923076923076923,832,0,0.4,Medium,0.8983452504203787,0.23921840583148324,High,Silver
1792,62,Male,Jeans,Clothing,98,Montana,S,Purple,Winter,4.0,No,Store Pickup,No,38,Cash,Annually,1,10.0,3822,0,0.4,Medium,-0.10437061930995495,2.9995430051568364,Medium,Platinum
1793,38,Male,Sneakers,Footwear,59,Iowa,M,Peach,Fall,3.0,No,Express,No,22,Debit Card,Quarterly,4,5.5,1357,0,0.4,Low,-1.0333884301193101,0.4026745137145342,Low,Gold
1794,65,Male,Hat,Accessories,92,Iowa,S,White,Fall,3.8,No,Store Pickup,No,45,Cash,Quarterly,4,10.0,4232,0,0.4,Medium,0.5586238026690071,2.7192697649100896,Medium,Platinum
1795,60,Male,Backpack,Accessories,40,Ohio,L,Indigo,Spring,3.7,No,Express,No,21,Debit Card,Fortnightly,26,0.8076923076923077,880,0,0.4,Medium,0.20616601877328422,0.13703872290767372,Medium,Silver
1796,68,Male,Jeans,Clothing,20,Wisconsin,S,Violet,Fall,4.0,No,2-Day Shipping,No,9,Debit Card,Fortnightly,26,0.34615384615384615,200,0,0.4,Medium,-0.6244490592032291,0.4348329637692223,Low,Bronze
1797,62,Male,Skirt,Clothing,35,South Carolina,S,Brown,Spring,3.1,No,Store Pickup,No,34,Venmo,Weekly,52,0.6538461538461539,1225,0,0.4,Medium,2.652730005073139,-0.7446528710020899,High,Silver
1798,62,Male,Belt,Accessories,35,Oregon,L,Maroon,Spring,3.9,No,2-Day Shipping,No,26,Venmo,Weekly,52,0.5,945,0,0.4,Medium,2.0989866197554634,0.3355682168153725,High,Silver
1799,40,Male,Dress,Clothing,82,North Dakota,L,Magenta,Winter,3.7,No,Express,No,1,Cash,Weekly,52,0.019230769230769232,164,0,0.4,Medium,0.36853854063772706,-0.07242962708613554,Medium,Bronze
1800,32,Male,Hoodie,Clothing,48,California,M,Charcoal,Fall,3.9,No,Express,No,47,Venmo,Weekly,52,0.9038461538461539,2304,0,0.4,Medium,3.5525630062143616,0.44285688388537225,High,Platinum
1801,22,Male,Coat,Outerwear,58,Mississippi,XL,Indigo,Winter,2.7,No,Express,No,30,Credit Card,Weekly,52,0.5769230769230769,1798,0,0.4,Low,2.375858312414301,-1.3256352880803446,High,Gold
1802,33,Male,Sweater,Clothing,57,New Jersey,M,Turquoise,Spring,3.9,No,Express,No,48,Debit Card,Fortnightly,26,1.8461538461538463,2793,0,0.4,Medium,2.0750499442204395,0.6931971070487052,High,Platinum
1803,57,Male,Shorts,Clothing,96,Rhode Island,L,Turquoise,Winter,2.6,No,Store Pickup,No,31,Venmo,Bi-Weekly,26,1.1923076923076923,3072,0,0.4,Low,0.8983452504203787,-1.302284415525623,High,Platinum
1804,60,Male,Sneakers,Footwear,97,New Hampshire,S,Gray,Summer,3.5,No,Free Shipping,No,33,Venmo,Fortnightly,26,1.2692307692307692,3298,0,0.4,Medium,1.0367810967497975,-0.020618897830501748,High,Platinum
1805,30,Male,Sweater,Clothing,42,Louisiana,L,Peach,Winter,4.4,No,Next Day Air,No,39,Credit Card,Weekly,52,0.75,1680,0,0.4,High,2.998819620896686,1.1026681113327157,High,Gold
1806,41,Male,T-shirt,Clothing,62,Arizona,L,Gold,Spring,4.9,No,Store Pickup,No,46,Debit Card,Weekly,52,0.8846153846153846,2914,0,0.4,High,3.4833450830496524,1.8391141009729153,High,Platinum
1807,58,Male,Handbag,Accessories,67,Rhode Island,M,Green,Fall,3.9,No,Standard,No,24,Venmo,Annually,1,10.0,1675,0,0.4,Medium,-1.0734215436158872,2.859406385033463,Low,Gold
1808,34,Male,Sneakers,Footwear,46,Vermont,L,Gold,Summer,3.5,No,Standard,No,37,Venmo,Fortnightly,26,1.4230769230769231,1748,0,0.4,Medium,1.3136527894086354,0.020252975339021928,High,Gold
1809,67,Male,Jacket,Outerwear,71,Tennessee,M,Lavender,Spring,4.3,No,Next Day Air,No,7,Debit Card,Monthly,12,0.5833333333333334,568,0,0.4,High,-1.595740051387296,0.9182536286090244,Low,Bronze
1810,58,Male,Backpack,Accessories,99,Alaska,S,Blue,Fall,3.4,No,Free Shipping,No,6,Debit Card,Fortnightly,26,0.23076923076923078,693,0,0.4,Medium,-0.8321028286973574,-0.4366406618481604,Low,Silver
1811,41,Male,Jeans,Clothing,28,Maryland,M,Magenta,Fall,2.7,No,Standard,No,16,Cash,Bi-Weekly,26,0.6153846153846154,476,0,0.4,Low,-0.13992359705026303,-1.3154173197879637,Medium,Bronze
1812,42,Male,Belt,Accessories,77,Wisconsin,L,Blue,Summer,3.6,No,Standard,No,33,Bank Transfer,Annually,1,10.0,2618,0,0.4,Medium,-0.4504602351335022,2.4389965246633434,Medium,Platinum
1813,50,Male,Boots,Footwear,63,Nevada,S,Blue,Summer,4.9,No,Express,No,18,PayPal,Bi-Weekly,26,0.6923076923076923,1197,0,0.4,High,-0.001487750720844172,1.7880242595110107,Medium,Silver
1814,40,Male,Shorts,Clothing,62,Illinois,M,Olive,Spring,3.5,No,Free Shipping,No,24,PayPal,Weekly,52,0.46153846153846156,1550,0,0.4,Medium,1.9605507734260443,-0.2351962319705012,High,Gold
1815,32,Male,Jeans,Clothing,92,Montana,M,White,Summer,3.8,No,Free Shipping,No,24,Cash,Quarterly,4,6.0,2300,0,0.4,Medium,-0.8949525837898912,1.6566010625024725,Low,Platinum
1816,51,Male,Shoes,Footwear,72,New Mexico,L,White,Winter,4.5,No,2-Day Shipping,No,48,Credit Card,Quarterly,4,10.0,3528,0,0.4,High,0.7662775721631356,3.700226105773703,Medium,Platinum
1817,26,Male,Hat,Accessories,79,Virginia,M,Purple,Summer,4.0,No,Express,No,4,Cash,Weekly,52,0.07692307692307693,395,0,0.4,Medium,0.5761923101318553,0.3633071857225556,Medium,Bronze
1818,32,Male,T-shirt,Clothing,27,Delaware,M,White,Summer,4.7,No,Free Shipping,No,20,Cash,Weekly,52,0.38461538461538464,567,0,0.4,High,1.6836790807672066,1.4260072729252165,High,Bronze
1819,58,Male,Sunglasses,Accessories,39,North Carolina,M,White,Fall,3.8,No,Express,No,47,Debit Card,Quarterly,4,10.0,1872,0,0.4,Medium,0.6970596489984262,2.7192697649100896,Medium,Gold
1820,51,Male,Socks,Clothing,86,Nevada,S,Peach,Spring,4.5,No,Next Day Air,No,50,Cash,Quarterly,4,10.0,4386,0,0.4,High,0.9047134184925545,3.700226105773703,High,Platinum
1821,19,Male,Shirt,Clothing,94,Washington,XL,Gold,Fall,5.0,No,Express,No,31,PayPal,Monthly,12,2.5833333333333335,3008,0,0.4,High,0.06549010456573084,2.430544320676446,Medium,Platinum
1822,57,Male,Shorts,Clothing,53,Maine,M,Teal,Spring,2.8,No,Express,No,29,PayPal,Quarterly,4,7.25,1590,0,0.4,Low,-0.5488629679663439,0.58731883077112,Low,Gold
1823,66,Male,Shirt,Clothing,85,Connecticut,S,Cyan,Summer,4.4,No,Standard,No,4,Cash,Annually,1,4.0,425,0,0.4,High,-2.457780006910076,1.9660864320389044,Low,Bronze
1824,62,Male,Socks,Clothing,50,Louisiana,L,Pink,Fall,4.7,No,Free Shipping,No,40,Bank Transfer,Bi-Weekly,26,1.5384615384615385,2050,0,0.4,High,1.5213065589027637,1.7325463216966441,High,Gold
1825,58,Male,Pants,Clothing,47,Illinois,XL,Magenta,Winter,3.8,No,Express,No,31,Cash,Monthly,12,2.5833333333333335,1504,0,0.4,Medium,0.06549010456573084,0.7489048791959664,Medium,Gold
1826,23,Male,Boots,Footwear,75,South Dakota,M,Pink,Winter,4.9,No,Next Day Air,No,41,Credit Card,Weekly,52,0.7884615384615384,3150,0,0.4,High,3.137255467226105,1.813569180241963,High,Platinum
1827,45,Male,T-shirt,Clothing,60,Indiana,M,Turquoise,Winter,4.2,No,Express,No,44,Debit Card,Annually,1,10.0,2700,0,0.4,High,0.3109369196783017,3.279816245403583,Medium,Platinum
1828,20,Male,T-shirt,Clothing,36,Vermont,S,Pink,Spring,4.9,No,2-Day Shipping,No,31,Bank Transfer,Weekly,52,0.5961538461538461,1152,0,0.4,High,2.4450762355790108,1.7624793387800586,High,Silver
1829,33,Male,Coat,Outerwear,80,New Hampshire,L,Gray,Spring,3.9,No,Express,No,45,Cash,Quarterly,4,10.0,3680,0,0.4,Medium,0.5586238026690071,2.859406385033463,Medium,Platinum
1830,30,Male,Hat,Accessories,96,Oregon,M,White,Spring,4.9,No,2-Day Shipping,No,50,Credit Card,Quarterly,4,10.0,4896,0,0.4,High,0.9047134184925545,4.260772586267197,High,Platinum
1831,50,Male,Sunglasses,Accessories,80,Kansas,M,Blue,Winter,4.8,No,Express,No,7,Venmo,Annually,1,7.0,640,0,0.4,High,-2.2501262374159476,3.3236344393381096,Low,Bronze
1832,62,Male,Blouse,Clothing,71,Maine,M,Cyan,Summer,3.3,No,Free Shipping,No,5,Bank Transfer,Quarterly,4,1.25,426,0,0.4,Medium,-2.210093123919371,-0.3060011222234391,Low,Bronze
1833,69,Male,Jewelry,Accessories,29,Louisiana,M,Blue,Fall,4.6,No,Free Shipping,No,48,Cash,Monthly,12,4.0,1421,0,0.4,High,1.2421947983657915,2.2463596722856503,High,Gold
1834,34,Male,Jewelry,Accessories,53,Louisiana,M,Yellow,Spring,4.5,No,2-Day Shipping,No,19,PayPal,Fortnightly,26,0.7307692307692307,1060,0,0.4,High,0.06773017244386531,1.237695747309898,Medium,Silver
1835,49,Male,Skirt,Clothing,35,Indiana,M,Charcoal,Summer,4.1,No,2-Day Shipping,No,39,Venmo,Fortnightly,26,1.5,1400,0,0.4,High,1.4520886357380545,0.8815086326640229,High,Gold
1836,65,Male,Scarf,Accessories,75,Kentucky,M,Lavender,Fall,3.2,No,2-Day Shipping,No,45,Credit Card,Quarterly,4,10.0,3450,0,0.4,Medium,0.5586238026690071,1.8784500441698504,Medium,Platinum
1837,66,Male,Pants,Clothing,52,South Carolina,M,Teal,Fall,4.2,No,2-Day Shipping,No,35,Credit Card,Monthly,12,2.9166666666666665,1872,0,0.4,High,0.34236179722456866,1.3980070848900947,Medium,Gold
1838,41,Male,Hat,Accessories,77,Montana,M,Beige,Winter,4.8,No,Free Shipping,No,8,Venmo,Monthly,12,0.6666666666666666,693,0,0.4,High,-1.5265221282225865,1.6410756605260493,Low,Silver
1839,37,Male,Gloves,Accessories,24,Vermont,L,Blue,Fall,4.1,No,Next Day Air,No,11,Credit Card,Quarterly,4,2.75,288,0,0.4,High,-1.794785584931114,1.2135926021664032,Low,Bronze
1840,32,Male,Shirt,Clothing,78,Mississippi,XL,Purple,Winter,3.7,No,Store Pickup,No,32,Cash,Annually,1,10.0,2574,0,0.4,Medium,-0.5196781582982116,2.5791331447867165,Low,Platinum
1841,42,Male,Sandals,Footwear,98,Wyoming,M,Gold,Winter,2.6,No,Store Pickup,No,46,Bank Transfer,Quarterly,4,10.0,4606,0,0.4,Low,0.6278417258337166,1.0376303234296105,Medium,Platinum
1842,31,Male,Socks,Clothing,57,Vermont,L,Blue,Winter,3.0,No,Standard,No,7,PayPal,Quarterly,4,1.75,456,0,0.4,Low,-2.071657277589952,-0.5935773947926068,Low,Bronze
1843,61,Male,Handbag,Accessories,78,Alabama,M,Black,Summer,4.4,No,Express,No,1,Debit Card,Annually,1,1.0,156,0,0.4,High,-2.6654337764042046,1.1690849052331918,Low,Bronze
1844,36,Male,Jacket,Outerwear,76,Kentucky,M,Charcoal,Fall,4.7,No,Next Day Air,No,32,Credit Card,Monthly,12,2.6666666666666665,2508,0,0.4,High,0.13470802773044027,2.032273391606485,Medium,Platinum
1845,60,Male,Shorts,Clothing,26,South Dakota,M,Purple,Spring,2.7,No,2-Day Shipping,No,31,Credit Card,Annually,1,10.0,832,0,0.4,Low,-0.588896081462921,1.177766943552984,Low,Silver
1846,51,Male,Sandals,Footwear,78,Delaware,M,Orange,Winter,2.8,No,2-Day Shipping,No,39,Bank Transfer,Quarterly,4,9.75,3120,0,0.4,Low,0.14331626368075057,1.2514867697758807,Medium,Platinum
1847,68,Male,Scarf,Accessories,53,Wisconsin,M,Yellow,Summer,2.9,No,Standard,No,9,Venmo,Quarterly,4,2.25,530,0,0.4,Low,-1.933221431260533,-0.6008804271150279,Low,Bronze
1848,46,Male,Sandals,Footwear,100,Arizona,XL,Cyan,Summer,4.4,No,Free Shipping,No,49,Credit Card,Weekly,52,0.9423076923076923,5000,0,0.4,High,3.690998852543781,1.1537579527946202,High,Platinum
1849,19,Male,Jeans,Clothing,73,Maine,XL,Yellow,Winter,2.7,No,Express,No,34,Cash,Quarterly,4,8.5,2555,0,0.4,Low,-0.20277335214279668,0.7792661801501275,Medium,Platinum
1850,30,Male,Skirt,Clothing,40,New Mexico,M,Maroon,Winter,4.5,No,Store Pickup,No,35,Bank Transfer,Monthly,12,2.9166666666666665,1440,0,0.4,High,0.34236179722456866,1.8184169452602144,Medium,Gold
1851,51,Male,Gloves,Accessories,76,Wyoming,S,Black,Winter,2.8,No,Store Pickup,No,50,Debit Card,Weekly,52,0.9615384615384616,3876,0,0.4,Low,3.76021677570849,-1.0833189850331624,High,Platinum
1852,28,Male,Skirt,Clothing,80,Delaware,S,Lavender,Fall,3.1,No,Free Shipping,No,4,Bank Transfer,Fortnightly,26,0.15384615384615385,400,0,0.4,Medium,-0.9705386750267765,-0.877486458803042,Low,Bronze
1853,41,Male,Sweater,Clothing,80,Pennsylvania,XL,Violet,Winter,3.8,No,Store Pickup,No,32,Cash,Weekly,52,0.6153846153846154,2640,0,0.4,Medium,2.51429415874372,0.22608550156914198,High,Platinum
1854,29,Male,Blouse,Clothing,67,North Dakota,XL,Olive,Spring,2.9,No,Express,No,11,PayPal,Fortnightly,26,0.4230769230769231,804,0,0.4,Low,-0.4860132128738103,-1.0862339210031222,Low,Silver
1855,25,Male,Sweater,Clothing,61,Kentucky,M,Teal,Spring,3.8,No,Express,No,49,Credit Card,Annually,1,10.0,3050,0,0.4,Medium,0.6570265355018491,2.7192697649100896,Medium,Platinum
1856,60,Male,Shirt,Clothing,76,Rhode Island,XL,Teal,Spring,4.7,No,Standard,No,9,Cash,Annually,1,9.0,760,0,0.4,High,-2.111690391086529,3.7148321704185454,Low,Silver
1857,63,Male,Jewelry,Accessories,55,Arizona,XL,Beige,Summer,3.2,No,Free Shipping,No,30,PayPal,Bi-Weekly,26,1.1538461538461537,1705,0,0.4,Medium,0.8291273272556693,-0.4716826630777642,High,Gold
1858,51,Male,T-shirt,Clothing,85,Colorado,L,Maroon,Summer,4.0,No,Next Day Air,No,33,Cash,Monthly,12,2.75,2890,0,0.4,Medium,0.2039259508951497,1.0734559820430305,Medium,Platinum
1859,22,Male,Scarf,Accessories,69,Maine,S,Peach,Spring,4.9,No,2-Day Shipping,No,8,Debit Card,Annually,1,8.0,621,0,0.4,High,-2.1809083142512384,3.729438235063388,Low,Bronze
1860,54,Male,Belt,Accessories,26,New Jersey,L,Beige,Summer,3.7,No,Store Pickup,No,29,Debit Card,Fortnightly,26,1.1153846153846154,780,0,0.4,Medium,0.7599094040909598,0.2187824692467213,Medium,Silver
1861,18,Male,T-shirt,Clothing,64,Kansas,M,Silver,Summer,4.8,No,Next Day Air,No,4,Credit Card,Monthly,12,0.3333333333333333,320,0,0.4,High,-1.8033938208814244,1.5525199353254147,Low,Bronze
1862,29,Male,Sneakers,Footwear,60,South Dakota,S,Peach,Fall,3.6,No,Standard,No,19,Debit Card,Monthly,12,1.5833333333333333,1200,0,0.4,Medium,-0.7651249734107826,0.20296446334731577,Low,Silver
1863,59,Male,Gloves,Accessories,36,New Hampshire,M,Turquoise,Winter,4.6,No,Express,No,10,PayPal,Fortnightly,26,0.38461538461538464,396,0,0.4,High,-0.5552311360385197,1.2858706528018424,Low,Bronze
1864,25,Male,Sandals,Footwear,21,Connecticut,L,Orange,Spring,4.3,No,2-Day Shipping,No,39,Debit Card,Monthly,12,3.25,840,0,0.4,High,0.6192334898834064,1.6266994302141022,Medium,Silver
1865,19,Male,Backpack,Accessories,72,Wyoming,S,Cyan,Fall,3.2,No,2-Day Shipping,No,21,Venmo,Quarterly,4,5.25,1584,0,0.4,Medium,-1.1026063532840196,0.6165309600608051,Low,Gold
1866,56,Male,Pants,Clothing,62,Missouri,S,Silver,Summer,3.8,No,Store Pickup,No,12,Bank Transfer,Monthly,12,1.0,806,0,0.4,Medium,-1.2496504355637488,0.3282651844929513,Low,Silver
1867,31,Male,T-shirt,Clothing,44,Alaska,XL,Gold,Winter,4.2,No,Standard,No,9,Credit Card,Fortnightly,26,0.34615384615384615,440,0,0.4,High,-0.6244490592032291,0.7151062040159691,Low,Bronze
1868,45,Male,Skirt,Clothing,52,Delaware,M,Brown,Fall,3.4,No,2-Day Shipping,No,20,Venmo,Quarterly,4,5.0,1092,0,0.4,Medium,-1.171824276448729,0.8303874064070753,Low,Silver
1869,23,Male,Gloves,Accessories,58,Indiana,M,Silver,Spring,4.7,No,Next Day Air,No,44,Cash,Fortnightly,26,1.6923076923076923,2610,0,0.4,High,1.7981782515616014,1.773418194866168,High,Platinum
1870,18,Male,Blouse,Clothing,77,West Virginia,S,Beige,Spring,3.9,No,2-Day Shipping,No,16,Debit Card,Quarterly,4,4.0,1309,0,0.4,Medium,-1.448695969107567,1.2654033314220374,Low,Silver
1871,43,Male,Blouse,Clothing,99,Wyoming,L,Violet,Spring,4.3,No,Store Pickup,No,27,Debit Card,Fortnightly,26,1.0384615384615385,2772,0,0.4,High,0.6214735577615409,1.0391662534021986,Medium,Platinum
1872,56,Male,Jeans,Clothing,96,Illinois,XL,Violet,Fall,2.7,No,Standard,No,14,Cash,Quarterly,4,3.5,1440,0,0.4,Low,-1.5871318154369858,-0.5490696978593936,Low,Gold
1873,43,Male,T-shirt,Clothing,64,Alaska,M,Lavender,Summer,4.6,No,Standard,No,24,Credit Card,Monthly,12,2.0,1600,0,0.4,High,-0.4190353575872353,1.7150253210818414,Medium,Gold
1874,64,Male,Sweater,Clothing,44,Wisconsin,XL,Red,Fall,2.9,No,Express,No,49,Bank Transfer,Weekly,52,0.9423076923076923,2200,0,0.4,Low,3.690998852543781,-0.9482913490559797,High,Gold
1875,67,Male,Pants,Clothing,33,Indiana,L,Purple,Fall,3.6,No,Free Shipping,No,14,Cash,Weekly,52,0.2692307692307692,495,0,0.4,Medium,1.2683715417789498,-0.14614945330903262,High,Bronze
1876,63,Male,Boots,Footwear,71,Tennessee,M,Brown,Winter,3.9,No,Next Day Air,No,6,Credit Card,Quarterly,4,1.5,497,0,0.4,Medium,-2.140875200754661,0.6012353924172767,Low,Bronze
1877,54,Male,Skirt,Clothing,36,Illinois,M,Gray,Fall,2.6,No,Standard,No,20,Venmo,Quarterly,4,5.0,756,0,0.4,Low,-1.171824276448729,-0.2907055545799109,Low,Silver
1878,69,Male,Gloves,Accessories,62,Pennsylvania,L,Pink,Fall,3.6,No,Express,No,3,Credit Card,Annually,1,3.0,248,0,0.4,Medium,-2.526997930074786,0.5793262954500136,Low,Bronze
1879,34,Male,Socks,Clothing,29,Oklahoma,L,Magenta,Summer,3.4,No,Store Pickup,No,5,Credit Card,Monthly,12,0.4166666666666667,174,0,0.4,Medium,-1.734175897716715,-0.3872538151016527,Low,Bronze
1880,56,Male,T-shirt,Clothing,33,Tennessee,L,Charcoal,Spring,3.5,No,Express,No,46,Cash,Bi-Weekly,26,1.7692307692307692,1551,0,0.4,Medium,1.9366140978910202,0.11221468997045025,High,Gold
1881,34,Male,Blouse,Clothing,33,New Jersey,L,Yellow,Fall,3.1,No,2-Day Shipping,No,8,Debit Card,Monthly,12,0.6666666666666666,297,0,0.4,Medium,-1.5265221282225865,-0.7412468815712963,Low,Bronze
1882,58,Male,Blouse,Clothing,41,New Jersey,M,Red,Winter,4.3,No,Standard,No,13,Cash,Bi-Weekly,26,0.5,574,0,0.4,High,-0.3475773665443914,0.8961146973088656,Medium,Bronze
1883,44,Male,Scarf,Accessories,54,Tennessee,L,Blue,Winter,5.0,No,Store Pickup,No,25,Bank Transfer,Quarterly,4,6.25,1404,0,0.4,High,-0.8257346606251817,3.4046572978834284,Low,Gold
1884,25,Male,Backpack,Accessories,58,Georgia,M,Cyan,Spring,4.9,No,Store Pickup,No,39,Debit Card,Fortnightly,26,1.5,2320,0,0.4,High,1.4520886357380545,2.0026015936510104,High,Platinum
1885,27,Male,Shorts,Clothing,30,Arizona,S,Pink,Summer,4.3,No,Next Day Air,No,15,Bank Transfer,Bi-Weekly,26,0.5769230769230769,480,0,0.4,High,-0.20914152021497245,0.9165506338936273,Medium,Bronze
1886,26,Male,Jewelry,Accessories,53,Nevada,S,Maroon,Winter,4.4,No,Standard,No,35,Cash,Monthly,12,2.9166666666666665,1908,0,0.4,High,0.34236179722456866,1.6782803251368414,Medium,Gold
1887,18,Male,Gloves,Accessories,91,Arkansas,L,Beige,Spring,4.4,No,Next Day Air,No,46,Cash,Bi-Weekly,26,1.7692307692307692,4277,0,0.4,High,1.9366140978910202,1.3734442710808104,High,Platinum
1888,64,Male,Hoodie,Clothing,44,North Dakota,XL,Gold,Fall,3.5,No,Express,No,3,PayPal,Monthly,12,0.25,176,0,0.4,Medium,-1.8726117440461338,-0.29139505757859663,Low,Bronze
1889,62,Male,Hoodie,Clothing,89,South Dakota,XL,Turquoise,Winter,3.4,No,Free Shipping,No,48,Credit Card,Weekly,52,0.9230769230769231,4361,0,0.4,Medium,3.6217809293790713,-0.25271723258530354,High,Platinum
1890,59,Male,Skirt,Clothing,57,North Carolina,L,Peach,Spring,2.5,No,Next Day Air,No,27,Bank Transfer,Weekly,52,0.5192307692307693,1596,0,0.4,Low,2.1682045429201726,-1.6212354807656628,High,Gold
1891,36,Male,Sunglasses,Accessories,57,Hawaii,M,Lavender,Spring,3.4,No,Store Pickup,No,5,Credit Card,Weekly,52,0.09615384615384616,342,0,0.4,Medium,0.6454102332965648,-0.47240355087149366,Medium,Bronze
1892,69,Male,Jewelry,Accessories,74,New Hampshire,M,Gray,Summer,2.6,No,Next Day Air,No,48,Debit Card,Quarterly,4,10.0,3626,0,0.4,Low,0.7662775721631356,1.0376303234296105,Medium,Platinum
1893,39,Male,Jacket,Outerwear,30,California,M,Blue,Fall,4.6,No,2-Day Shipping,No,12,Venmo,Weekly,52,0.23076923076923078,390,0,0.4,High,1.129935695449531,1.2449987796323185,High,Bronze
1894,28,Male,Dress,Clothing,20,Delaware,L,Red,Summer,3.7,No,Express,No,10,PayPal,Fortnightly,26,0.38461538461538464,220,0,0.4,Medium,-0.5552311360385197,0.02464107169148355,Low,Bronze
1895,42,Male,Hoodie,Clothing,90,Arizona,M,Purple,Fall,2.5,No,Free Shipping,No,48,Debit Card,Bi-Weekly,26,1.8461538461538463,4410,0,0.4,Low,2.0750499442204395,-1.2687155746785206,High,Platinum
1896,31,Male,Jeans,Clothing,61,Washington,L,Indigo,Fall,4.5,No,Express,No,3,Debit Card,Monthly,12,0.25,244,0,0.4,High,-1.8726117440461338,1.1099711436551365,Low,Bronze
1897,57,Male,Sandals,Footwear,51,Nevada,M,Gold,Fall,2.9,No,Standard,No,19,Venmo,Monthly,12,1.5833333333333333,1020,0,0.4,Low,-0.7651249734107826,-0.7779918775162975,Low,Silver
1898,53,Male,Sunglasses,Accessories,97,Alaska,L,Teal,Winter,2.9,No,Free Shipping,No,11,Debit Card,Fortnightly,26,0.4230769230769231,1164,0,0.4,Low,-0.4860132128738103,-1.0862339210031222,Low,Silver
1899,59,Male,Pants,Clothing,97,Texas,L,Magenta,Fall,3.5,No,Next Day Air,No,25,Venmo,Monthly,12,2.0833333333333335,2522,0,0.4,Medium,-0.34981743442252583,0.19566143102489464,Medium,Platinum
1900,32,Male,Shorts,Clothing,40,New York,L,Maroon,Winter,4.2,No,Store Pickup,No,42,PayPal,Weekly,52,0.8076923076923077,1720,0,0.4,High,3.2064733903908147,0.8377218235245402,High,Gold
1901,65,Male,Jewelry,Accessories,85,Iowa,S,Blue,Summer,3.3,No,Free Shipping,No,34,Cash,Quarterly,4,8.5,2975,0,0.4,Medium,-0.20277335214279668,1.6200859008903667,Medium,Platinum
1902,56,Male,Socks,Clothing,76,Arizona,S,Beige,Winter,3.9,No,Store Pickup,No,50,Cash,Quarterly,4,10.0,3876,0,0.4,Medium,0.9047134184925545,2.859406385033463,High,Platinum
1903,31,Male,Sandals,Footwear,22,New Mexico,S,Olive,Spring,5.0,No,Store Pickup,No,21,Venmo,Monthly,12,1.75,484,0,0.4,High,-0.6266891270813637,2.209155007674859,Low,Bronze
1904,59,Male,Pants,Clothing,63,North Carolina,M,Gold,Summer,3.3,No,Standard,No,37,Bank Transfer,Weekly,52,0.7115384615384616,2394,0,0.4,Medium,2.8603837745672673,-0.4490526783167721,High,Platinum
1905,22,Male,T-shirt,Clothing,71,Nevada,S,Silver,Spring,4.2,No,Free Shipping,No,46,Cash,Monthly,12,3.8333333333333335,3337,0,0.4,High,1.1037589520363724,1.6415353291918402,High,Platinum
1906,47,Male,Boots,Footwear,35,Idaho,M,Teal,Summer,4.9,No,2-Day Shipping,No,14,Bank Transfer,Fortnightly,26,0.5384615384615384,525,0,0.4,High,-0.2783594433796819,1.747152386341487,Medium,Bronze
1907,23,Male,Backpack,Accessories,30,Vermont,M,Green,Spring,4.6,No,2-Day Shipping,No,24,PayPal,Fortnightly,26,0.9230769230769231,750,0,0.4,High,0.41381978826741256,1.4289222088951754,Medium,Silver
1908,69,Male,Skirt,Clothing,74,New Mexico,L,Orange,Fall,4.8,No,Store Pickup,No,36,Credit Card,Quarterly,4,9.0,2738,0,0.4,High,-0.06433750581337783,3.854968790541918,Medium,Platinum
1909,18,Male,Scarf,Accessories,71,Georgia,XL,Charcoal,Winter,2.7,No,Next Day Air,No,19,Debit Card,Bi-Weekly,26,0.7307692307692307,1420,0,0.4,Low,0.06773017244386531,-1.2847634149108207,Medium,Gold
1910,50,Male,Sweater,Clothing,84,Kentucky,S,Black,Spring,4.3,No,Store Pickup,No,12,Credit Card,Monthly,12,1.0,1092,0,0.4,High,-1.2496504355637488,1.0289482851098177,Low,Silver
1911,29,Male,Sandals,Footwear,38,New York,S,Yellow,Fall,3.8,No,Express,No,13,Debit Card,Quarterly,4,3.25,532,0,0.4,Medium,-1.6563497386016952,0.9260163295972358,Low,Bronze
1912,65,Male,Jewelry,Accessories,81,Arizona,M,Gray,Spring,4.9,No,Express,No,32,Debit Card,Bi-Weekly,26,1.2307692307692308,2673,0,0.4,High,0.9675631735850881,1.931075815604344,High,Platinum
1913,29,Male,Sweater,Clothing,56,Colorado,S,Charcoal,Winter,3.4,No,2-Day Shipping,No,5,Credit Card,Bi-Weekly,26,0.19230769230769232,336,0,0.4,Medium,-0.9013207518620671,-0.4468586301405413,Low,Bronze
1914,49,Male,Skirt,Clothing,48,Kentucky,M,Peach,Winter,3.6,No,Express,No,29,Cash,Annually,1,10.0,1440,0,0.4,Medium,-0.72733192779234,2.4389965246633434,Low,Gold
1915,28,Male,Shorts,Clothing,97,Alaska,L,Green,Fall,3.4,No,Standard,No,40,Credit Card,Fortnightly,26,1.5384615384615385,3977,0,0.4,Medium,1.5213065589027637,-0.08922973990720884,High,Platinum
1916,51,Male,Backpack,Accessories,74,Alabama,M,Magenta,Fall,4.7,No,2-Day Shipping,No,44,Cash,Weekly,52,0.8461538461538461,3330,0,0.4,High,3.344909236720233,1.5486228924337877,High,Platinum
1917,26,Male,Hoodie,Clothing,50,Connecticut,S,Beige,Winter,3.0,No,Next Day Air,No,3,Debit Card,Bi-Weekly,26,0.11538461538461539,200,0,0.4,Low,-1.0397565981914858,-1.0278410472187964,Low,Bronze
1918,38,Male,Skirt,Clothing,71,Hawaii,L,Black,Winter,3.4,No,Free Shipping,No,35,PayPal,Bi-Weekly,26,1.3461538461538463,2556,0,0.4,Medium,1.1752169430792165,-0.14031958136911338,High,Platinum
1919,35,Male,Skirt,Clothing,33,Idaho,S,Purple,Summer,4.6,No,Standard,No,33,Debit Card,Monthly,12,2.75,1122,0,0.4,High,0.2039259508951497,1.9142757027832698,Medium,Silver
1920,34,Male,Backpack,Accessories,56,Virginia,M,Olive,Summer,3.1,No,Express,No,20,PayPal,Bi-Weekly,26,0.7692307692307693,1176,0,0.4,Medium,0.1369480956085748,-0.7139989661249471,Medium,Silver
1921,51,Male,Blouse,Clothing,84,Connecticut,M,Purple,Spring,2.8,No,Standard,No,40,Cash,Quarterly,4,10.0,3444,0,0.4,Low,0.21253418684546,1.3179035636763567,Medium,Platinum
1922,47,Male,Shirt,Clothing,36,Michigan,M,Green,Fall,3.5,No,Store Pickup,No,13,Venmo,Annually,1,10.0,504,0,0.4,Medium,-1.834818698427691,2.2988599045399702,Low,Bronze
1923,18,Male,Gloves,Accessories,63,Kentucky,S,Peach,Summer,4.6,No,Standard,No,9,PayPal,Monthly,12,0.75,630,0,0.4,High,-1.457304205057877,1.3829413515794613,Low,Bronze
1924,64,Male,Sandals,Footwear,36,Nebraska,XL,Blue,Summer,4.3,No,Standard,No,7,Cash,Annually,1,7.0,288,0,0.4,High,-2.2501262374159476,2.622951338721243,Low,Bronze
1925,30,Male,Jacket,Outerwear,63,Michigan,M,Gray,Fall,4.8,No,Free Shipping,No,42,PayPal,Quarterly,4,10.0,2709,0,0.4,High,0.35097003317487885,4.120635966143823,Medium,Platinum
1926,59,Male,Sneakers,Footwear,32,Utah,L,Black,Winter,2.9,No,Express,No,44,Credit Card,Fortnightly,26,1.6923076923076923,1440,0,0.4,Low,1.7981782515616014,-0.7490409673545515,High,Gold
1927,66,Male,Backpack,Accessories,93,New Mexico,M,Silver,Spring,3.0,No,Express,No,6,PayPal,Annually,1,6.0,651,0,0.4,Low,-2.3193441605806573,0.5355081015154863,Low,Bronze
1928,40,Male,Pants,Clothing,29,Florida,M,Pink,Summer,2.9,No,Standard,No,8,Cash,Quarterly,4,2.0,261,0,0.4,Low,-2.0024393544252423,-0.6672972210155041,Low,Bronze
1929,25,Male,Sunglasses,Accessories,92,Mississippi,S,Lavender,Summer,3.7,No,Standard,No,10,PayPal,Weekly,52,0.19230769230769232,1012,0,0.4,Medium,0.9914998491201121,-0.02644876977042121,High,Silver
1930,59,Male,Jeans,Clothing,33,Hawaii,L,Brown,Fall,4.7,No,Standard,No,46,Venmo,Quarterly,4,10.0,1551,0,0.4,High,0.6278417258337166,3.9804993460204496,Medium,Gold
1931,66,Male,Pants,Clothing,52,North Carolina,L,Turquoise,Spring,3.5,No,Store Pickup,No,26,Cash,Weekly,52,0.5,1404,0,0.4,Medium,2.0989866197554634,-0.22497826367812035,High,Gold
1932,54,Male,Jewelry,Accessories,42,Illinois,S,Olive,Spring,2.7,No,Store Pickup,No,6,Debit Card,Quarterly,4,1.5,294,0,0.4,Low,-2.140875200754661,-1.080404049063202,Low,Bronze
1933,42,Male,Hoodie,Clothing,36,Maryland,M,White,Spring,5.0,No,Free Shipping,No,47,Credit Card,Quarterly,4,10.0,1728,0,0.4,High,0.6970596489984262,4.400909206390569,Medium,Gold
1934,48,Male,Sandals,Footwear,67,Montana,L,Violet,Summer,4.1,No,Next Day Air,No,28,Venmo,Annually,1,10.0,1943,0,0.4,High,-0.7965498509570494,3.139679625280209,Low,Gold
1935,34,Male,Jacket,Outerwear,43,Michigan,L,Gold,Winter,2.7,No,Free Shipping,No,23,Bank Transfer,Annually,1,10.0,1032,0,0.4,Low,-1.1426394667805966,1.177766943552984,Low,Silver
1936,19,Male,Blouse,Clothing,68,North Carolina,XL,Violet,Spring,4.8,No,Free Shipping,No,45,Cash,Fortnightly,26,1.7307692307692308,3128,0,0.4,High,1.867396174726311,1.923772783281922,High,Platinum
1937,70,Male,Jewelry,Accessories,60,Minnesota,S,Teal,Summer,4.3,No,2-Day Shipping,No,44,PayPal,Quarterly,4,10.0,2700,0,0.4,High,0.4894058795042977,3.419952865526956,Medium,Platinum
1938,43,Male,Socks,Clothing,53,Delaware,M,Olive,Summer,4.5,No,2-Day Shipping,No,11,Bank Transfer,Monthly,12,0.9166666666666666,636,0,0.4,High,-1.3188683587284582,1.2870825940564057,Low,Bronze
1939,46,Male,Jeans,Clothing,23,Kentucky,L,Blue,Spring,3.8,No,Standard,No,39,Debit Card,Bi-Weekly,26,1.5,920,0,0.4,Medium,1.4520886357380545,0.4610987722939034,High,Silver
1940,66,Male,Gloves,Accessories,57,Ohio,L,Magenta,Winter,3.7,No,Store Pickup,No,20,PayPal,Quarterly,4,5.0,1197,0,0.4,Medium,-1.171824276448729,1.2507972667771954,Low,Silver
1941,50,Male,Hat,Accessories,89,Alaska,L,Gray,Fall,3.9,No,2-Day Shipping,No,48,PayPal,Fortnightly,26,1.8461538461538463,4361,0,0.4,Medium,2.0750499442204395,0.6931971070487052,High,Platinum
1942,55,Male,Shoes,Footwear,99,Vermont,XL,Peach,Winter,3.3,No,Standard,No,46,Credit Card,Quarterly,4,10.0,4653,0,0.4,Medium,0.6278417258337166,2.018586664293223,Medium,Platinum
1943,63,Male,Pants,Clothing,28,Alabama,M,Cyan,Fall,3.4,No,Express,No,22,PayPal,Monthly,12,1.8333333333333333,644,0,0.4,Medium,-0.5574712039166542,-0.010891982998954886,Low,Bronze
1944,32,Male,Socks,Clothing,53,Wisconsin,L,Violet,Summer,3.8,No,Next Day Air,No,45,Cash,Annually,1,10.0,2438,0,0.4,Medium,0.38015484284301115,2.7192697649100896,Medium,Platinum
1945,30,Male,Hoodie,Clothing,45,Arkansas,M,Gold,Winter,2.7,No,Free Shipping,No,49,Cash,Quarterly,4,10.0,2250,0,0.4,Low,0.8354954953278451,1.177766943552984,High,Gold
1946,35,Male,Hoodie,Clothing,38,Georgia,M,Gold,Winter,2.9,No,2-Day Shipping,No,9,Credit Card,Quarterly,4,2.25,380,0,0.4,Low,-1.933221431260533,-0.6008804271150279,Low,Bronze
1947,59,Male,Pants,Clothing,49,Louisiana,M,White,Summer,4.5,No,Standard,No,41,Credit Card,Quarterly,4,10.0,2058,0,0.4,High,0.2817521100101694,3.700226105773703,Medium,Gold
1948,59,Male,Shirt,Clothing,32,New York,M,Gray,Summer,2.6,No,Store Pickup,No,2,PayPal,Monthly,12,0.16666666666666666,96,0,0.4,Low,-1.9418296672108433,-1.574763569989115,Low,Bronze
1949,54,Male,T-shirt,Clothing,37,Connecticut,L,Brown,Winter,3.1,No,Next Day Air,No,39,PayPal,Bi-Weekly,26,1.5,1480,0,0.4,Medium,1.4520886357380545,-0.5198575685697093,High,Gold
1950,63,Male,Dress,Clothing,80,Nebraska,L,Gray,Winter,4.7,No,Store Pickup,No,12,PayPal,Quarterly,4,3.0,1040,0,0.4,High,-1.7255676617664046,2.12082911680712,Low,Silver
1951,43,Male,Backpack,Accessories,78,Arkansas,L,Blue,Summer,4.6,No,Free Shipping,No,26,PayPal,Quarterly,4,6.5,2106,0,0.4,High,-0.7565167374604723,2.9105276112904104,Low,Gold
1952,33,Male,Gloves,Accessories,53,Connecticut,L,Gold,Summer,2.7,No,Next Day Air,No,32,Bank Transfer,Bi-Weekly,26,1.2307692307692308,1749,0,0.4,Low,0.9675631735850881,-1.1519298271098686,High,Gold
1953,57,Male,Shoes,Footwear,82,Maryland,L,Yellow,Summer,4.6,No,2-Day Shipping,No,50,Cash,Bi-Weekly,26,1.9230769230769231,4182,0,0.4,High,2.2134857905498584,1.6945893844970796,High,Platinum
1954,25,Male,Skirt,Clothing,33,Colorado,XL,Green,Spring,4.8,No,Standard,No,3,PayPal,Fortnightly,26,0.11538461538461539,132,0,0.4,High,-1.0397565981914858,1.4946181150019227,Low,Bronze
1955,26,Male,Gloves,Accessories,77,Colorado,M,Pink,Winter,4.2,No,Free Shipping,No,3,Venmo,Quarterly,4,0.75,308,0,0.4,High,-2.3485289702487897,0.8223948710859689,Low,Bronze
1956,50,Male,Hoodie,Clothing,56,Maine,M,Pink,Winter,4.9,No,Express,No,37,Cash,Monthly,12,3.0833333333333335,2128,0,0.4,High,0.4807976435539875,2.4232412883540255,Medium,Gold
1957,70,Male,Socks,Clothing,37,Oklahoma,M,Pink,Winter,4.9,No,Express,No,20,Credit Card,Fortnightly,26,0.7692307692307693,777,0,0.4,High,0.1369480956085748,1.8084601960957727,Medium,Silver
1958,68,Male,Gloves,Accessories,54,South Carolina,M,Cyan,Spring,4.5,No,Store Pickup,No,26,Cash,Bi-Weekly,26,1.0,1458,0,0.4,High,0.5522556345968315,1.3092215253565644,Medium,Gold
1959,39,Male,Shorts,Clothing,67,Nevada,M,Gray,Winter,2.7,No,Store Pickup,No,47,Cash,Quarterly,4,10.0,3216,0,0.4,Low,0.6970596489984262,1.177766943552984,Medium,Platinum
1960,46,Male,Shoes,Footwear,90,Colorado,M,White,Fall,3.1,No,Store Pickup,No,7,Credit Card,Quarterly,4,1.75,720,0,0.4,Medium,-2.071657277589952,-0.45344077466923327,Low,Silver
1961,57,Male,Jeans,Clothing,72,Massachusetts,L,Red,Summer,3.3,No,2-Day Shipping,No,40,Credit Card,Annually,1,10.0,2952,0,0.4,Medium,0.03406522701946402,2.018586664293223,Medium,Platinum
1962,47,Male,Boots,Footwear,59,Nevada,L,Black,Summer,2.6,No,Free Shipping,No,45,Debit Card,Quarterly,4,10.0,2714,0,0.4,Low,0.5586238026690071,1.0376303234296105,Medium,Platinum
1963,40,Male,Hat,Accessories,45,Iowa,M,Silver,Fall,4.4,No,Standard,No,20,PayPal,Fortnightly,26,0.7692307692307693,945,0,0.4,High,0.1369480956085748,1.1077770954789061,Medium,Silver
1964,52,Male,Shorts,Clothing,30,Michigan,L,Pink,Spring,3.9,No,Standard,No,11,Credit Card,Weekly,52,0.21153846153846154,360,0,0.4,Medium,1.0607177722848216,0.2589334546225155,High,Bronze
1965,40,Male,Pants,Clothing,51,West Virginia,S,Cyan,Summer,4.6,No,Express,No,50,Debit Card,Monthly,12,4.166666666666667,2601,0,0.4,High,1.3806306446952104,2.2906375348859678,High,Platinum
1966,67,Male,Sweater,Clothing,90,Indiana,M,White,Fall,4.9,No,Express,No,25,Debit Card,Quarterly,4,6.25,2340,0,0.4,High,-0.8257346606251817,3.2645206777600553,Low,Platinum
1967,67,Male,Jacket,Outerwear,95,Indiana,XL,Purple,Winter,3.7,No,Express,No,5,Credit Card,Fortnightly,26,0.19230769230769232,570,0,0.4,Medium,-0.9013207518620671,-0.02644876977042121,Low,Bronze
1968,37,Male,Dress,Clothing,81,Georgia,L,Yellow,Fall,3.7,No,Standard,No,4,Venmo,Annually,1,4.0,405,0,0.4,Medium,-2.457780006910076,0.9851300911752913,Low,Bronze
1969,67,Male,Shirt,Clothing,70,Minnesota,S,Blue,Spring,4.2,No,Standard,No,25,Credit Card,Weekly,52,0.4807692307692308,1820,0,0.4,High,2.0297686965907538,0.7508690930393024,High,Gold
1970,64,Male,Dress,Clothing,32,Louisiana,S,Cyan,Winter,3.5,No,Next Day Air,No,11,Bank Transfer,Fortnightly,26,0.4230769230769231,384,0,0.4,Medium,-0.4860132128738103,-0.24541420026288252,Low,Bronze
1971,28,Male,Belt,Accessories,94,Maryland,M,Indigo,Spring,2.9,No,Next Day Air,No,4,Credit Card,Bi-Weekly,26,0.15384615384615385,470,0,0.4,Low,-0.9705386750267765,-1.1577596990497887,Low,Bronze
1972,54,Male,Hat,Accessories,29,Pennsylvania,XL,Indigo,Spring,3.4,No,Next Day Air,No,1,Venmo,Monthly,12,0.08333333333333333,58,0,0.4,Medium,-2.0110475903755525,-0.4758095403022873,Low,Bronze
1973,54,Male,Backpack,Accessories,31,Louisiana,M,Silver,Summer,3.3,No,Express,No,48,PayPal,Quarterly,4,10.0,1519,0,0.4,Medium,0.7662775721631356,2.018586664293223,Medium,Gold
1974,24,Male,Skirt,Clothing,20,Maryland,XL,Red,Fall,4.5,No,Standard,No,9,Venmo,Quarterly,4,2.25,200,0,0.4,High,-1.933221431260533,1.641305494858945,Low,Bronze
1975,27,Male,Gloves,Accessories,44,Tennessee,M,Peach,Winter,4.6,No,2-Day Shipping,No,2,PayPal,Fortnightly,26,0.07692307692307693,132,0,0.4,High,-1.1089745213561955,1.2041269064627949,Low,Bronze
1976,53,Male,Jacket,Outerwear,77,Illinois,L,Turquoise,Fall,2.9,No,Express,No,4,Cash,Quarterly,4,1.0,385,0,0.4,Low,-2.2793110470840805,-0.9329643966174084,Low,Bronze
1977,32,Male,Handbag,Accessories,51,Wyoming,M,Pink,Spring,3.2,No,Next Day Air,No,43,PayPal,Fortnightly,26,1.6538461538461537,2244,0,0.4,Medium,1.7289603283968922,-0.3388490752768121,High,Gold
1978,24,Male,Sandals,Footwear,49,Florida,M,Teal,Summer,2.6,No,Free Shipping,No,32,Bank Transfer,Annually,1,10.0,1617,0,0.4,Low,-0.5196781582982116,1.0376303234296105,Low,Gold
1979,45,Male,Sunglasses,Accessories,78,Massachusetts,L,Magenta,Spring,3.8,No,Store Pickup,No,1,Cash,Quarterly,4,0.25,156,0,0.4,Medium,-2.4869648165782086,0.1290148027915231,Low,Bronze
1980,49,Male,Jeans,Clothing,98,Tennessee,L,Blue,Spring,2.8,No,Store Pickup,No,38,Debit Card,Fortnightly,26,1.4615384615384615,3822,0,0.4,Low,1.3828707125733448,-0.9504853972322103,High,Platinum
1981,51,Male,Sandals,Footwear,94,Iowa,M,Green,Winter,4.4,No,Store Pickup,No,25,PayPal,Fortnightly,26,0.9615384615384616,2444,0,0.4,High,0.48303771143212204,1.1588669369408109,Medium,Platinum
1982,69,Male,Shoes,Footwear,91,Michigan,L,Violet,Summer,4.7,No,Express,No,42,PayPal,Quarterly,4,10.0,3913,0,0.4,High,0.35097003317487885,3.9804993460204496,Medium,Platinum
1983,41,Male,Sunglasses,Accessories,77,Kansas,M,Turquoise,Summer,2.7,No,2-Day Shipping,No,32,PayPal,Monthly,12,2.6666666666666665,2541,0,0.4,Low,0.13470802773044027,-0.7704590108609806,Medium,Platinum
1984,59,Male,Scarf,Accessories,97,Georgia,M,Pink,Summer,2.6,No,Next Day Air,No,21,Debit Card,Quarterly,4,5.25,2134,0,0.4,Low,-1.1026063532840196,-0.22428876067943482,Low,Gold
1985,26,Male,Skirt,Clothing,58,West Virginia,M,Black,Summer,3.4,No,2-Day Shipping,No,26,PayPal,Fortnightly,26,1.0,1566,0,0.4,Medium,0.5522556345968315,-0.23228129600054181,Medium,Gold
1986,23,Male,Gloves,Accessories,97,Tennessee,M,Gold,Spring,3.9,No,2-Day Shipping,No,6,Credit Card,Fortnightly,26,0.23076923076923078,679,0,0.4,Medium,-0.8321028286973574,0.26404243876870603,Low,Silver
1987,62,Male,Coat,Outerwear,48,Arkansas,L,Green,Summer,3.4,No,2-Day Shipping,No,14,Venmo,Quarterly,4,3.5,720,0,0.4,Medium,-1.5871318154369858,0.43188664300421886,Low,Silver
1988,69,Male,Belt,Accessories,23,Vermont,XL,White,Summer,3.4,No,Express,No,4,Cash,Quarterly,4,1.0,115,0,0.4,Medium,-2.2793110470840805,-0.23228129600054181,Low,Bronze
1989,46,Male,Pants,Clothing,79,Virginia,M,Gold,Winter,3.9,No,Free Shipping,No,26,Bank Transfer,Weekly,52,0.5,2133,0,0.4,Medium,2.0989866197554634,0.3355682168153725,High,Gold
1990,35,Male,Jewelry,Accessories,42,Maryland,S,Charcoal,Spring,4.0,No,Express,No,39,PayPal,Bi-Weekly,26,1.5,1680,0,0.4,Medium,1.4520886357380545,0.7413720125406502,High,Gold
1991,32,Male,Backpack,Accessories,95,Connecticut,L,White,Spring,3.4,No,2-Day Shipping,No,15,PayPal,Annually,1,10.0,1520,0,0.4,Medium,-1.6963828520982722,2.1587232844165967,Low,Gold
1992,46,Male,Sneakers,Footwear,29,Missouri,M,Brown,Summer,3.7,No,Next Day Air,No,1,Venmo,Quarterly,4,0.25,58,0,0.4,Medium,-2.4869648165782086,-0.011121817331849693,Low,Bronze
1993,33,Male,Hoodie,Clothing,98,New Jersey,L,Gold,Winter,4.9,No,2-Day Shipping,No,28,Venmo,Monthly,12,2.3333333333333335,2842,0,0.4,High,-0.1421636649283975,2.223990906652597,Medium,Platinum
1994,32,Male,Blouse,Clothing,96,Arkansas,S,Purple,Spring,5.0,No,Express,No,17,Cash,Weekly,52,0.3269230769230769,1728,0,0.4,High,1.4760253112730783,1.8310901808567646,High,Gold
1995,33,Male,Sunglasses,Accessories,66,Nevada,M,Brown,Fall,2.9,No,Next Day Air,No,24,Credit Card,Weekly,52,0.46153846153846156,1650,0,0.4,Low,1.9605507734260443,-1.0760159527107414,High,Gold
1996,67,Male,Boots,Footwear,80,Missouri,S,Teal,Spring,3.0,No,Standard,No,29,Debit Card,Quarterly,4,7.25,2400,0,0.4,Low,-0.5488629679663439,0.8675920710178667,Low,Platinum
1997,67,Male,Sneakers,Footwear,27,South Dakota,L,Indigo,Summer,3.3,No,Next Day Air,No,18,Cash,Quarterly,4,4.5,513,0,0.4,Medium,-1.310260122778148,0.5574171984827497,Low,Bronze
1998,42,Male,Backpack,Accessories,25,Connecticut,M,Purple,Fall,4.7,No,Express,No,10,Debit Card,Bi-Weekly,26,0.38461538461538464,275,0,0.4,High,-0.5552311360385197,1.4260072729252165,Low,Bronze
1999,20,Male,Pants,Clothing,45,Vermont,M,Orange,Fall,3.4,No,2-Day Shipping,No,19,Cash,Quarterly,4,4.75,900,0,0.4,Medium,-1.2410421996134384,0.7639706125065993,Low,Silver
2000,39,Male,Socks,Clothing,89,Tennessee,L,Indigo,Winter,4.6,No,2-Day Shipping,No,26,Debit Card,Monthly,12,2.1666666666666665,2403,0,0.4,High,-0.2805995112578164,1.7593031836821589,Medium,Platinum
2001,26,Male,Belt,Accessories,27,California,M,Lavender,Winter,3.6,No,2-Day Shipping,No,25,Cash,Bi-Weekly,26,0.9615384615384616,702,0,0.4,Medium,0.48303771143212204,0.037773975953824146,Medium,Silver
2002,51,Male,Sunglasses,Accessories,90,Wyoming,S,Purple,Winter,2.6,No,Free Shipping,No,2,Debit Card,Fortnightly,26,0.07692307692307693,270,0,0.4,Low,-1.1089745213561955,-1.5986054960046703,Low,Bronze
2003,31,Male,Shirt,Clothing,65,New York,M,Red,Summer,2.7,No,Express,No,19,PayPal,Quarterly,4,4.75,1300,0,0.4,Low,-1.2410421996134384,-0.21698572835701335,Low,Silver
2004,68,Male,Sneakers,Footwear,72,Maine,S,Blue,Spring,3.1,No,Express,No,32,Cash,Quarterly,4,8.0,2376,0,0.4,Medium,-0.34120919847221565,1.2069790728426684,Medium,Platinum
2005,44,Male,Shoes,Footwear,70,Georgia,L,Blue,Fall,3.2,No,2-Day Shipping,No,13,Cash,Bi-Weekly,26,0.5,980,0,0.4,Medium,-0.3475773665443914,-0.6453881240482402,Medium,Silver
2006,18,Male,Sandals,Footwear,82,Tennessee,M,Cyan,Winter,3.4,No,Store Pickup,No,30,PayPal,Fortnightly,26,1.1538461538461537,2542,0,0.4,Medium,0.8291273272556693,-0.19140942283101814,High,Platinum
2007,58,Male,Scarf,Accessories,97,New Mexico,S,Pink,Fall,4.4,No,Express,No,2,Credit Card,Annually,1,2.0,291,0,0.4,High,-2.596215853239495,1.434752080835096,Low,Bronze
2008,26,Male,Shirt,Clothing,25,Virginia,M,Silver,Summer,3.2,No,2-Day Shipping,No,8,PayPal,Quarterly,4,2.0,225,0,0.4,Medium,-2.0024393544252423,-0.24688736064538386,Low,Bronze
2009,57,Male,Skirt,Clothing,48,Florida,M,Gray,Spring,2.5,No,Free Shipping,No,27,PayPal,Quarterly,4,6.75,1344,0,0.4,Low,-0.6872988142957629,0.034075382600048165,Low,Gold
2010,37,Male,Boots,Footwear,99,Alabama,M,Indigo,Summer,3.8,No,Next Day Air,No,26,Venmo,Bi-Weekly,26,1.0,2673,0,0.4,Medium,0.5522556345968315,0.3282651844929513,Medium,Platinum
2011,24,Male,Sweater,Clothing,21,Texas,M,Maroon,Summer,4.4,No,2-Day Shipping,No,3,Debit Card,Bi-Weekly,26,0.11538461538461539,84,0,0.4,High,-1.0397565981914858,0.9340716345084303,Low,Bronze
2012,57,Male,Sandals,Footwear,94,West Virginia,M,Beige,Spring,3.7,No,Express,No,4,Bank Transfer,Monthly,12,0.3333333333333333,470,0,0.4,Medium,-1.8033938208814244,0.011017113968308956,Low,Bronze
2013,48,Male,Jeans,Clothing,53,Nevada,L,Green,Fall,3.2,No,Store Pickup,No,5,Cash,Fortnightly,26,0.19230769230769232,318,0,0.4,Medium,-0.9013207518620671,-0.7271318703872875,Low,Bronze
2014,39,Male,Backpack,Accessories,70,Virginia,M,Peach,Winter,4.9,No,Standard,No,25,Debit Card,Quarterly,4,6.25,1820,0,0.4,High,-0.8257346606251817,3.2645206777600553,Low,Gold
2015,51,Male,Skirt,Clothing,26,Wisconsin,L,Black,Summer,3.9,No,Standard,No,47,PayPal,Bi-Weekly,26,1.8076923076923077,1248,0,0.4,Medium,2.00583202105573,0.6829791387563242,High,Silver
2016,57,Male,Belt,Accessories,82,Virginia,S,Pink,Summer,4.5,No,Next Day Air,No,8,Credit Card,Fortnightly,26,0.3076923076923077,738,0,0.4,High,-0.6936669823679386,1.1252980960937076,Low,Silver
2017,53,Male,Shoes,Footwear,47,Maine,S,Violet,Winter,3.4,No,Standard,No,20,Debit Card,Fortnightly,26,0.7692307692307693,987,0,0.4,Medium,0.1369480956085748,-0.29358910575482744,Medium,Silver
2018,70,Male,Socks,Clothing,32,Massachusetts,S,Green,Winter,4.1,No,Next Day Air,No,42,Bank Transfer,Quarterly,4,10.0,1376,0,0.4,High,0.35097003317487885,3.139679625280209,Medium,Gold
2019,60,Male,Backpack,Accessories,97,Arkansas,S,Gold,Fall,4.5,No,Store Pickup,No,20,Bank Transfer,Weekly,52,0.38461538461538464,2037,0,0.4,High,1.6836790807672066,1.1457340326784697,High,Gold
2020,31,Male,Shirt,Clothing,68,Idaho,S,Red,Winter,4.7,No,Store Pickup,No,23,Cash,Fortnightly,26,0.8846153846153846,1632,0,0.4,High,0.34460186510270313,1.5588408607261686,Medium,Gold
2021,41,Male,Sweater,Clothing,23,Pennsylvania,M,Beige,Winter,4.8,No,Next Day Air,No,26,Cash,Quarterly,4,6.5,621,0,0.4,High,-0.7565167374604723,3.1908008515371575,Low,Bronze
2022,62,Male,Handbag,Accessories,33,Maine,M,Green,Winter,4.4,No,Standard,No,48,Venmo,Quarterly,4,10.0,1617,0,0.4,High,0.7662775721631356,3.5600894856503302,Medium,Gold
2023,59,Male,Jewelry,Accessories,38,Alabama,S,Black,Winter,4.0,No,Store Pickup,No,16,Cash,Bi-Weekly,26,0.6153846153846154,646,0,0.4,Medium,-0.13992359705026303,0.5063587418158888,Medium,Bronze
2024,46,Male,Socks,Clothing,68,Idaho,S,Teal,Winter,4.1,No,Store Pickup,No,28,Cash,Bi-Weekly,26,1.0769230769230769,1972,0,0.4,High,0.6906914809262503,0.7691109814478327,Medium,Gold
2025,62,Male,Socks,Clothing,23,Arkansas,L,Silver,Fall,3.7,No,Express,No,39,PayPal,Weekly,52,0.75,920,0,0.4,Medium,2.998819620896686,0.12171177046910242,High,Silver
2026,42,Male,Shirt,Clothing,29,Delaware,M,Turquoise,Summer,3.0,No,Express,No,43,Debit Card,Fortnightly,26,1.6538461538461537,1276,0,0.4,Low,1.7289603283968922,-0.6191223155235592,High,Silver
2027,37,Male,Scarf,Accessories,35,Maine,M,Orange,Winter,3.6,No,Express,No,45,Bank Transfer,Quarterly,4,10.0,1610,0,0.4,Medium,0.5586238026690071,2.4389965246633434,Medium,Gold
2028,50,Male,Shoes,Footwear,73,Nebraska,S,Gold,Fall,4.8,No,Standard,No,50,Credit Card,Quarterly,4,10.0,3723,0,0.4,High,0.9047134184925545,4.120635966143823,High,Platinum
2029,29,Male,Shoes,Footwear,84,Ohio,XL,Purple,Fall,3.7,No,2-Day Shipping,No,10,Venmo,Bi-Weekly,26,0.38461538461538464,924,0,0.4,Medium,-0.5552311360385197,0.02464107169148355,Low,Silver
2030,25,Male,Scarf,Accessories,23,Montana,M,Pink,Spring,4.6,No,Next Day Air,No,40,PayPal,Quarterly,4,10.0,943,0,0.4,High,0.21253418684546,3.8403627258970756,Medium,Silver
2031,66,Male,Sunglasses,Accessories,67,New Mexico,S,Green,Summer,2.8,No,Standard,No,38,Credit Card,Monthly,12,3.1666666666666665,2613,0,0.4,Low,0.550015566718697,-0.49748880293665576,Medium,Platinum
2032,21,Male,Socks,Clothing,51,North Carolina,L,Charcoal,Spring,4.0,No,Standard,No,2,Credit Card,Monthly,12,0.16666666666666666,153,0,0.4,Medium,-1.9418296672108433,0.3871491117381112,Low,Bronze
2033,46,Male,Blouse,Clothing,36,South Carolina,M,Maroon,Winter,4.2,No,Next Day Air,No,13,Cash,Annually,1,10.0,504,0,0.4,High,-1.834818698427691,3.279816245403583,Low,Bronze
2034,57,Male,Jeans,Clothing,55,Illinois,L,Olive,Summer,3.6,No,Express,No,33,Venmo,Annually,1,10.0,1870,0,0.4,Medium,-0.4504602351335022,2.4389965246633434,Medium,Gold
2035,61,Male,Shorts,Clothing,30,Alabama,M,Peach,Spring,2.9,No,Store Pickup,No,27,PayPal,Monthly,12,2.25,840,0,0.4,Low,-0.21138158809310695,-0.6008804271150279,Medium,Silver
2036,53,Male,T-shirt,Clothing,70,Oklahoma,S,Yellow,Summer,4.1,No,Express,No,43,Bank Transfer,Weekly,52,0.8269230769230769,3080,0,0.4,High,3.275691313555524,0.7026941875473565,High,Platinum
2037,37,Male,Blouse,Clothing,63,Minnesota,S,Lavender,Winter,3.1,No,Next Day Air,No,46,Cash,Weekly,52,0.8846153846153846,2961,0,0.4,Medium,3.4833450830496524,-0.6833450612478043,High,Platinum
2038,39,Male,Belt,Accessories,87,Illinois,S,Green,Summer,4.3,No,Express,No,7,Venmo,Bi-Weekly,26,0.2692307692307692,696,0,0.4,High,-0.762884905532648,0.83480688755458,Low,Silver
2039,53,Male,Blouse,Clothing,70,Arkansas,L,Orange,Spring,4.4,No,Next Day Air,No,35,Credit Card,Fortnightly,26,1.3461538461538463,2520,0,0.4,High,1.1752169430792165,1.2610466198646202,High,Platinum
2040,35,Male,T-shirt,Clothing,51,Minnesota,M,Olive,Spring,3.1,No,Next Day Air,No,31,Debit Card,Bi-Weekly,26,1.1923076923076923,1632,0,0.4,Medium,0.8983452504203787,-0.6016013149087567,High,Gold
2041,69,Male,Jewelry,Accessories,25,South Carolina,XL,Gray,Spring,2.9,No,Free Shipping,No,42,Venmo,Quarterly,4,10.0,1075,0,0.4,Low,0.35097003317487885,1.45804018379973,Medium,Silver
2042,66,Male,Jacket,Outerwear,32,New York,S,Lavender,Winter,3.2,No,Next Day Air,No,14,PayPal,Bi-Weekly,26,0.5384615384615384,480,0,0.4,Medium,-0.2783594433796819,-0.6351701557558593,Medium,Bronze
2043,19,Male,Shoes,Footwear,52,Alabama,M,Red,Spring,4.0,No,2-Day Shipping,No,35,Venmo,Monthly,12,2.9166666666666665,1872,0,0.4,Medium,0.34236179722456866,1.1177338446433478,Medium,Gold
2044,47,Male,Gloves,Accessories,33,New York,M,Charcoal,Summer,2.7,No,Standard,No,49,PayPal,Weekly,52,0.9423076923076923,1650,0,0.4,Low,3.690998852543781,-1.2285645893027257,High,Gold
2045,49,Male,Jeans,Clothing,68,Missouri,L,Orange,Spring,3.0,No,Free Shipping,No,17,PayPal,Fortnightly,26,0.6538461538461539,1224,0,0.4,Low,-0.0707056738855536,-0.8847894911254635,Medium,Silver
2046,31,Male,Jewelry,Accessories,20,Georgia,M,Red,Fall,4.4,No,Express,No,26,PayPal,Quarterly,4,6.5,540,0,0.4,High,-0.7565167374604723,2.630254371043665,Low,Bronze
2047,39,Male,Pants,Clothing,32,Oklahoma,M,Maroon,Winter,2.8,No,Free Shipping,No,30,Cash,Quarterly,4,7.5,992,0,0.4,Low,-0.4796450448016345,0.6537356246715961,Medium,Silver
2048,58,Male,Jewelry,Accessories,82,Connecticut,M,Silver,Summer,3.1,No,Store Pickup,No,32,Cash,Annually,1,10.0,2706,0,0.4,Medium,-0.5196781582982116,1.7383134240464768,Low,Platinum
2049,45,Male,Sneakers,Footwear,64,Michigan,XL,Pink,Winter,3.9,No,Express,No,35,Bank Transfer,Quarterly,4,8.75,2304,0,0.4,Medium,-0.13355542897808725,2.5273224155310823,Medium,Platinum
2050,68,Male,Boots,Footwear,24,Rhode Island,L,Blue,Fall,2.7,No,Standard,No,15,Venmo,Annually,1,10.0,384,0,0.4,Low,-1.6963828520982722,1.177766943552984,Low,Bronze
2051,35,Male,Hat,Accessories,96,Mississippi,M,Teal,Summer,3.4,No,Store Pickup,No,10,Debit Card,Annually,1,10.0,1056,0,0.4,Medium,-2.0424724679218196,2.1587232844165967,Low,Silver
2052,65,Male,T-shirt,Clothing,94,Massachusetts,L,Black,Spring,3.8,No,Free Shipping,No,14,Credit Card,Monthly,12,1.1666666666666667,1410,0,0.4,Medium,-1.1112145892343297,0.3725430470932687,Low,Gold
2053,45,Male,Backpack,Accessories,48,New Hampshire,M,Gray,Winter,3.7,No,2-Day Shipping,No,30,Bank Transfer,Annually,1,10.0,1488,0,0.4,Medium,-0.6581140046276305,2.5791331447867165,Low,Gold
2054,19,Male,Sunglasses,Accessories,60,Wyoming,S,Purple,Spring,4.5,No,2-Day Shipping,No,16,Credit Card,Fortnightly,26,0.6153846153846154,1020,0,0.4,High,-0.13992359705026303,1.2070418424327554,Medium,Silver
2055,65,Male,Sweater,Clothing,56,New Jersey,XL,Gold,Spring,2.9,No,Express,No,14,PayPal,Annually,1,10.0,840,0,0.4,Low,-1.7656007752629816,1.45804018379973,Low,Silver
2056,28,Male,Handbag,Accessories,33,Texas,M,Silver,Fall,3.4,No,2-Day Shipping,No,28,Bank Transfer,Weekly,52,0.5384615384615384,957,0,0.4,Medium,2.2374224660848823,-0.35489691550911306,High,Silver
2057,55,Male,Backpack,Accessories,46,Minnesota,L,Blue,Spring,4.4,No,2-Day Shipping,No,29,PayPal,Monthly,12,2.4166666666666665,1380,0,0.4,High,-0.07294574176368807,1.5454467373358893,Medium,Gold
2058,66,Male,Socks,Clothing,37,South Dakota,L,Yellow,Spring,4.2,No,Standard,No,5,PayPal,Quarterly,4,1.25,222,0,0.4,High,-2.210093123919371,0.955228458886921,Low,Bronze
2059,29,Male,Shirt,Clothing,98,Washington,M,Brown,Winter,3.3,No,Store Pickup,No,17,Bank Transfer,Quarterly,4,4.25,1764,0,0.4,Medium,-1.3794780459428573,0.4910004045822737,Low,Gold
2060,56,Male,Shorts,Clothing,50,California,XL,Beige,Spring,3.7,No,Express,No,50,PayPal,Weekly,52,0.9615384615384616,2550,0,0.4,Medium,3.76021677570849,0.1779105960771976,High,Platinum
2061,21,Male,Belt,Accessories,63,Wisconsin,M,Blue,Fall,3.2,No,Next Day Air,No,23,Bank Transfer,Quarterly,4,5.75,1512,0,0.4,Medium,-0.9641705069546007,0.7493645478617572,Low,Gold
2062,32,Male,Sweater,Clothing,70,Michigan,S,Magenta,Summer,2.6,No,Store Pickup,No,22,Debit Card,Annually,1,10.0,1610,0,0.4,Low,-1.211857389945306,1.0376303234296105,Low,Gold
2063,54,Male,Coat,Outerwear,63,South Carolina,L,Silver,Fall,2.8,No,Standard,No,15,Cash,Quarterly,4,3.75,1008,0,0.4,Low,-1.5179138922722761,-0.3425162838355449,Low,Silver
2064,61,Male,Shorts,Clothing,86,Indiana,M,Cyan,Fall,2.9,No,Standard,No,32,Cash,Monthly,12,2.6666666666666665,2838,0,0.4,Low,0.13470802773044027,-0.4901857706142345,Medium,Platinum
2065,31,Male,Shoes,Footwear,99,Arkansas,M,Green,Summer,4.0,No,2-Day Shipping,No,5,Bank Transfer,Monthly,12,0.4166666666666667,594,0,0.4,Medium,-1.734175897716715,0.45356590563858723,Low,Bronze
2066,27,Male,Sneakers,Footwear,40,Oregon,M,Blue,Spring,2.9,No,Free Shipping,No,6,Bank Transfer,Bi-Weekly,26,0.23076923076923078,280,0,0.4,Low,-0.8321028286973574,-1.137323762465027,Low,Bronze
2067,64,Male,Sneakers,Footwear,92,Illinois,M,Olive,Fall,4.7,No,Store Pickup,No,44,Debit Card,Fortnightly,26,1.6923076923076923,4140,0,0.4,High,1.7981782515616014,1.773418194866168,High,Platinum
2068,60,Male,Pants,Clothing,21,Maryland,XL,Beige,Fall,3.1,No,2-Day Shipping,No,23,Cash,Fortnightly,26,0.8846153846153846,504,0,0.4,Medium,0.34460186510270313,-0.6833450612478043,Medium,Bronze
2069,70,Male,Jewelry,Accessories,81,Vermont,XL,Black,Summer,3.9,No,Store Pickup,No,44,Venmo,Monthly,12,3.6666666666666665,3645,0,0.4,Medium,0.9653231057069536,1.1768476062214026,High,Platinum
2070,36,Male,T-shirt,Clothing,82,Texas,M,Indigo,Fall,3.4,No,Free Shipping,No,3,Debit Card,Quarterly,4,0.75,328,0,0.4,Medium,-2.3485289702487897,-0.29869808990101787,Low,Bronze
2071,56,Male,Jewelry,Accessories,88,Nebraska,XL,Red,Spring,3.1,No,Express,No,14,Cash,Monthly,12,1.1666666666666667,1320,0,0.4,Medium,-1.1112145892343297,-0.6084132937703441,Low,Silver
2072,69,Male,Jacket,Outerwear,100,South Carolina,S,Yellow,Fall,4.8,No,Store Pickup,No,37,PayPal,Quarterly,4,9.25,3800,0,0.4,High,0.004880417351331601,3.9213855844423944,Medium,Platinum
2073,39,Male,Backpack,Accessories,66,Massachusetts,M,Beige,Winter,3.9,No,Next Day Air,No,22,Bank Transfer,Weekly,52,0.4230769230769231,1518,0,0.4,Medium,1.8221149270966255,0.3151322802306106,High,Gold
2074,38,Male,Belt,Accessories,25,Texas,S,Green,Winter,3.5,No,Next Day Air,No,2,PayPal,Quarterly,4,0.5,75,0,0.4,Medium,-2.417746893413499,-0.22497826367812035,Low,Bronze
2075,36,Male,Scarf,Accessories,53,Florida,M,White,Summer,3.1,No,Free Shipping,No,44,Debit Card,Fortnightly,26,1.6923076923076923,2385,0,0.4,Medium,1.7981782515616014,-0.46876772710780457,High,Platinum
2076,46,Male,Sweater,Clothing,28,South Carolina,S,Turquoise,Fall,4.7,No,Express,No,49,Debit Card,Monthly,12,4.083333333333333,1400,0,0.4,High,1.311412721530501,2.4086352237091826,High,Gold
2077,59,Male,Gloves,Accessories,23,Florida,S,Indigo,Fall,4.6,No,Free Shipping,No,22,Debit Card,Bi-Weekly,26,0.8461538461538461,529,0,0.4,High,0.27538394193799365,1.4084862723104137,Medium,Bronze
2078,64,Male,Scarf,Accessories,34,Nebraska,L,Orange,Fall,3.3,No,Free Shipping,No,26,Bank Transfer,Annually,1,10.0,918,0,0.4,Medium,-0.9349856972864683,2.018586664293223,Low,Silver
2079,49,Male,Dress,Clothing,42,Hawaii,M,Blue,Spring,3.2,No,Next Day Air,No,40,Debit Card,Weekly,52,0.7692307692307693,1722,0,0.4,Medium,3.0680375440613954,-0.5738623460015737,High,Gold
2080,32,Male,Jeans,Clothing,24,Montana,L,Violet,Summer,3.1,No,Next Day Air,No,16,PayPal,Quarterly,4,4.0,408,0,0.4,Medium,-1.448695969107567,0.14431037043505135,Low,Bronze
2081,29,Male,Sunglasses,Accessories,47,South Dakota,S,Gray,Fall,3.5,No,Free Shipping,No,17,Debit Card,Bi-Weekly,26,0.6538461538461539,846,0,0.4,Medium,-0.0707056738855536,-0.1841063905085969,Medium,Silver
2082,24,Male,Coat,Outerwear,78,Alabama,S,Cyan,Spring,4.3,No,Standard,No,48,Bank Transfer,Bi-Weekly,26,1.8461538461538463,3822,0,0.4,High,2.0750499442204395,1.2537435875421983,High,Platinum
2083,41,Male,Jeans,Clothing,89,Arkansas,M,Yellow,Summer,2.9,No,Free Shipping,No,28,Venmo,Quarterly,4,7.0,2581,0,0.4,Low,-0.6180808911310534,0.6610386569940172,Low,Platinum
2084,41,Male,Scarf,Accessories,59,Mississippi,L,Orange,Fall,2.7,No,Store Pickup,No,26,Credit Card,Fortnightly,26,1.0,1593,0,0.4,Low,0.5522556345968315,-1.2132376368641542,Medium,Gold
2085,32,Male,Blouse,Clothing,94,Vermont,S,Brown,Summer,4.0,No,Standard,No,43,Bank Transfer,Quarterly,4,10.0,4136,0,0.4,Medium,0.4201879563395883,2.9995430051568364,Medium,Platinum
2086,69,Male,Jeans,Clothing,49,New York,M,Teal,Fall,4.6,No,Free Shipping,No,38,Debit Card,Weekly,52,0.7307692307692307,1911,0,0.4,High,2.9296016977319765,1.3778323674332706,High,Gold
2087,65,Male,Dress,Clothing,89,North Dakota,L,Beige,Summer,4.7,No,2-Day Shipping,No,36,Cash,Quarterly,4,9.0,3293,0,0.4,High,-0.06433750581337783,3.7148321704185454,Medium,Platinum
2088,54,Male,Hat,Accessories,91,Wisconsin,M,Blue,Summer,4.7,No,Standard,No,1,Credit Card,Weekly,52,0.019230769230769232,182,0,0.4,High,0.36853854063772706,1.3289365741475974,Medium,Bronze
2089,39,Male,Sandals,Footwear,89,California,L,Orange,Spring,4.0,No,Standard,No,49,Debit Card,Annually,1,10.0,4450,0,0.4,Medium,0.6570265355018491,2.9995430051568364,Medium,Platinum
2090,37,Male,Jacket,Outerwear,57,Maryland,L,Gold,Spring,3.6,No,Free Shipping,No,41,Credit Card,Quarterly,4,10.0,2394,0,0.4,Medium,0.2817521100101694,2.4389965246633434,Medium,Platinum
2091,51,Male,Socks,Clothing,71,Massachusetts,S,Teal,Winter,3.4,No,Free Shipping,No,21,Debit Card,Monthly,12,1.75,1562,0,0.4,Medium,-0.6266891270813637,-0.033030914299113645,Low,Gold
2092,26,Male,Jeans,Clothing,97,Washington,XL,Beige,Fall,3.0,No,Next Day Air,No,24,Bank Transfer,Quarterly,4,6.0,2425,0,0.4,Low,-0.8949525837898912,0.5355081015154863,Low,Platinum
2093,42,Male,Sandals,Footwear,45,Minnesota,M,Silver,Fall,2.6,No,Next Day Air,No,27,Bank Transfer,Weekly,52,0.5192307692307693,1260,0,0.4,Low,2.1682045429201726,-1.4810988606422897,High,Silver
2094,21,Male,Dress,Clothing,91,Washington,M,Maroon,Spring,4.2,No,Store Pickup,No,4,Debit Card,Annually,1,4.0,455,0,0.4,High,-2.457780006910076,1.6858131917921577,Low,Bronze
2095,53,Male,Socks,Clothing,25,South Carolina,M,Indigo,Spring,3.4,No,Standard,No,19,Venmo,Annually,1,10.0,500,0,0.4,Medium,-1.4195111594394345,2.1587232844165967,Low,Bronze
2096,36,Male,Hoodie,Clothing,63,New Mexico,M,Gray,Fall,4.0,No,Store Pickup,No,1,Bank Transfer,Fortnightly,26,0.038461538461538464,126,0,0.4,Medium,-1.1781924445209047,0.35308921743017474,Low,Bronze
2097,21,Male,Dress,Clothing,52,North Carolina,L,Blue,Summer,4.7,No,Free Shipping,No,27,Debit Card,Annually,1,10.0,1456,0,0.4,High,-0.8657677741217589,3.9804993460204496,Low,Gold
2098,33,Male,Sneakers,Footwear,43,Iowa,S,Cyan,Winter,3.9,No,Next Day Air,No,5,Credit Card,Weekly,52,0.09615384615384616,258,0,0.4,Medium,0.6454102332965648,0.22827954974537268,Medium,Bronze
2099,49,Male,T-shirt,Clothing,28,Louisiana,M,White,Summer,3.3,No,2-Day Shipping,No,20,Venmo,Quarterly,4,5.0,588,0,0.4,Medium,-1.171824276448729,0.6902507862837018,Low,Bronze
2100,31,Male,T-shirt,Clothing,78,Oklahoma,L,Green,Summer,2.9,No,Express,No,50,PayPal,Annually,1,10.0,3978,0,0.4,Low,0.7262444586665585,1.45804018379973,Medium,Platinum
2101,68,Male,Sweater,Clothing,31,Michigan,M,Silver,Spring,4.4,No,Free Shipping,No,36,Cash,Fortnightly,26,1.3846153846153846,1147,0,0.4,High,1.244434866243926,1.271264588157001,High,Silver
2102,49,Male,Shirt,Clothing,23,Oregon,M,Blue,Winter,3.6,No,Next Day Air,No,12,Bank Transfer,Bi-Weekly,26,0.46153846153846156,299,0,0.4,Medium,-0.41679528970910085,-0.09505961184712786,Medium,Bronze
2103,23,Male,Hat,Accessories,25,Idaho,M,Brown,Spring,4.5,No,Store Pickup,No,23,Cash,Monthly,12,1.9166666666666667,600,0,0.4,High,-0.48825328075194474,1.5527497696583101,Low,Bronze
2104,30,Male,Pants,Clothing,86,Indiana,S,Red,Summer,3.7,No,Store Pickup,No,21,Venmo,Weekly,52,0.40384615384615385,1892,0,0.4,Medium,1.752897003931916,0.029750055837673983,High,Gold
2105,53,Male,Shoes,Footwear,88,New Mexico,M,Gold,Spring,2.8,No,Free Shipping,No,47,Venmo,Weekly,52,0.9038461538461539,4224,0,0.4,Low,3.5525630062143616,-1.098645937471734,High,Platinum
2106,65,Male,Gloves,Accessories,35,South Carolina,M,Silver,Spring,4.5,No,Free Shipping,No,38,Venmo,Bi-Weekly,26,1.4615384615384615,1365,0,0.4,High,1.3828707125733448,1.4318371448651357,High,Gold
2107,60,Male,Jewelry,Accessories,34,Vermont,M,Gray,Fall,4.4,No,Standard,No,40,Credit Card,Quarterly,4,10.0,1394,0,0.4,High,0.21253418684546,3.5600894856503302,Medium,Gold
2108,46,Male,Pants,Clothing,75,Delaware,M,Black,Winter,3.3,No,Standard,No,35,PayPal,Quarterly,4,8.75,2700,0,0.4,Medium,-0.13355542897808725,1.6865026947908426,Medium,Platinum
2109,54,Male,Hoodie,Clothing,46,North Dakota,XL,Beige,Winter,4.2,No,Express,No,4,Credit Card,Quarterly,4,1.0,230,0,0.4,High,-2.2793110470840805,0.8888116649864449,Low,Bronze
2110,59,Male,Jewelry,Accessories,31,California,L,Peach,Fall,2.7,No,Free Shipping,No,28,Venmo,Quarterly,4,7.0,899,0,0.4,Low,-0.6180808911310534,0.38076541674727116,Low,Silver
2111,52,Male,Socks,Clothing,93,Montana,L,Cyan,Spring,3.9,No,Store Pickup,No,36,Debit Card,Quarterly,4,9.0,3441,0,0.4,Medium,-0.06433750581337783,2.5937392094315586,Medium,Platinum
2112,41,Male,Sunglasses,Accessories,85,Missouri,XL,Pink,Spring,2.6,No,Free Shipping,No,15,Bank Transfer,Annually,1,10.0,1360,0,0.4,Low,-1.6963828520982722,1.0376303234296105,Low,Gold
2113,43,Male,Belt,Accessories,68,Tennessee,M,Lavender,Fall,4.5,No,2-Day Shipping,No,7,Cash,Fortnightly,26,0.2692307692307692,544,0,0.4,High,-0.762884905532648,1.1150801278013267,Low,Bronze
2114,63,Male,Dress,Clothing,40,Virginia,M,Brown,Spring,2.7,No,Store Pickup,No,29,PayPal,Quarterly,4,7.25,1200,0,0.4,Low,-0.5488629679663439,0.4471822106477473,Low,Silver
2115,37,Male,Shirt,Clothing,51,Vermont,M,Magenta,Winter,2.9,No,Standard,No,12,Debit Card,Annually,1,10.0,663,0,0.4,Low,-1.9040366215924007,1.45804018379973,Low,Bronze
2116,44,Male,Scarf,Accessories,85,Rhode Island,M,Violet,Winter,3.4,No,Store Pickup,No,16,Bank Transfer,Bi-Weekly,26,0.6153846153846154,1445,0,0.4,Medium,-0.13992359705026303,-0.3344609789243511,Medium,Gold
2117,67,Male,Jacket,Outerwear,23,Kansas,M,Teal,Summer,2.9,No,Express,No,50,Debit Card,Bi-Weekly,26,1.9230769230769231,1173,0,0.4,Low,2.2134857905498584,-0.6877331576002659,High,Silver
2118,27,Male,Dress,Clothing,28,Colorado,L,Brown,Summer,3.8,No,Free Shipping,No,11,Debit Card,Annually,1,10.0,336,0,0.4,Medium,-1.97325454475711,2.7192697649100896,Low,Bronze
2119,60,Male,Socks,Clothing,44,Georgia,M,Olive,Fall,4.2,No,2-Day Shipping,No,28,Debit Card,Quarterly,4,7.0,1276,0,0.4,High,-0.6180808911310534,2.4828147185978704,Low,Silver
2120,58,Male,Jewelry,Accessories,57,Nebraska,M,Indigo,Spring,3.5,No,Store Pickup,No,36,Venmo,Bi-Weekly,26,1.3846153846153846,2109,0,0.4,Medium,1.244434866243926,0.010035007046640954,High,Gold
2121,53,Male,Scarf,Accessories,98,Missouri,S,Red,Fall,3.1,No,Next Day Air,No,38,PayPal,Quarterly,4,9.5,3822,0,0.4,Medium,0.07409834051604103,1.6054798362455247,Medium,Platinum
2122,43,Male,Backpack,Accessories,68,Alaska,M,Olive,Winter,3.5,No,2-Day Shipping,No,32,Bank Transfer,Monthly,12,2.6666666666666665,2244,0,0.4,Medium,0.13470802773044027,0.3506339501260054,Medium,Gold
2123,32,Male,Jacket,Outerwear,36,Virginia,L,Teal,Fall,4.0,No,Express,No,42,Debit Card,Weekly,52,0.8076923076923077,1548,0,0.4,Medium,3.2064733903908147,0.5574485832777933,High,Gold
2124,54,Male,Coat,Outerwear,71,Nebraska,L,Cyan,Spring,3.7,No,Express,No,22,Debit Card,Bi-Weekly,26,0.8461538461538461,1633,0,0.4,Medium,0.27538394193799365,0.1472566912000548,Medium,Gold
2125,47,Male,Skirt,Clothing,60,Rhode Island,M,Teal,Fall,4.2,No,Next Day Air,No,22,Venmo,Quarterly,4,5.5,1380,0,0.4,High,-1.0333884301193101,2.084313955195014,Low,Gold
2126,57,Male,Coat,Outerwear,87,New Hampshire,M,Beige,Fall,4.8,No,Store Pickup,No,31,PayPal,Quarterly,4,7.75,2784,0,0.4,High,-0.4104271216369251,3.522884821039538,Medium,Platinum
2127,63,Male,Shoes,Footwear,38,Alabama,XL,Magenta,Winter,4.1,No,Express,No,28,Credit Card,Monthly,12,2.3333333333333335,1102,0,0.4,High,-0.1421636649283975,1.1028979456656098,Medium,Silver
2128,70,Male,Boots,Footwear,45,North Carolina,M,Indigo,Spring,4.5,No,2-Day Shipping,No,40,Debit Card,Weekly,52,0.7692307692307693,1845,0,0.4,High,3.0680375440613954,1.2479137156022788,High,Gold
2129,62,Male,Coat,Outerwear,47,New Mexico,L,Cyan,Fall,2.7,No,2-Day Shipping,No,21,PayPal,Weekly,52,0.40384615384615385,1034,0,0.4,Low,1.752897003931916,-1.3716161453960587,High,Silver
2130,40,Male,Skirt,Clothing,57,Minnesota,L,Orange,Fall,2.8,No,Store Pickup,No,12,PayPal,Quarterly,4,3.0,741,0,0.4,Low,-1.7255676617664046,-0.5417666655369731,Low,Silver
2131,25,Male,Backpack,Accessories,68,Arizona,L,Violet,Summer,3.7,No,Free Shipping,No,33,Credit Card,Annually,1,10.0,2312,0,0.4,Medium,-0.4504602351335022,2.5791331447867165,Medium,Platinum
2132,19,Male,Shorts,Clothing,52,Montana,M,Red,Fall,3.6,No,Express,No,9,Bank Transfer,Fortnightly,26,0.34615384615384615,520,0,0.4,Medium,-0.6244490592032291,-0.12571351672427067,Low,Bronze
2133,25,Male,Skirt,Clothing,87,Vermont,M,Magenta,Fall,4.7,No,2-Day Shipping,No,15,Debit Card,Weekly,52,0.28846153846153844,1392,0,0.4,High,1.3375894649436595,1.400462352194264,High,Gold
2134,21,Male,Hat,Accessories,34,Maine,M,Olive,Summer,3.8,No,Standard,No,13,Bank Transfer,Annually,1,10.0,476,0,0.4,Medium,-1.834818698427691,2.7192697649100896,Low,Bronze
2135,55,Male,Sandals,Footwear,41,Virginia,XL,Maroon,Winter,2.9,No,Standard,No,35,Credit Card,Fortnightly,26,1.3461538461538463,1476,0,0.4,Low,1.1752169430792165,-0.8410026819859797,High,Gold
2136,34,Male,Sunglasses,Accessories,94,California,S,Yellow,Winter,4.6,No,Next Day Air,No,1,Debit Card,Quarterly,4,0.25,188,0,0.4,High,-2.4869648165782086,1.2501077637785092,Low,Bronze
2137,47,Male,Sunglasses,Accessories,93,New York,M,Red,Summer,2.8,No,Standard,No,25,Bank Transfer,Fortnightly,26,0.9615384615384616,2418,0,0.4,Low,0.48303771143212204,-1.0833189850331624,Medium,Platinum
2138,27,Male,Socks,Clothing,51,Indiana,XL,Purple,Winter,4.6,No,2-Day Shipping,No,20,Credit Card,Quarterly,4,5.0,1071,0,0.4,High,-1.171824276448729,2.5120268478875545,Low,Silver
2139,67,Male,Sweater,Clothing,42,Mississippi,M,Teal,Fall,2.8,No,Next Day Air,No,36,Venmo,Quarterly,4,9.0,1554,0,0.4,Low,-0.06433750581337783,1.0522363880744523,Medium,Gold
2140,40,Male,Boots,Footwear,95,New York,M,Red,Winter,3.0,No,Free Shipping,No,33,Cash,Weekly,52,0.6346153846153846,3230,0,0.4,Low,2.583512081908429,-0.8898984752716537,High,Platinum
2141,53,Male,Handbag,Accessories,90,New Mexico,M,Brown,Fall,3.7,No,Standard,No,36,Cash,Fortnightly,26,1.3846153846153846,3330,0,0.4,Medium,1.244434866243926,0.2903082472933878,High,Platinum
2142,24,Male,Dress,Clothing,98,Kentucky,M,Peach,Winter,4.1,No,2-Day Shipping,No,32,PayPal,Annually,1,10.0,3234,0,0.4,High,-0.5196781582982116,3.139679625280209,Low,Platinum
2143,47,Male,Hat,Accessories,39,North Dakota,M,Maroon,Winter,4.3,No,Next Day Air,No,21,Venmo,Quarterly,4,5.25,858,0,0.4,High,-1.1026063532840196,2.158033781417911,Low,Silver
2144,53,Male,Sandals,Footwear,66,Arkansas,L,Red,Fall,3.8,No,Next Day Air,No,48,Venmo,Bi-Weekly,26,1.8461538461538463,3234,0,0.4,Medium,2.0750499442204395,0.5530604869253318,High,Platinum
2145,47,Male,Shoes,Footwear,23,Maryland,L,Orange,Winter,3.7,No,Free Shipping,No,25,PayPal,Quarterly,4,6.25,598,0,0.4,Medium,-0.8257346606251817,1.5828812362795759,Low,Bronze
2146,38,Male,Skirt,Clothing,73,Connecticut,S,White,Winter,4.8,No,Standard,No,32,PayPal,Annually,1,10.0,2409,0,0.4,High,-0.5196781582982116,4.120635966143823,Low,Platinum
2147,48,Male,Sunglasses,Accessories,23,Utah,XL,White,Summer,4.6,No,Standard,No,45,PayPal,Quarterly,4,10.0,1058,0,0.4,High,0.5586238026690071,3.8403627258970756,Medium,Silver
2148,47,Male,Skirt,Clothing,43,Missouri,S,Charcoal,Fall,4.8,No,Standard,No,4,Cash,Fortnightly,26,0.15384615384615385,215,0,0.4,High,-0.9705386750267765,1.5048360832943035,Low,Bronze
2149,19,Male,T-shirt,Clothing,45,Nebraska,XL,Turquoise,Winter,4.6,No,2-Day Shipping,No,19,PayPal,Bi-Weekly,26,0.7307692307692307,900,0,0.4,High,0.06773017244386531,1.3778323674332706,Medium,Silver
2150,38,Male,Sandals,Footwear,21,Hawaii,L,Orange,Winter,4.0,No,Standard,No,1,Bank Transfer,Weekly,52,0.019230769230769232,42,0,0.4,Medium,0.36853854063772706,0.3479802332839841,Medium,Bronze
2151,57,Male,Shirt,Clothing,40,Illinois,M,Orange,Spring,2.6,No,2-Day Shipping,No,12,Cash,Weekly,52,0.23076923076923078,520,0,0.4,Low,1.129935695449531,-1.5577336228351464,High,Bronze
2152,70,Male,Jeans,Clothing,58,Vermont,L,Brown,Fall,2.6,No,2-Day Shipping,No,18,Venmo,Monthly,12,1.5,1102,0,0.4,Low,-0.834342896575492,-1.2205406691865757,Low,Silver
2153,38,Male,Shorts,Clothing,48,New Jersey,L,Magenta,Summer,4.5,No,Next Day Air,No,43,Bank Transfer,Bi-Weekly,26,1.6538461538461537,2112,0,0.4,High,1.7289603283968922,1.4829269863270405,High,Gold
2154,35,Male,Shirt,Clothing,94,Kentucky,M,Violet,Fall,4.2,No,Free Shipping,No,31,PayPal,Annually,1,10.0,3008,0,0.4,High,-0.588896081462921,3.279816245403583,Low,Platinum
2155,46,Male,Scarf,Accessories,74,Wyoming,M,Violet,Spring,3.4,No,Store Pickup,No,33,Cash,Quarterly,4,8.25,2516,0,0.4,Medium,-0.2719912753075062,1.693805727113264,Medium,Platinum
2156,32,Male,Handbag,Accessories,51,Hawaii,L,Yellow,Fall,3.7,No,Store Pickup,No,46,PayPal,Monthly,12,3.8333333333333335,2397,0,0.4,Medium,1.1037589520363724,0.9408522285749739,High,Platinum
2157,38,Male,Skirt,Clothing,83,Missouri,M,Maroon,Winter,3.6,No,Next Day Air,No,41,Debit Card,Bi-Weekly,26,1.5769230769230769,3486,0,0.4,Medium,1.5905244820674733,0.20126146863191896,High,Platinum
2158,41,Male,Handbag,Accessories,68,Mississippi,L,Turquoise,Winter,4.0,No,Next Day Air,No,41,Venmo,Fortnightly,26,1.5769230769230769,2856,0,0.4,Medium,1.5905244820674733,0.7618079491254119,High,Platinum
2159,19,Male,Gloves,Accessories,84,Massachusetts,XL,Olive,Spring,4.6,No,Standard,No,9,Bank Transfer,Fortnightly,26,0.34615384615384615,840,0,0.4,High,-0.6244490592032291,1.2756526845094616,Low,Silver
2160,18,Male,Shirt,Clothing,58,Louisiana,M,Peach,Fall,3.0,No,Free Shipping,No,34,Cash,Annually,1,10.0,2030,0,0.4,Low,-0.38124231196879266,1.5981768039231035,Medium,Gold
2161,45,Male,Blouse,Clothing,92,West Virginia,L,Charcoal,Winter,3.3,No,Express,No,21,PayPal,Annually,1,10.0,2024,0,0.4,Medium,-1.2810753131100157,2.018586664293223,Low,Gold
2162,23,Male,Dress,Clothing,69,Washington,S,Peach,Summer,3.8,No,Express,No,5,Debit Card,Fortnightly,26,0.19230769230769232,414,0,0.4,Medium,-0.9013207518620671,0.1136878503529517,Low,Bronze
2163,60,Male,Shorts,Clothing,48,Oregon,S,Black,Summer,2.7,No,Free Shipping,No,32,PayPal,Weekly,52,0.6153846153846154,1584,0,0.4,Low,2.51429415874372,-1.3154173197879637,High,Gold
2164,52,Male,Shoes,Footwear,60,New York,L,Gray,Spring,4.5,No,Express,No,44,Bank Transfer,Monthly,12,3.6666666666666665,2700,0,0.4,High,0.9653231057069536,2.0176673269616425,High,Platinum
2165,42,Male,Sandals,Footwear,20,Iowa,S,Olive,Winter,4.8,No,Next Day Air,No,46,PayPal,Bi-Weekly,26,1.7692307692307692,940,0,0.4,High,1.9366140978910202,1.933990751574303,High,Silver
2166,29,Male,Pants,Clothing,55,Idaho,M,Turquoise,Summer,4.2,No,Express,No,42,Credit Card,Quarterly,4,10.0,2365,0,0.4,High,0.35097003317487885,3.279816245403583,Medium,Platinum
2167,31,Male,Jacket,Outerwear,88,New Jersey,S,Purple,Spring,3.5,No,Express,No,50,Credit Card,Bi-Weekly,26,1.9230769230769231,4488,0,0.4,Medium,2.2134857905498584,0.15308656313997404,High,Platinum
2168,30,Male,Skirt,Clothing,48,Ohio,L,Green,Winter,4.9,No,Standard,No,33,Venmo,Fortnightly,26,1.2692307692307692,1632,0,0.4,High,1.0367810967497975,1.9412937838967248,High,Gold
2169,23,Male,Handbag,Accessories,74,Connecticut,M,Beige,Spring,4.1,No,Next Day Air,No,32,Cash,Quarterly,4,8.0,2442,0,0.4,High,-0.34120919847221565,2.6083452740764006,Medium,Platinum
2170,31,Male,Coat,Outerwear,42,Florida,M,Brown,Fall,2.9,No,Next Day Air,No,32,Bank Transfer,Bi-Weekly,26,1.2307692307692308,1386,0,0.4,Low,0.9675631735850881,-0.8716565868631228,High,Gold
2171,40,Male,Sweater,Clothing,32,South Carolina,M,Turquoise,Fall,4.0,No,Next Day Air,No,37,Venmo,Quarterly,4,9.25,1216,0,0.4,Medium,0.004880417351331601,2.800292623455408,Medium,Silver
2172,39,Male,Shorts,Clothing,98,Missouri,M,Yellow,Summer,4.6,No,Store Pickup,No,9,Cash,Fortnightly,26,0.34615384615384615,980,0,0.4,High,-0.6244490592032291,1.2756526845094616,Low,Silver
2173,28,Male,Skirt,Clothing,89,Rhode Island,S,Lavender,Fall,2.8,No,Store Pickup,No,6,PayPal,Fortnightly,26,0.23076923076923078,623,0,0.4,Low,-0.8321028286973574,-1.2774603825884001,Low,Bronze
2174,23,Male,Gloves,Accessories,97,Delaware,S,Cyan,Summer,5.0,No,2-Day Shipping,No,36,Venmo,Quarterly,4,9.0,3589,0,0.4,High,-0.06433750581337783,4.135242030788665,Medium,Platinum
2175,42,Male,Backpack,Accessories,49,Colorado,S,Olive,Spring,2.9,No,Store Pickup,No,1,Cash,Annually,1,1.0,98,0,0.4,Low,-2.6654337764042046,-0.9329643966174084,Low,Bronze
2176,68,Male,Dress,Clothing,50,Nebraska,M,Silver,Spring,3.3,No,Free Shipping,No,48,Credit Card,Fortnightly,26,1.8461538461538463,2450,0,0.4,Medium,2.0750499442204395,-0.14762261369153462,High,Platinum
2177,24,Male,Belt,Accessories,91,Vermont,S,Red,Winter,3.4,No,2-Day Shipping,No,44,Debit Card,Quarterly,4,10.0,4095,0,0.4,Medium,0.4894058795042977,2.1587232844165967,Medium,Platinum
2178,24,Male,Gloves,Accessories,93,Montana,XL,Green,Winter,3.0,No,Express,No,9,PayPal,Bi-Weekly,26,0.34615384615384615,930,0,0.4,Low,-0.6244490592032291,-0.9665332374645108,Low,Silver
2179,21,Male,Jewelry,Accessories,98,Florida,M,Gold,Summer,4.7,No,Standard,No,32,Venmo,Annually,1,10.0,3234,0,0.4,High,-0.5196781582982116,3.9804993460204496,Low,Platinum
2180,49,Male,Socks,Clothing,82,Delaware,L,Lavender,Fall,2.9,No,Next Day Air,No,14,PayPal,Monthly,12,1.1666666666666667,1230,0,0.4,Low,-1.1112145892343297,-0.8886865340170909,Low,Silver
2181,41,Male,Coat,Outerwear,37,Connecticut,M,Yellow,Summer,4.1,No,Store Pickup,No,43,Cash,Quarterly,4,10.0,1628,0,0.4,High,0.4201879563395883,3.139679625280209,Medium,Gold
2182,22,Male,Handbag,Accessories,63,Hawaii,M,Black,Fall,3.2,No,Free Shipping,No,32,Bank Transfer,Bi-Weekly,26,1.2307692307692308,2079,0,0.4,Medium,0.9675631735850881,-0.45124672649300246,High,Gold
2183,42,Male,Blouse,Clothing,99,New Mexico,M,Maroon,Winter,2.7,No,Store Pickup,No,26,Venmo,Bi-Weekly,26,1.0,2673,0,0.4,Low,0.5522556345968315,-1.2132376368641542,Medium,Platinum
2184,30,Male,Shorts,Clothing,37,Kansas,M,Maroon,Spring,4.7,No,Store Pickup,No,2,Cash,Monthly,12,0.16666666666666666,111,0,0.4,High,-1.9418296672108433,1.3681054526017244,Low,Bronze
2185,38,Male,Shoes,Footwear,34,Nevada,S,Gold,Spring,3.2,No,Free Shipping,No,16,PayPal,Quarterly,4,4.0,578,0,0.4,Medium,-1.448695969107567,0.2844469905584248,Low,Bronze
2186,40,Male,Shorts,Clothing,32,North Carolina,M,Violet,Winter,2.5,No,Express,No,50,Debit Card,Quarterly,4,10.0,1632,0,0.4,Low,0.9047134184925545,0.8974937033062371,High,Gold
2187,55,Male,Sandals,Footwear,23,New Mexico,XL,Teal,Winter,4.3,No,Next Day Air,No,6,PayPal,Quarterly,4,1.5,161,0,0.4,High,-2.140875200754661,1.1617818729107698,Low,Bronze
2188,37,Male,Blouse,Clothing,78,Idaho,M,Violet,Spring,4.4,No,Free Shipping,No,20,PayPal,Annually,1,10.0,1638,0,0.4,High,-1.3502932362747249,3.5600894856503302,Low,Gold
2189,41,Male,Coat,Outerwear,54,California,M,Brown,Winter,4.7,No,Next Day Air,No,9,Credit Card,Weekly,52,0.17307692307692307,540,0,0.4,High,0.9222819259554027,1.369808447317121,High,Bronze
2190,38,Male,Blouse,Clothing,94,Wisconsin,XL,Brown,Fall,4.0,No,Express,No,47,Credit Card,Bi-Weekly,26,1.8076923076923077,4512,0,0.4,Medium,2.00583202105573,0.8231157588796976,High,Platinum
2191,42,Male,Belt,Accessories,75,Alaska,S,Maroon,Spring,4.6,No,Express,No,33,Credit Card,Annually,1,10.0,2550,0,0.4,High,-0.4504602351335022,3.8403627258970756,Medium,Platinum
2192,26,Male,Blouse,Clothing,69,Pennsylvania,S,Maroon,Summer,3.8,No,Next Day Air,No,46,Cash,Bi-Weekly,26,1.7692307692307692,3243,0,0.4,Medium,1.9366140978910202,0.5326245503405699,High,Platinum
2193,41,Male,Scarf,Accessories,35,Virginia,L,Yellow,Winter,3.2,No,Next Day Air,No,9,Credit Card,Monthly,12,0.75,350,0,0.4,Medium,-1.457304205057877,-0.5789713301477639,Low,Bronze
2194,27,Male,Shirt,Clothing,78,California,L,Turquoise,Spring,5.0,No,Express,No,8,PayPal,Monthly,12,0.6666666666666666,702,0,0.4,High,-1.5265221282225865,1.921348900772796,Low,Silver
2195,61,Male,Socks,Clothing,29,Kentucky,M,Silver,Summer,3.5,No,Standard,No,48,Bank Transfer,Quarterly,4,10.0,1421,0,0.4,Medium,0.7662775721631356,2.2988599045399702,Medium,Gold
2196,58,Male,Jeans,Clothing,62,New York,M,Brown,Fall,3.7,No,Next Day Air,No,2,Cash,Monthly,12,0.16666666666666666,186,0,0.4,Medium,-1.9418296672108433,-0.03326074863200845,Low,Bronze
2197,25,Male,Dress,Clothing,58,Vermont,M,Gray,Spring,4.8,No,Next Day Air,No,31,PayPal,Weekly,52,0.5961538461538461,1856,0,0.4,High,2.4450762355790108,1.6223427186566846,High,Gold
2198,33,Male,Boots,Footwear,88,Pennsylvania,M,Indigo,Summer,3.7,No,2-Day Shipping,No,40,Venmo,Monthly,12,3.3333333333333335,3608,0,0.4,Medium,0.6884514130481159,0.8080186407740217,Medium,Platinum
2199,57,Male,Scarf,Accessories,80,New York,L,Turquoise,Summer,3.5,No,Free Shipping,No,35,Venmo,Monthly,12,2.9166666666666665,2880,0,0.4,Medium,0.34236179722456866,0.41705074402648146,Medium,Platinum
2200,39,Male,Scarf,Accessories,47,North Carolina,M,Maroon,Summer,4.9,No,Store Pickup,No,40,Debit Card,Monthly,12,3.3333333333333335,1927,0,0.4,High,0.6884514130481159,2.4896580822545014,Medium,Gold
2201,60,Male,Gloves,Accessories,51,Wyoming,L,Charcoal,Summer,4.7,No,Next Day Air,No,27,Debit Card,Quarterly,4,6.75,1428,0,0.4,High,-0.6872988142957629,3.1170810253142607,Low,Gold
2202,39,Male,Pants,Clothing,25,Ohio,L,Peach,Spring,4.9,No,2-Day Shipping,No,10,Venmo,Annually,1,10.0,275,0,0.4,High,-2.0424724679218196,4.260772586267197,Low,Bronze
2203,42,Male,Dress,Clothing,36,Alabama,M,Red,Summer,4.3,No,Next Day Air,No,23,Credit Card,Weekly,52,0.4423076923076923,864,0,0.4,High,1.891332850261335,0.8807877448702942,High,Silver
2204,53,Male,Dress,Clothing,79,Rhode Island,M,Indigo,Winter,3.1,No,Free Shipping,No,32,Cash,Quarterly,4,8.0,2607,0,0.4,Medium,-0.34120919847221565,1.2069790728426684,Medium,Platinum
2205,20,Male,Jeans,Clothing,41,Oregon,S,Lavender,Winter,3.4,No,2-Day Shipping,No,6,Debit Card,Monthly,12,0.5,287,0,0.4,Medium,-1.6649579745520053,-0.36511488380149393,Low,Bronze
2206,46,Male,Sweater,Clothing,68,North Dakota,XL,Red,Fall,2.7,No,Express,No,27,PayPal,Weekly,52,0.5192307692307693,1904,0,0.4,Low,2.1682045429201726,-1.340962240518916,High,Gold
2207,46,Male,Sandals,Footwear,51,Illinois,L,Green,Spring,2.6,No,Store Pickup,No,25,Bank Transfer,Fortnightly,26,0.9615384615384616,1326,0,0.4,Low,0.48303771143212204,-1.3635922252799086,Medium,Silver
2208,69,Male,Handbag,Accessories,38,New Mexico,M,Gray,Fall,2.9,No,Next Day Air,No,11,Credit Card,Annually,1,10.0,456,0,0.4,Low,-1.97325454475711,1.45804018379973,Low,Bronze
2209,28,Male,Scarf,Accessories,46,Colorado,XL,Violet,Summer,2.7,No,2-Day Shipping,No,23,PayPal,Monthly,12,1.9166666666666667,1104,0,0.4,Low,-0.48825328075194474,-0.9697093925624087,Low,Silver
2210,42,Male,Sandals,Footwear,20,Utah,XL,Beige,Summer,4.5,No,2-Day Shipping,No,44,Bank Transfer,Quarterly,4,10.0,900,0,0.4,High,0.4894058795042977,3.700226105773703,Medium,Silver
2211,30,Male,Sunglasses,Accessories,25,Virginia,M,Orange,Summer,3.1,No,Store Pickup,No,35,PayPal,Fortnightly,26,1.3461538461538463,900,0,0.4,Medium,1.1752169430792165,-0.560729441739233,High,Silver
2212,50,Male,Sweater,Clothing,89,Maine,L,Purple,Winter,3.2,No,Free Shipping,No,45,Debit Card,Quarterly,4,10.0,4094,0,0.4,Medium,0.5586238026690071,1.8784500441698504,Medium,Platinum
2213,59,Male,Pants,Clothing,77,Nebraska,M,Brown,Winter,3.3,No,Next Day Air,No,22,Bank Transfer,Quarterly,4,5.5,1771,0,0.4,Medium,-1.0333884301193101,0.823084374084654,Low,Gold
2214,54,Male,Hat,Accessories,94,Hawaii,M,Maroon,Fall,2.9,No,Express,No,18,Debit Card,Quarterly,4,4.5,1786,0,0.4,Low,-1.310260122778148,-0.0031292820107433617,Low,Gold
2215,50,Male,Belt,Accessories,100,Idaho,L,Gold,Fall,4.1,No,Standard,No,20,Debit Card,Weekly,52,0.38461538461538464,2100,0,0.4,High,1.6836790807672066,0.5851875521849759,High,Gold
2216,25,Male,Sandals,Footwear,96,West Virginia,M,Indigo,Winter,2.7,No,Express,No,28,Credit Card,Fortnightly,26,1.0769230769230769,2784,0,0.4,Low,0.6906914809262503,-1.1928017002793925,Medium,Platinum
2217,41,Male,Pants,Clothing,36,Vermont,XL,Silver,Winter,4.0,No,Store Pickup,No,15,Venmo,Bi-Weekly,26,0.5769230769230769,576,0,0.4,Medium,-0.20914152021497245,0.4961407735235077,Medium,Bronze
2218,35,Male,Jewelry,Accessories,27,Indiana,XL,Red,Fall,2.6,No,Store Pickup,No,42,Bank Transfer,Fortnightly,26,1.6153846153846154,1161,0,0.4,Low,1.6597424052321825,-1.189886764309433,High,Silver
2219,67,Male,Sunglasses,Accessories,67,Idaho,M,Magenta,Winter,3.5,No,Store Pickup,No,20,Debit Card,Quarterly,4,5.0,1407,0,0.4,Medium,-1.171824276448729,0.9705240265304487,Low,Gold
2220,33,Male,Blouse,Clothing,91,Minnesota,S,Purple,Fall,2.8,No,Store Pickup,No,16,Bank Transfer,Fortnightly,26,0.6153846153846154,1547,0,0.4,Low,-0.13992359705026303,-1.175280699664591,Medium,Gold
2221,19,Male,Belt,Accessories,62,Wyoming,XL,Beige,Fall,4.5,No,Store Pickup,No,47,Cash,Annually,1,10.0,2976,0,0.4,High,0.5185906891724302,3.700226105773703,Medium,Platinum
2222,25,Male,Shorts,Clothing,88,Kansas,XL,White,Fall,3.0,No,Free Shipping,No,34,Credit Card,Annually,1,10.0,3080,0,0.4,Low,-0.38124231196879266,1.5981768039231035,Medium,Platinum
2223,32,Male,Pants,Clothing,66,Georgia,M,Teal,Summer,4.4,No,Store Pickup,No,30,Credit Card,Weekly,52,0.5769230769230769,2046,0,0.4,High,2.375858312414301,1.0566872540170014,High,Gold
2224,30,Male,Sandals,Footwear,65,Kansas,M,Gray,Fall,4.7,No,Next Day Air,No,5,PayPal,Quarterly,4,1.25,390,0,0.4,High,-2.210093123919371,1.6559115595037874,Low,Bronze
2225,18,Male,Gloves,Accessories,25,Nebraska,L,Charcoal,Winter,4.3,No,Standard,No,38,Cash,Quarterly,4,9.5,975,0,0.4,High,0.07409834051604103,3.287119277726004,Medium,Silver
2226,38,Male,Belt,Accessories,64,Washington,S,Olive,Spring,4.8,No,Free Shipping,No,18,Credit Card,Annually,1,10.0,1216,0,0.4,High,-1.488729082604144,4.120635966143823,Low,Silver
2227,22,Male,Shirt,Clothing,72,Missouri,L,Blue,Spring,4.8,No,Store Pickup,No,28,Cash,Annually,1,10.0,2088,0,0.4,High,-0.7965498509570494,4.120635966143823,Low,Gold
2228,40,Male,Scarf,Accessories,74,Washington,S,Gray,Summer,4.4,No,Next Day Air,No,42,Credit Card,Fortnightly,26,1.6153846153846154,3182,0,0.4,High,1.6597424052321825,1.3325723979112867,High,Platinum
2229,54,Male,Gloves,Accessories,50,Kansas,M,Green,Fall,3.7,No,Free Shipping,No,5,Credit Card,Weekly,52,0.09615384615384616,300,0,0.4,Medium,0.6454102332965648,-0.05199369050137359,Medium,Bronze
2230,70,Male,Pants,Clothing,97,Minnesota,M,Silver,Fall,3.9,No,Express,No,50,Venmo,Monthly,12,4.166666666666667,4947,0,0.4,Medium,1.3806306446952104,1.309681194022355,High,Platinum
2231,52,Male,Sneakers,Footwear,36,Colorado,S,Teal,Spring,3.8,No,Express,No,33,Venmo,Fortnightly,26,1.2692307692307692,1224,0,0.4,Medium,1.0367810967497975,0.39979096253961777,High,Silver
2232,34,Male,Jacket,Outerwear,49,Utah,M,Beige,Fall,4.1,No,Store Pickup,No,1,Credit Card,Weekly,52,0.019230769230769232,98,0,0.4,High,0.36853854063772706,0.488116853407357,Medium,Bronze
2233,65,Male,Shoes,Footwear,64,North Carolina,L,Lavender,Spring,4.0,No,Store Pickup,No,14,Cash,Fortnightly,26,0.5384615384615384,960,0,0.4,Medium,-0.2783594433796819,0.48592280523112685,Medium,Silver
2234,38,Male,Blouse,Clothing,31,Florida,XL,Gray,Summer,4.5,No,Express,No,48,Credit Card,Monthly,12,4.0,1519,0,0.4,High,1.2421947983657915,2.106223052162277,High,Gold
2235,35,Male,Boots,Footwear,66,New Hampshire,S,Yellow,Winter,4.0,No,Express,No,26,Cash,Weekly,52,0.5,1782,0,0.4,Medium,2.0989866197554634,0.475704836938746,High,Gold
2236,40,Male,Socks,Clothing,82,Illinois,M,Gray,Spring,4.5,No,2-Day Shipping,No,44,Credit Card,Annually,1,10.0,3690,0,0.4,High,0.3109369196783017,3.700226105773703,Medium,Platinum
2237,23,Male,T-shirt,Clothing,88,Louisiana,M,Yellow,Winter,2.7,No,Standard,No,18,Debit Card,Fortnightly,26,0.6923076923076923,1672,0,0.4,Low,-0.001487750720844172,-1.2949813832032016,Medium,Gold
2238,45,Male,Sandals,Footwear,34,Alabama,S,Black,Summer,3.8,No,Next Day Air,No,31,Venmo,Quarterly,4,7.75,1088,0,0.4,Medium,-0.4104271216369251,2.121518619805805,Medium,Silver
2239,40,Male,Sneakers,Footwear,84,Florida,L,Beige,Winter,3.8,No,Standard,No,18,Debit Card,Weekly,52,0.34615384615384615,1596,0,0.4,Medium,1.5452432344377875,0.1545597235224755,High,Gold
2240,42,Male,Jewelry,Accessories,96,Alabama,L,Indigo,Summer,3.8,No,2-Day Shipping,No,41,Credit Card,Quarterly,4,10.0,4032,0,0.4,Medium,0.2817521100101694,2.7192697649100896,Medium,Platinum
2241,57,Male,Sandals,Footwear,71,California,L,Green,Winter,4.3,No,Next Day Air,No,18,Debit Card,Quarterly,4,4.5,1349,0,0.4,High,-1.310260122778148,1.9587833997164825,Low,Gold
2242,18,Male,Jacket,Outerwear,77,Maryland,M,Purple,Summer,3.5,No,Free Shipping,No,3,Bank Transfer,Bi-Weekly,26,0.11538461538461539,308,0,0.4,Medium,-1.0397565981914858,-0.32715794660192987,Low,Bronze
2243,18,Male,Skirt,Clothing,66,Nevada,M,Orange,Spring,3.8,No,Next Day Air,No,5,Credit Card,Bi-Weekly,26,0.19230769230769232,396,0,0.4,Medium,-0.9013207518620671,0.1136878503529517,Low,Bronze
2244,56,Male,Shirt,Clothing,21,Massachusetts,M,Teal,Winter,3.7,No,2-Day Shipping,No,13,Debit Card,Annually,1,10.0,294,0,0.4,Medium,-1.834818698427691,2.5791331447867165,Low,Bronze
2245,35,Male,Shorts,Clothing,37,South Carolina,M,Gold,Summer,4.8,No,2-Day Shipping,No,22,PayPal,Annually,1,10.0,851,0,0.4,High,-1.211857389945306,4.120635966143823,Low,Silver
2246,49,Male,Socks,Clothing,90,Delaware,L,Gray,Fall,4.9,No,Free Shipping,No,45,PayPal,Fortnightly,26,1.7307692307692308,4140,0,0.4,High,1.867396174726311,2.063909403405296,High,Platinum
2247,49,Male,Jacket,Outerwear,96,Hawaii,M,Cyan,Fall,4.3,No,Store Pickup,No,39,PayPal,Quarterly,4,9.75,3840,0,0.4,High,0.14331626368075057,3.35353607162648,Medium,Platinum
2248,34,Male,Jewelry,Accessories,37,Florida,L,Teal,Summer,4.4,No,Next Day Air,No,18,Venmo,Annually,1,10.0,703,0,0.4,High,-1.488729082604144,3.5600894856503302,Low,Silver
2249,63,Male,T-shirt,Clothing,66,Rhode Island,M,Violet,Winter,3.4,No,Free Shipping,No,19,PayPal,Fortnightly,26,0.7307692307692307,1320,0,0.4,Medium,0.06773017244386531,-0.3038070740472083,Medium,Silver
2250,42,Male,Gloves,Accessories,45,Wyoming,XL,Indigo,Spring,4.3,No,Next Day Air,No,29,Debit Card,Weekly,52,0.5576923076923077,1350,0,0.4,High,2.3066403892495915,0.9114416497474369,High,Gold
2251,41,Male,Shoes,Footwear,89,Colorado,L,Pink,Summer,4.6,No,Store Pickup,No,19,Credit Card,Weekly,52,0.36538461538461536,1780,0,0.4,High,1.6144611576024972,1.2807616686556518,High,Gold
2252,26,Male,Shoes,Footwear,94,Virginia,L,Gold,Fall,3.8,No,Free Shipping,No,22,Debit Card,Monthly,12,1.8333333333333333,2162,0,0.4,Medium,-0.5574712039166542,0.5496544974945381,Low,Gold
2253,48,Male,Shoes,Footwear,96,Nebraska,S,Maroon,Summer,3.9,No,Express,No,21,Bank Transfer,Annually,1,10.0,2112,0,0.4,Medium,-1.2810753131100157,2.859406385033463,Low,Gold
2254,62,Male,Hoodie,Clothing,31,Oklahoma,M,Brown,Spring,2.6,No,Store Pickup,No,22,PayPal,Monthly,12,1.8333333333333333,713,0,0.4,Low,-0.5574712039166542,-1.131984943985941,Low,Silver
2255,24,Male,Belt,Accessories,79,North Dakota,M,Gold,Winter,4.2,No,Store Pickup,No,44,PayPal,Quarterly,4,10.0,3555,0,0.4,High,0.4894058795042977,3.279816245403583,Medium,Platinum
2256,48,Male,Coat,Outerwear,39,Michigan,L,Teal,Spring,4.6,No,Store Pickup,No,42,Bank Transfer,Quarterly,4,10.0,1677,0,0.4,High,0.35097003317487885,3.8403627258970756,Medium,Gold
2257,31,Male,Blouse,Clothing,22,California,M,Turquoise,Fall,5.0,No,Standard,No,33,Credit Card,Quarterly,4,8.25,748,0,0.4,High,-0.2719912753075062,3.935991649087237,Medium,Silver
2258,41,Male,Skirt,Clothing,32,Tennessee,L,Olive,Fall,4.2,No,Standard,No,6,Bank Transfer,Annually,1,6.0,224,0,0.4,High,-2.3193441605806573,2.217147542995966,Low,Bronze
2259,24,Male,T-shirt,Clothing,71,Ohio,L,Cyan,Winter,4.3,No,Store Pickup,No,44,Credit Card,Quarterly,4,10.0,3195,0,0.4,High,0.4894058795042977,3.419952865526956,Medium,Platinum
2260,60,Male,Jeans,Clothing,96,Florida,XL,Beige,Spring,3.3,No,Free Shipping,No,24,Cash,Annually,1,10.0,2400,0,0.4,Medium,-1.0734215436158872,2.018586664293223,Low,Platinum
2261,38,Male,Scarf,Accessories,82,Missouri,M,Blue,Fall,4.9,No,Express,No,16,PayPal,Quarterly,4,4.0,1394,0,0.4,High,-1.448695969107567,2.666769532655771,Low,Gold
2262,58,Male,Backpack,Accessories,76,South Carolina,L,Gold,Spring,4.4,No,Standard,No,12,Bank Transfer,Fortnightly,26,0.46153846153846156,988,0,0.4,High,-0.41679528970910085,1.0260333491398588,Medium,Silver
2263,53,Male,Backpack,Accessories,22,Arizona,M,Green,Winter,3.1,No,2-Day Shipping,No,50,PayPal,Monthly,12,4.166666666666667,1122,0,0.4,Medium,1.3806306446952104,0.18858823303536876,High,Silver
2264,44,Male,Scarf,Accessories,40,Indiana,XL,Green,Winter,3.5,No,Store Pickup,No,42,Cash,Quarterly,4,10.0,1720,0,0.4,Medium,0.35097003317487885,2.2988599045399702,Medium,Gold
2265,51,Male,Hat,Accessories,92,North Dakota,M,Turquoise,Summer,3.9,No,2-Day Shipping,No,50,PayPal,Monthly,12,4.166666666666667,4692,0,0.4,Medium,1.3806306446952104,1.309681194022355,High,Platinum
2266,36,Male,Coat,Outerwear,94,Montana,XL,Yellow,Fall,3.9,No,Store Pickup,No,10,PayPal,Quarterly,4,2.5,1034,0,0.4,Medium,-1.8640035080958235,0.8669025680191811,Low,Silver
2267,20,Male,Dress,Clothing,44,Missouri,M,Yellow,Fall,4.3,No,Store Pickup,No,32,Debit Card,Weekly,52,0.6153846153846154,1452,0,0.4,High,2.51429415874372,0.9267686021860084,High,Gold
2268,32,Male,Gloves,Accessories,49,Kentucky,S,Blue,Spring,3.8,No,Express,No,37,Venmo,Weekly,52,0.7115384615384616,1862,0,0.4,Medium,2.8603837745672673,0.25163042230009436,High,Gold
2269,66,Male,Sweater,Clothing,26,Georgia,L,Charcoal,Spring,2.7,No,2-Day Shipping,No,15,Bank Transfer,Monthly,12,1.25,416,0,0.4,Low,-1.0419966660696203,-1.1468208429636784,Low,Bronze
2270,49,Male,Skirt,Clothing,38,Kentucky,M,Yellow,Fall,4.4,No,Store Pickup,No,27,Credit Card,Annually,1,10.0,1064,0,0.4,High,-0.8657677741217589,3.5600894856503302,Low,Silver
2271,27,Male,Blouse,Clothing,72,Georgia,L,Purple,Spring,3.5,No,Express,No,7,Venmo,Weekly,52,0.1346153846153846,576,0,0.4,Medium,0.7838460796259838,-0.3220489624557392,Medium,Bronze
2272,29,Male,Dress,Clothing,99,Alaska,M,Green,Summer,3.4,No,Free Shipping,No,49,PayPal,Quarterly,4,10.0,4950,0,0.4,Medium,0.8354954953278451,2.1587232844165967,High,Platinum
2273,29,Male,Jacket,Outerwear,38,Maine,L,Charcoal,Spring,4.0,No,Standard,No,44,PayPal,Monthly,12,3.6666666666666665,1710,0,0.4,Medium,0.9653231057069536,1.316984226344776,High,Gold
2274,55,Male,Coat,Outerwear,96,New Mexico,L,Silver,Winter,4.8,No,Express,No,13,PayPal,Bi-Weekly,26,0.5,1344,0,0.4,High,-0.3475773665443914,1.5967977979257322,Medium,Gold
2275,57,Male,Dress,Clothing,27,New York,L,Turquoise,Spring,4.5,No,Next Day Air,No,38,PayPal,Fortnightly,26,1.4615384615384615,1053,0,0.4,High,1.3828707125733448,1.4318371448651357,High,Silver
2276,29,Male,Shorts,Clothing,24,Oklahoma,M,Gray,Winter,4.4,No,Standard,No,10,Debit Card,Weekly,52,0.19230769230769232,264,0,0.4,High,0.9914998491201121,0.9545075710931922,High,Bronze
2277,31,Male,Jeans,Clothing,82,Wyoming,L,Red,Summer,4.1,No,2-Day Shipping,No,25,Debit Card,Weekly,52,0.4807692307692308,2132,0,0.4,High,2.0297686965907538,0.6107324729159282,High,Gold
2278,25,Male,Hat,Accessories,56,Alabama,M,Beige,Summer,4.6,No,Next Day Air,No,18,Credit Card,Quarterly,4,4.5,1064,0,0.4,High,-1.310260122778148,2.379193260086602,Low,Silver
2279,61,Male,Gloves,Accessories,25,Maryland,M,Maroon,Fall,3.8,No,Store Pickup,No,6,Cash,Quarterly,4,1.5,175,0,0.4,Medium,-2.140875200754661,0.4610987722939034,Low,Bronze
2280,53,Male,Sneakers,Footwear,67,West Virginia,L,Indigo,Spring,2.9,No,Free Shipping,No,35,Bank Transfer,Quarterly,4,8.75,2412,0,0.4,Low,-0.13355542897808725,1.1259562142973496,Medium,Platinum
2281,22,Male,Shoes,Footwear,21,Kentucky,M,Red,Summer,2.8,No,Standard,No,31,Credit Card,Fortnightly,26,1.1923076923076923,672,0,0.4,Low,0.8983452504203787,-1.0220111752788767,High,Silver
2282,28,Male,Hoodie,Clothing,27,Kansas,XL,Maroon,Summer,3.0,No,Store Pickup,No,41,Bank Transfer,Annually,1,10.0,1134,0,0.4,Low,0.10328315018417344,1.5981768039231035,Medium,Silver
2283,18,Male,Sneakers,Footwear,97,Idaho,S,Red,Fall,4.2,No,2-Day Shipping,No,8,Credit Card,Annually,1,8.0,873,0,0.4,High,-2.1809083142512384,2.7484818941997746,Low,Silver
2284,44,Male,Handbag,Accessories,45,Ohio,S,Black,Winter,4.1,No,Free Shipping,No,34,Credit Card,Fortnightly,26,1.3076923076923077,1575,0,0.4,High,1.105999019914507,0.8304187912021181,High,Gold
2285,32,Male,Blouse,Clothing,63,Iowa,XL,Black,Fall,4.1,No,Express,No,20,Venmo,Annually,1,10.0,1323,0,0.4,High,-1.3502932362747249,3.139679625280209,Low,Silver
2286,34,Male,Belt,Accessories,100,Michigan,L,Pink,Summer,4.6,No,2-Day Shipping,No,38,PayPal,Quarterly,4,9.5,3900,0,0.4,High,0.07409834051604103,3.7075291380961235,Medium,Platinum
2287,67,Male,Socks,Clothing,38,South Dakota,L,Blue,Spring,2.5,No,Store Pickup,No,35,Venmo,Quarterly,4,8.75,1368,0,0.4,Low,-0.13355542897808725,0.5654097338038566,Medium,Gold
2288,66,Male,Blouse,Clothing,45,Nebraska,L,Green,Summer,3.0,No,Store Pickup,No,6,Debit Card,Annually,1,6.0,315,0,0.4,Low,-2.3193441605806573,0.5355081015154863,Low,Bronze
2289,28,Male,Jewelry,Accessories,91,California,M,Orange,Fall,3.8,No,Next Day Air,No,50,PayPal,Weekly,52,0.9615384615384616,4641,0,0.4,Medium,3.76021677570849,0.3180472162005704,High,Platinum
2290,70,Male,Shorts,Clothing,82,Nevada,M,Orange,Fall,4.1,No,Free Shipping,No,47,Venmo,Weekly,52,0.9038461538461539,3936,0,0.4,High,3.5525630062143616,0.7231301241321184,High,Platinum
2291,37,Male,Boots,Footwear,48,Kansas,L,Magenta,Winter,3.3,No,Standard,No,23,PayPal,Quarterly,4,5.75,1152,0,0.4,Medium,-0.9641705069546007,0.88950116798513,Low,Silver
2292,28,Male,Coat,Outerwear,30,Ohio,M,Indigo,Spring,5.0,No,2-Day Shipping,No,13,Credit Card,Quarterly,4,3.25,420,0,0.4,High,-1.6563497386016952,2.6076557710777157,Low,Bronze
2293,43,Male,T-shirt,Clothing,34,Vermont,S,Beige,Spring,3.8,No,Next Day Air,No,31,Debit Card,Monthly,12,2.5833333333333335,1088,0,0.4,Medium,0.06549010456573084,0.7489048791959664,Medium,Silver
2294,37,Male,Sweater,Clothing,68,Georgia,L,Green,Fall,3.3,No,Express,No,16,Debit Card,Quarterly,4,4.0,1156,0,0.4,Medium,-1.448695969107567,0.4245836106817976,Low,Silver
2295,54,Male,Sunglasses,Accessories,95,Maryland,M,Red,Winter,5.0,No,Express,No,40,Debit Card,Annually,1,10.0,3895,0,0.4,High,0.03406522701946402,4.400909206390569,Medium,Platinum
2296,50,Male,Hat,Accessories,22,Connecticut,L,Beige,Spring,2.9,No,2-Day Shipping,No,45,PayPal,Quarterly,4,10.0,1012,0,0.4,Low,0.5586238026690071,1.45804018379973,Medium,Silver
2297,46,Male,Gloves,Accessories,88,Washington,M,Green,Fall,2.5,No,Next Day Air,No,50,Venmo,Quarterly,4,10.0,4488,0,0.4,Low,0.9047134184925545,0.8974937033062371,High,Platinum
2298,60,Male,Socks,Clothing,83,California,M,Orange,Summer,4.7,No,Standard,No,1,Bank Transfer,Quarterly,4,0.25,166,0,0.4,High,-2.4869648165782086,1.3902443839018832,Low,Bronze
2299,40,Male,Handbag,Accessories,87,Montana,L,Cyan,Spring,2.9,No,2-Day Shipping,No,10,Cash,Quarterly,4,2.5,957,0,0.4,Low,-1.8640035080958235,-0.5344636332145518,Low,Silver
2300,64,Male,Coat,Outerwear,57,Idaho,M,Violet,Summer,3.7,No,Store Pickup,No,48,Credit Card,Quarterly,4,10.0,2793,0,0.4,Medium,0.7662775721631356,2.5791331447867165,Medium,Platinum
2301,18,Male,Coat,Outerwear,88,Pennsylvania,XL,Lavender,Summer,4.4,No,2-Day Shipping,No,38,Credit Card,Monthly,12,3.1666666666666665,3432,0,0.4,High,0.550015566718697,1.7446971190373177,Medium,Platinum
2302,37,Male,Pants,Clothing,20,Maine,L,Turquoise,Winter,2.9,No,Next Day Air,No,21,Debit Card,Annually,1,10.0,440,0,0.4,Low,-1.2810753131100157,1.45804018379973,Low,Bronze
2303,36,Male,Belt,Accessories,39,Montana,L,Pink,Summer,3.6,No,Store Pickup,No,38,Venmo,Monthly,12,3.1666666666666665,1521,0,0.4,Medium,0.550015566718697,0.6236041580503309,Medium,Gold
2304,51,Male,Sunglasses,Accessories,71,New Jersey,S,Beige,Spring,4.8,No,2-Day Shipping,No,31,Credit Card,Fortnightly,26,1.1923076923076923,2272,0,0.4,High,0.8983452504203787,1.780721227188589,High,Gold
2305,26,Male,Hoodie,Clothing,73,Louisiana,L,Silver,Winter,4.7,No,Free Shipping,No,9,Debit Card,Fortnightly,26,0.34615384615384615,730,0,0.4,High,-0.6244490592032291,1.4157893046328356,Low,Silver
2306,68,Male,Handbag,Accessories,63,Maine,M,Gold,Summer,2.6,No,Free Shipping,No,47,Cash,Weekly,52,0.9038461538461539,3024,0,0.4,Low,3.5525630062143616,-1.3789191777184802,High,Platinum
2307,27,Male,Gloves,Accessories,78,Florida,L,Silver,Winter,3.4,No,Standard,No,8,Cash,Bi-Weekly,26,0.3076923076923077,702,0,0.4,Medium,-0.6936669823679386,-0.4162047252633987,Low,Silver
2308,28,Male,Skirt,Clothing,96,Missouri,L,Green,Fall,3.5,No,Next Day Air,No,30,Debit Card,Annually,1,10.0,2976,0,0.4,Medium,-0.6581140046276305,2.2988599045399702,Low,Platinum
2309,49,Male,Sunglasses,Accessories,81,North Dakota,M,Teal,Winter,3.4,No,2-Day Shipping,No,22,Bank Transfer,Quarterly,4,5.5,1863,0,0.4,Medium,-1.0333884301193101,0.9632209942080274,Low,Gold
2310,70,Male,Dress,Clothing,95,Connecticut,S,Gold,Fall,5.0,No,2-Day Shipping,No,3,Bank Transfer,Quarterly,4,0.75,380,0,0.4,High,-2.3485289702487897,1.9434878320729547,Low,Bronze
2311,30,Male,Gloves,Accessories,68,Virginia,M,Cyan,Spring,4.6,No,Standard,No,15,PayPal,Monthly,12,1.25,1088,0,0.4,High,-1.0419966660696203,1.5157749393804134,Low,Silver
2312,27,Male,Sneakers,Footwear,28,Montana,L,Gold,Spring,4.8,No,2-Day Shipping,No,10,Bank Transfer,Quarterly,4,2.5,308,0,0.4,High,-1.8640035080958235,2.1281321491295406,Low,Bronze
2313,19,Male,T-shirt,Clothing,30,Vermont,L,Violet,Summer,3.7,No,Free Shipping,No,19,Cash,Quarterly,4,4.75,600,0,0.4,Medium,-1.2410421996134384,1.1843804728767195,Low,Bronze
2314,64,Male,Dress,Clothing,31,Georgia,M,Black,Summer,4.7,No,Next Day Air,No,36,Bank Transfer,Fortnightly,26,1.3846153846153846,1147,0,0.4,High,1.244434866243926,1.6916744485271207,High,Silver
2315,42,Male,Handbag,Accessories,95,Virginia,XL,Brown,Winter,4.4,No,Express,No,12,Bank Transfer,Quarterly,4,3.0,1235,0,0.4,High,-1.7255676617664046,1.7004192564370002,Low,Silver
2316,69,Male,Socks,Clothing,79,Vermont,M,Indigo,Winter,3.5,No,2-Day Shipping,No,49,Debit Card,Quarterly,4,10.0,3950,0,0.4,Medium,0.8354954953278451,2.2988599045399702,High,Platinum
2317,28,Male,Sneakers,Footwear,39,Montana,L,Yellow,Winter,3.8,No,Standard,No,7,Debit Card,Annually,1,7.0,312,0,0.4,Medium,-2.2501262374159476,1.9222682381043767,Low,Bronze
2318,47,Male,Jacket,Outerwear,34,New Jersey,M,Purple,Summer,4.7,No,Next Day Air,No,28,Bank Transfer,Monthly,12,2.3333333333333335,986,0,0.4,High,-0.1421636649283975,1.9437176664058504,Medium,Silver
2319,69,Male,Hoodie,Clothing,28,Wyoming,L,White,Spring,3.1,No,Store Pickup,No,30,Credit Card,Annually,1,10.0,868,0,0.4,Medium,-0.6581140046276305,1.7383134240464768,Low,Silver
2320,56,Male,Sandals,Footwear,38,Maine,XL,Turquoise,Winter,5.0,No,Free Shipping,No,29,PayPal,Monthly,12,2.4166666666666665,1140,0,0.4,High,-0.07294574176368807,2.3862664580761286,Medium,Silver
2321,28,Male,Shoes,Footwear,55,New Mexico,M,Olive,Spring,3.7,No,Free Shipping,No,9,Debit Card,Quarterly,4,2.25,550,0,0.4,Medium,-1.933221431260533,0.5202125338719588,Low,Bronze
2322,50,Male,Sandals,Footwear,31,Colorado,M,Beige,Winter,3.0,No,Next Day Air,No,27,Debit Card,Fortnightly,26,1.0384615384615385,868,0,0.4,Low,0.6214735577615409,-0.7826098082016539,Medium,Silver
2323,39,Male,Coat,Outerwear,84,Connecticut,S,Lavender,Spring,4.5,No,Store Pickup,No,21,Venmo,Fortnightly,26,0.8076923076923077,1848,0,0.4,High,0.20616601877328422,1.2581316838946597,Medium,Gold
2324,35,Male,Gloves,Accessories,93,Maryland,L,White,Winter,4.7,No,Express,No,36,Credit Card,Monthly,12,3.0,3441,0,0.4,High,0.4115797203892781,2.12082911680712,Medium,Platinum
2325,59,Male,Coat,Outerwear,28,Oregon,L,Brown,Winter,3.5,No,Free Shipping,No,19,Debit Card,Annually,1,10.0,560,0,0.4,Medium,-1.4195111594394345,2.2988599045399702,Low,Bronze
2326,44,Male,Boots,Footwear,55,New York,M,Charcoal,Summer,4.4,No,2-Day Shipping,No,47,Cash,Weekly,52,0.9038461538461539,2640,0,0.4,High,3.5525630062143616,1.1435399845022394,High,Platinum
2327,66,Male,Skirt,Clothing,63,Oklahoma,L,Maroon,Winter,2.6,No,Standard,No,38,Bank Transfer,Annually,1,10.0,2457,0,0.4,Low,-0.10437061930995495,1.0376303234296105,Medium,Platinum
2328,20,Male,Skirt,Clothing,94,Alabama,M,Red,Winter,4.2,No,2-Day Shipping,No,22,Venmo,Bi-Weekly,26,0.8461538461538461,2162,0,0.4,High,0.27538394193799365,0.8479397918169213,Medium,Gold
2329,45,Male,Pants,Clothing,36,North Dakota,M,Maroon,Fall,2.6,No,Express,No,29,Venmo,Bi-Weekly,26,1.1153846153846154,1080,0,0.4,Low,0.7599094040909598,-1.3227203521103852,Medium,Silver
2330,49,Male,Hat,Accessories,97,Nebraska,S,Teal,Spring,4.8,No,Free Shipping,No,42,Bank Transfer,Annually,1,10.0,4171,0,0.4,High,0.17250107334888287,4.120635966143823,Medium,Platinum
2331,60,Male,Backpack,Accessories,63,Arizona,L,Orange,Summer,2.9,No,Store Pickup,No,47,PayPal,Quarterly,4,10.0,3024,0,0.4,Low,0.6970596489984262,1.45804018379973,Medium,Platinum
2332,61,Male,Scarf,Accessories,77,Illinois,S,Olive,Spring,4.3,No,2-Day Shipping,No,10,Credit Card,Bi-Weekly,26,0.38461538461538464,847,0,0.4,High,-0.5552311360385197,0.8654607924317228,Low,Silver
2333,36,Male,Scarf,Accessories,53,South Carolina,XL,Olive,Fall,2.6,No,Store Pickup,No,10,Venmo,Monthly,12,0.8333333333333334,583,0,0.4,Low,-1.3880862818931676,-1.3976521195878453,Low,Bronze
2334,33,Male,Shirt,Clothing,77,Kansas,M,Beige,Spring,3.8,No,Next Day Air,No,1,PayPal,Quarterly,4,0.25,154,0,0.4,Medium,-2.4869648165782086,0.1290148027915231,Low,Bronze
2335,49,Male,Boots,Footwear,79,Kansas,L,Green,Summer,4.2,No,Standard,No,7,Credit Card,Monthly,12,0.5833333333333334,632,0,0.4,High,-1.595740051387296,0.7781170084856516,Low,Bronze
2336,31,Male,Coat,Outerwear,37,Idaho,M,Black,Summer,3.9,No,Store Pickup,No,10,Venmo,Fortnightly,26,0.38461538461538464,407,0,0.4,Medium,-0.5552311360385197,0.3049143119382297,Low,Bronze
2337,19,Male,Belt,Accessories,94,California,M,Green,Winter,3.1,No,Free Shipping,No,11,Credit Card,Weekly,52,0.21153846153846154,1128,0,0.4,Medium,1.0607177722848216,-0.8621595063644705,High,Silver
2338,39,Male,Boots,Footwear,76,North Dakota,S,Violet,Fall,3.6,No,Store Pickup,No,5,Cash,Annually,1,5.0,456,0,0.4,Medium,-2.388562083745367,1.110660646653822,Low,Bronze
2339,66,Male,Sneakers,Footwear,68,Georgia,S,Silver,Fall,4.0,No,Express,No,21,PayPal,Quarterly,4,5.25,1496,0,0.4,Medium,-1.1026063532840196,1.737623921047791,Low,Gold
2340,25,Male,Shirt,Clothing,65,Illinois,L,Maroon,Spring,3.4,No,Next Day Air,No,24,Bank Transfer,Quarterly,4,6.0,1625,0,0.4,Medium,-0.8949525837898912,1.0960545820089795,Low,Gold
2341,63,Male,Blouse,Clothing,24,Delaware,M,Cyan,Summer,2.6,No,Standard,No,37,Credit Card,Fortnightly,26,1.4230769230769231,912,0,0.4,Low,1.3136527894086354,-1.2409766057713378,High,Silver
2342,56,Male,Jacket,Outerwear,31,Connecticut,L,Teal,Summer,4.5,No,Express,No,22,Venmo,Quarterly,4,5.5,713,0,0.4,High,-1.0333884301193101,2.504723815565134,Low,Silver
2343,20,Male,Skirt,Clothing,89,Tennessee,M,Olive,Fall,4.9,No,Standard,No,16,Debit Card,Fortnightly,26,0.6153846153846154,1513,0,0.4,High,-0.13992359705026303,1.7675883229262488,Medium,Gold
2344,58,Male,Socks,Clothing,49,Maryland,M,Red,Summer,4.4,No,2-Day Shipping,No,44,PayPal,Monthly,12,3.6666666666666665,2205,0,0.4,High,0.9653231057069536,1.8775307068382698,High,Gold
2345,34,Male,Sandals,Footwear,92,Rhode Island,XL,Lavender,Fall,3.5,No,Express,No,14,Venmo,Bi-Weekly,26,0.5384615384615384,1380,0,0.4,Medium,-0.2783594433796819,-0.21476029538573949,Medium,Gold
2346,28,Male,T-shirt,Clothing,32,New York,S,Orange,Winter,3.3,No,Express,No,23,Bank Transfer,Quarterly,4,5.75,768,0,0.4,Medium,-0.9641705069546007,0.88950116798513,Low,Silver
2347,22,Male,Jacket,Outerwear,67,New Mexico,L,Brown,Winter,3.1,No,Standard,No,46,Debit Card,Fortnightly,26,1.7692307692307692,3149,0,0.4,Medium,1.9366140978910202,-0.44833179052304284,High,Platinum
2348,37,Male,Belt,Accessories,64,California,S,Gray,Fall,4.2,No,Express,No,46,Cash,Quarterly,4,10.0,3008,0,0.4,High,0.6278417258337166,3.279816245403583,Medium,Platinum
2349,54,Male,Shoes,Footwear,84,Maine,M,Orange,Spring,4.9,No,Next Day Air,No,16,PayPal,Quarterly,4,4.0,1428,0,0.4,High,-1.448695969107567,2.666769532655771,Low,Gold
2350,65,Male,Blouse,Clothing,34,New York,M,Orange,Fall,3.9,No,Standard,No,40,Credit Card,Quarterly,4,10.0,1394,0,0.4,Medium,0.21253418684546,2.859406385033463,Medium,Gold
2351,57,Male,Shoes,Footwear,26,Hawaii,M,Turquoise,Winter,4.2,No,Free Shipping,No,21,Cash,Annually,1,10.0,572,0,0.4,High,-1.2810753131100157,3.279816245403583,Low,Bronze
2352,38,Male,Sweater,Clothing,50,New Hampshire,S,Cyan,Fall,4.9,No,Store Pickup,No,25,PayPal,Bi-Weekly,26,0.9615384615384616,1300,0,0.4,High,0.48303771143212204,1.8595500375576774,Medium,Silver
2353,70,Male,Boots,Footwear,46,Nebraska,M,Yellow,Fall,2.8,No,Store Pickup,No,25,Bank Transfer,Quarterly,4,6.25,1196,0,0.4,Low,-0.8257346606251817,0.3216516551692157,Low,Silver
2354,56,Male,Handbag,Accessories,71,Montana,M,White,Fall,4.1,No,Standard,No,25,Debit Card,Quarterly,4,6.25,1846,0,0.4,High,-0.8257346606251817,2.1434277167730684,Low,Gold
2355,56,Male,Blouse,Clothing,78,Wisconsin,M,Blue,Summer,4.8,No,Next Day Air,No,27,Venmo,Monthly,12,2.25,2184,0,0.4,High,-0.21138158809310695,2.0617153552290644,Medium,Gold
2356,22,Male,Skirt,Clothing,35,Tennessee,S,Purple,Winter,4.1,No,Next Day Air,No,12,Cash,Monthly,12,1.0,455,0,0.4,High,-1.2496504355637488,0.7486750448630708,Low,Bronze
2357,57,Male,Backpack,Accessories,58,Montana,M,Gray,Summer,3.0,No,Free Shipping,No,27,Debit Card,Quarterly,4,6.75,1624,0,0.4,Low,-0.6872988142957629,0.7347584832169145,Low,Gold
2358,53,Male,Shirt,Clothing,67,Michigan,L,Cyan,Fall,4.2,No,2-Day Shipping,No,40,Credit Card,Bi-Weekly,26,1.5384615384615385,2747,0,0.4,High,1.5213065589027637,1.031863221079778,High,Platinum
2359,53,Male,Sweater,Clothing,93,Texas,L,Pink,Spring,3.8,No,Standard,No,38,Credit Card,Quarterly,4,9.5,3627,0,0.4,Medium,0.07409834051604103,2.5864361771091375,Medium,Platinum
2360,19,Male,Scarf,Accessories,81,Pennsylvania,S,Gold,Spring,3.3,No,2-Day Shipping,No,44,Bank Transfer,Quarterly,4,10.0,3645,0,0.4,Medium,0.4894058795042977,2.018586664293223,Medium,Platinum
2361,49,Male,Handbag,Accessories,80,New York,L,Silver,Fall,4.7,No,2-Day Shipping,No,27,Venmo,Quarterly,4,6.75,2240,0,0.4,High,-0.6872988142957629,3.1170810253142607,Low,Gold
2362,44,Male,Scarf,Accessories,64,Alabama,M,Gray,Spring,4.3,No,2-Day Shipping,No,30,Credit Card,Quarterly,4,7.5,1984,0,0.4,High,-0.4796450448016345,2.755784926522195,Medium,Gold
2363,27,Male,Jeans,Clothing,41,Virginia,M,Brown,Fall,2.7,No,Standard,No,24,Credit Card,Monthly,12,2.0,1025,0,0.4,Low,-0.4190353575872353,-0.94757046126225,Medium,Silver
2364,60,Male,Socks,Clothing,79,Pennsylvania,XL,Pink,Winter,4.2,No,Express,No,38,Cash,Bi-Weekly,26,1.4615384615384615,3081,0,0.4,High,1.3828707125733448,1.0114272844950163,High,Platinum
2365,62,Male,Sunglasses,Accessories,60,Mississippi,L,Maroon,Winter,4.2,No,Free Shipping,No,4,PayPal,Quarterly,4,1.0,300,0,0.4,High,-2.2793110470840805,0.8888116649864449,Low,Bronze
2366,52,Male,Sneakers,Footwear,91,Wyoming,S,Peach,Winter,2.5,No,Next Day Air,No,32,Venmo,Monthly,12,2.6666666666666665,3003,0,0.4,Low,0.13470802773044027,-1.0507322511077275,Medium,Platinum
2367,30,Male,Shoes,Footwear,66,New Mexico,L,Brown,Winter,3.6,No,Express,No,32,Credit Card,Fortnightly,26,1.2307692307692308,2178,0,0.4,Medium,0.9675631735850881,0.10929975400049063,High,Gold
2368,66,Male,Socks,Clothing,85,North Dakota,L,Green,Winter,3.4,No,Standard,No,28,Bank Transfer,Bi-Weekly,26,1.0769230769230769,2465,0,0.4,Medium,0.6906914809262503,-0.21184535941577987,Medium,Platinum
2369,29,Male,Sunglasses,Accessories,38,New Jersey,M,Lavender,Summer,3.3,No,Standard,No,6,Debit Card,Quarterly,4,1.5,266,0,0.4,Medium,-2.140875200754661,-0.23958432832296306,Low,Bronze
2370,24,Male,Sweater,Clothing,23,Vermont,M,Cyan,Winter,4.6,No,Standard,No,24,PayPal,Monthly,12,2.0,575,0,0.4,High,-0.4190353575872353,1.7150253210818414,Medium,Bronze
2371,51,Male,Shoes,Footwear,71,Alaska,M,Black,Spring,3.9,No,Store Pickup,No,38,Venmo,Weekly,52,0.7307692307692307,2769,0,0.4,Medium,2.9296016977319765,0.39687602656965815,High,Platinum
2372,67,Male,Socks,Clothing,25,Indiana,M,Charcoal,Winter,3.7,No,Next Day Air,No,28,Debit Card,Annually,1,10.0,725,0,0.4,Medium,-0.7965498509570494,2.5791331447867165,Low,Silver
2373,50,Male,Boots,Footwear,39,Alabama,XL,Silver,Spring,3.1,No,Express,No,9,PayPal,Fortnightly,26,0.34615384615384615,390,0,0.4,Medium,-0.6244490592032291,-0.8263966173411372,Low,Bronze
2374,37,Male,Hoodie,Clothing,20,Michigan,M,Gray,Spring,4.9,No,Express,No,21,Debit Card,Quarterly,4,5.25,440,0,0.4,High,-1.1026063532840196,2.998853502158151,Low,Bronze
2375,69,Male,Gloves,Accessories,73,Washington,L,Peach,Winter,4.7,No,Standard,No,31,Debit Card,Monthly,12,2.5833333333333335,2336,0,0.4,High,0.06549010456573084,2.0101344603063263,Medium,Platinum
2376,60,Male,Backpack,Accessories,63,Virginia,L,Peach,Fall,2.9,No,Next Day Air,No,18,Credit Card,Quarterly,4,4.5,1197,0,0.4,Low,-1.310260122778148,-0.0031292820107433617,Low,Silver
2377,21,Male,Gloves,Accessories,94,Tennessee,XL,Cyan,Spring,4.1,No,Express,No,5,Cash,Weekly,52,0.09615384615384616,564,0,0.4,High,0.6454102332965648,0.508552789992119,Medium,Bronze
2378,44,Male,Blouse,Clothing,94,South Dakota,L,Magenta,Fall,4.0,No,Next Day Air,No,22,Cash,Annually,1,10.0,2162,0,0.4,Medium,-1.211857389945306,2.9995430051568364,Low,Gold
2379,26,Male,Scarf,Accessories,71,New Hampshire,L,Teal,Summer,2.7,No,Store Pickup,No,37,PayPal,Bi-Weekly,26,1.4230769230769231,2698,0,0.4,Low,1.3136527894086354,-1.1008399856479638,High,Platinum
2380,40,Male,Hat,Accessories,77,South Dakota,M,Peach,Spring,4.0,No,2-Day Shipping,No,22,Debit Card,Monthly,12,1.8333333333333333,1771,0,0.4,Medium,-0.5574712039166542,0.8299277377412848,Low,Gold
2381,41,Male,Scarf,Accessories,66,Pennsylvania,M,Black,Fall,2.5,No,Next Day Air,No,36,PayPal,Fortnightly,26,1.3846153846153846,2442,0,0.4,Low,1.244434866243926,-1.3913311941870918,High,Platinum
2382,62,Male,Sandals,Footwear,23,Wisconsin,M,Teal,Summer,4.5,No,Free Shipping,No,23,PayPal,Annually,1,10.0,552,0,0.4,High,-1.1426394667805966,3.700226105773703,Low,Bronze
2383,39,Male,Sweater,Clothing,60,California,M,Turquoise,Spring,3.9,No,Express,No,44,Debit Card,Weekly,52,0.8461538461538461,2700,0,0.4,Medium,3.344909236720233,0.42752993144680096,High,Platinum
2384,53,Male,Backpack,Accessories,72,Rhode Island,L,Gold,Spring,4.9,No,2-Day Shipping,No,25,Bank Transfer,Annually,1,10.0,1872,0,0.4,High,-1.0042036204511777,4.260772586267197,Low,Gold
2385,24,Male,Blouse,Clothing,35,Alabama,L,Green,Winter,3.3,No,2-Day Shipping,No,40,PayPal,Quarterly,4,10.0,1435,0,0.4,Medium,0.21253418684546,2.018586664293223,Medium,Gold
2386,41,Male,Scarf,Accessories,31,Oklahoma,M,Brown,Fall,3.8,No,Express,No,12,PayPal,Weekly,52,0.23076923076923078,403,0,0.4,Medium,1.129935695449531,0.12390581864533268,High,Bronze
2387,19,Male,Socks,Clothing,33,Illinois,L,Blue,Summer,2.9,No,Standard,No,14,Venmo,Monthly,12,1.1666666666666667,495,0,0.4,Low,-1.1112145892343297,-0.8886865340170909,Low,Bronze
2388,36,Male,Hat,Accessories,95,Tennessee,M,Gold,Summer,4.0,No,2-Day Shipping,No,14,Debit Card,Monthly,12,1.1666666666666667,1425,0,0.4,Medium,-1.1112145892343297,0.6528162873400154,Low,Gold
2389,21,Male,Dress,Clothing,68,Alabama,M,Peach,Fall,4.1,No,Store Pickup,No,10,Debit Card,Annually,1,10.0,748,0,0.4,High,-2.0424724679218196,3.139679625280209,Low,Silver
2390,25,Male,Coat,Outerwear,87,Kansas,M,Violet,Spring,3.1,No,Store Pickup,No,17,Bank Transfer,Quarterly,4,4.25,1566,0,0.4,Medium,-1.3794780459428573,0.2107271643355274,Low,Gold
2391,65,Male,Shirt,Clothing,64,Arizona,XL,Yellow,Winter,4.6,No,Express,No,24,Debit Card,Fortnightly,26,0.9230769230769231,1600,0,0.4,High,0.41381978826741256,1.4289222088951754,Medium,Gold
2392,42,Male,Shirt,Clothing,74,Michigan,M,Black,Winter,4.6,No,Next Day Air,No,31,Bank Transfer,Quarterly,4,7.75,2368,0,0.4,High,-0.4104271216369251,3.242611580792791,Medium,Platinum
2393,40,Male,Jeans,Clothing,62,Missouri,L,Silver,Spring,2.6,No,2-Day Shipping,No,36,Cash,Annually,1,10.0,2294,0,0.4,Low,-0.2428064656393738,1.0376303234296105,Medium,Platinum
2394,58,Male,Socks,Clothing,97,Louisiana,M,Brown,Winter,5.0,No,2-Day Shipping,No,38,PayPal,Quarterly,4,9.5,3783,0,0.4,High,0.07409834051604103,4.268075618589617,Medium,Platinum
2395,40,Male,Sandals,Footwear,47,Connecticut,L,Peach,Fall,2.9,No,2-Day Shipping,No,23,Debit Card,Fortnightly,26,0.8846153846153846,1128,0,0.4,Low,0.34460186510270313,-0.963618301494551,Medium,Silver
2396,62,Male,Blouse,Clothing,83,Connecticut,M,Cyan,Winter,3.5,No,2-Day Shipping,No,47,PayPal,Bi-Weekly,26,1.8076923076923077,3984,0,0.4,Medium,2.00583202105573,0.12243265826283123,High,Platinum
2397,38,Male,Shirt,Clothing,82,Oregon,M,Olive,Spring,3.7,No,2-Day Shipping,No,20,Venmo,Weekly,52,0.38461538461538464,1722,0,0.4,Medium,1.6836790807672066,0.02464107169148355,High,Gold
2398,37,Male,Sunglasses,Accessories,26,West Virginia,L,Black,Fall,2.9,No,Store Pickup,No,41,Venmo,Monthly,12,3.4166666666666665,1092,0,0.4,Low,0.7576693362128253,-0.29093538891280635,Medium,Silver
2399,65,Male,Jacket,Outerwear,81,Florida,M,Orange,Winter,4.3,No,Free Shipping,No,44,Bank Transfer,Fortnightly,26,1.6923076923076923,3645,0,0.4,High,1.7981782515616014,1.2128717143726746,High,Platinum
2400,55,Male,Dress,Clothing,44,New Hampshire,L,Beige,Spring,3.2,No,Store Pickup,No,31,Cash,Monthly,12,2.5833333333333335,1408,0,0.4,Medium,0.06549010456573084,-0.09191484154427298,Medium,Gold
2401,43,Male,Sunglasses,Accessories,88,Oregon,M,Peach,Winter,4.2,No,Next Day Air,No,11,Credit Card,Bi-Weekly,26,0.4230769230769231,1056,0,0.4,High,-0.4860132128738103,0.7355421406007309,Low,Silver
2402,43,Male,Boots,Footwear,76,Oregon,M,Pink,Winter,4.2,No,Standard,No,25,PayPal,Bi-Weekly,26,0.9615384615384616,1976,0,0.4,High,0.48303771143212204,0.8785936966940641,Medium,Gold
2403,45,Male,Scarf,Accessories,89,Utah,M,Brown,Winter,3.8,No,Free Shipping,No,31,Cash,Weekly,52,0.5961538461538461,2848,0,0.4,Medium,2.4450762355790108,0.22097651742295155,High,Platinum
2404,64,Male,Shorts,Clothing,22,Missouri,M,Magenta,Fall,4.4,No,Standard,No,40,Debit Card,Weekly,52,0.7692307692307693,902,0,0.4,High,3.0680375440613954,1.1077770954789061,High,Silver
2405,28,Male,Shorts,Clothing,33,West Virginia,L,Cyan,Winter,3.1,No,2-Day Shipping,No,23,Credit Card,Bi-Weekly,26,0.8846153846153846,792,0,0.4,Medium,0.34460186510270313,-0.6833450612478043,Medium,Silver
2406,69,Male,Jeans,Clothing,97,California,XL,Silver,Fall,5.0,No,Standard,No,5,Debit Card,Quarterly,4,1.25,582,0,0.4,High,-2.210093123919371,2.076321419873907,Low,Bronze
2407,54,Male,Scarf,Accessories,57,California,M,Indigo,Winter,4.7,No,Standard,No,26,PayPal,Weekly,52,0.5,1539,0,0.4,High,2.0989866197554634,1.456661177802359,High,Gold
2408,52,Male,Shorts,Clothing,38,Illinois,M,Beige,Summer,3.0,No,Express,No,11,Credit Card,Bi-Weekly,26,0.4230769230769231,456,0,0.4,Low,-0.4860132128738103,-0.9460973008797491,Low,Bronze
2409,23,Male,Sneakers,Footwear,55,Hawaii,XL,Black,Fall,4.2,No,Next Day Air,No,44,Debit Card,Quarterly,4,10.0,2475,0,0.4,High,0.4894058795042977,3.279816245403583,Medium,Platinum
2410,26,Male,Jewelry,Accessories,37,Washington,L,Yellow,Spring,3.0,No,Store Pickup,No,47,Cash,Quarterly,4,10.0,1776,0,0.4,Low,0.6970596489984262,1.5981768039231035,Medium,Gold
2411,48,Male,Shoes,Footwear,43,Wisconsin,M,Maroon,Summer,3.7,No,Free Shipping,No,46,PayPal,Monthly,12,3.8333333333333335,2021,0,0.4,Medium,1.1037589520363724,0.9408522285749739,High,Gold
2412,49,Male,Hoodie,Clothing,96,Virginia,M,Cyan,Summer,2.7,No,Free Shipping,No,35,Cash,Quarterly,4,8.75,3456,0,0.4,Low,-0.13355542897808725,0.8456829740506036,Medium,Platinum
2413,53,Male,Jacket,Outerwear,51,Oregon,M,Pink,Winter,4.3,No,2-Day Shipping,No,8,Bank Transfer,Bi-Weekly,26,0.3076923076923077,459,0,0.4,High,-0.6936669823679386,0.8450248558469609,Low,Bronze
2414,69,Male,Shorts,Clothing,95,Pennsylvania,XL,Violet,Fall,2.7,No,2-Day Shipping,No,30,Bank Transfer,Weekly,52,0.5769230769230769,2945,0,0.4,Low,2.375858312414301,-1.3256352880803446,High,Platinum
2415,26,Male,Socks,Clothing,26,Virginia,M,Lavender,Summer,3.7,No,Next Day Air,No,14,Credit Card,Bi-Weekly,26,0.5384615384615384,390,0,0.4,Medium,-0.2783594433796819,0.06551294486100723,Medium,Bronze
2416,21,Male,Coat,Outerwear,34,Hawaii,XL,Lavender,Fall,4.3,No,Standard,No,30,Bank Transfer,Weekly,52,0.5769230769230769,1054,0,0.4,High,2.375858312414301,0.9165506338936273,High,Silver
2417,59,Male,Sandals,Footwear,83,Nebraska,S,Black,Summer,4.0,No,Next Day Air,No,26,Credit Card,Quarterly,4,6.5,2241,0,0.4,Medium,-0.7565167374604723,2.0697078905501716,Low,Gold
2418,21,Male,Backpack,Accessories,24,Alaska,M,Olive,Fall,3.3,No,Standard,No,32,Venmo,Fortnightly,26,1.2307692307692308,792,0,0.4,Medium,0.9675631735850881,-0.31111010636962955,High,Silver
2419,22,Male,Pants,Clothing,69,Michigan,S,Indigo,Fall,4.0,No,Next Day Air,No,47,Cash,Quarterly,4,10.0,3312,0,0.4,Medium,0.6970596489984262,2.9995430051568364,Medium,Platinum
2420,26,Male,Sweater,Clothing,40,North Carolina,M,Blue,Fall,2.7,No,Next Day Air,No,11,Credit Card,Quarterly,4,2.75,480,0,0.4,Low,-1.794785584931114,-0.7483200795608218,Low,Bronze
2421,41,Male,Jacket,Outerwear,87,North Carolina,S,Green,Winter,4.2,No,Free Shipping,No,28,PayPal,Annually,1,10.0,2523,0,0.4,High,-0.7965498509570494,3.279816245403583,Low,Platinum
2422,37,Male,Sneakers,Footwear,46,Minnesota,L,Pink,Spring,4.6,No,Standard,No,2,Debit Card,Quarterly,4,0.5,138,0,0.4,High,-2.417746893413499,1.316524557678985,Low,Bronze
2423,30,Male,Jewelry,Accessories,82,Georgia,M,Peach,Winter,4.8,No,Store Pickup,No,45,Credit Card,Weekly,52,0.8653846153846154,3772,0,0.4,High,3.4141271598849428,1.693868496703351,High,Platinum
2424,49,Male,Backpack,Accessories,81,West Virginia,M,Purple,Summer,2.8,No,Free Shipping,No,7,Credit Card,Quarterly,4,1.75,648,0,0.4,Low,-2.071657277589952,-0.8738506350393536,Low,Bronze
2425,49,Male,Jewelry,Accessories,57,Delaware,M,Peach,Winter,4.5,No,Next Day Air,No,28,Bank Transfer,Bi-Weekly,26,1.0769230769230769,1653,0,0.4,High,0.6906914809262503,1.3296574619413264,Medium,Gold
2426,58,Male,Shoes,Footwear,49,North Dakota,S,Olive,Summer,3.0,No,2-Day Shipping,No,34,Bank Transfer,Quarterly,4,8.5,1715,0,0.4,Low,-0.20277335214279668,1.199676040520247,Medium,Gold
2427,70,Male,Jacket,Outerwear,42,Florida,M,Olive,Fall,4.6,No,Free Shipping,No,26,Debit Card,Quarterly,4,6.5,1134,0,0.4,High,-0.7565167374604723,2.9105276112904104,Low,Silver
2428,27,Male,Jacket,Outerwear,26,Oregon,M,Purple,Spring,3.3,No,Standard,No,45,Cash,Quarterly,4,10.0,1196,0,0.4,Medium,0.5586238026690071,2.018586664293223,Medium,Silver
2429,65,Male,T-shirt,Clothing,38,Idaho,M,Violet,Spring,4.4,No,Next Day Air,No,34,Debit Card,Annually,1,10.0,1330,0,0.4,High,-0.38124231196879266,3.5600894856503302,Medium,Silver
2430,57,Male,Sneakers,Footwear,57,Virginia,XL,Maroon,Summer,4.4,No,Standard,No,47,Credit Card,Fortnightly,26,1.8076923076923077,2736,0,0.4,High,2.00583202105573,1.3836622393731912,High,Platinum
2431,20,Male,Jacket,Outerwear,100,North Dakota,XL,White,Summer,4.3,No,Express,No,42,Cash,Quarterly,4,10.0,4300,0,0.4,High,0.35097003317487885,3.419952865526956,Medium,Platinum
2432,34,Male,Hoodie,Clothing,73,Alabama,S,Olive,Fall,3.4,No,Express,No,27,Bank Transfer,Quarterly,4,6.75,2044,0,0.4,Medium,-0.6872988142957629,1.2953049637104077,Low,Gold
2433,59,Male,Jacket,Outerwear,66,Hawaii,M,Peach,Winter,2.8,No,Store Pickup,No,43,Venmo,Monthly,12,3.5833333333333335,2904,0,0.4,Low,0.8961051825422441,-0.3867941464358622,High,Platinum
2434,54,Male,T-shirt,Clothing,73,Oregon,M,Blue,Spring,3.4,No,Standard,No,16,Cash,Bi-Weekly,26,0.6153846153846154,1241,0,0.4,Medium,-0.13992359705026303,-0.3344609789243511,Medium,Silver
2435,36,Male,Gloves,Accessories,45,Utah,M,Brown,Spring,5.0,No,Store Pickup,No,40,Credit Card,Monthly,12,3.3333333333333335,1845,0,0.4,High,0.6884514130481159,2.6297947023778745,Medium,Gold
2436,21,Male,Sneakers,Footwear,27,Hawaii,S,Black,Fall,4.5,No,Free Shipping,No,29,Cash,Bi-Weekly,26,1.1153846153846154,810,0,0.4,High,0.7599094040909598,1.3398754302337075,Medium,Silver
2437,52,Male,T-shirt,Clothing,24,Connecticut,M,Yellow,Fall,2.7,No,Store Pickup,No,38,Credit Card,Quarterly,4,9.5,936,0,0.4,Low,0.07409834051604103,1.044933355752032,Medium,Silver
2438,43,Male,Sneakers,Footwear,59,Wyoming,XL,Magenta,Winter,3.4,No,Store Pickup,No,34,Credit Card,Weekly,52,0.6538461538461539,2065,0,0.4,Medium,2.652730005073139,-0.32424301063197025,High,Gold
2439,32,Male,Jeans,Clothing,20,Delaware,S,Cyan,Winter,3.4,No,Express,No,30,Venmo,Weekly,52,0.5769230769230769,620,0,0.4,Medium,2.375858312414301,-0.3446789472167322,High,Bronze
2440,55,Male,Handbag,Accessories,44,Arkansas,M,Maroon,Summer,2.8,No,Standard,No,45,Bank Transfer,Annually,1,10.0,2024,0,0.4,Low,0.38015484284301115,1.3179035636763567,Medium,Gold
2441,31,Male,Socks,Clothing,90,Indiana,M,Red,Spring,4.7,No,Standard,No,47,Bank Transfer,Annually,1,10.0,4320,0,0.4,High,0.5185906891724302,3.9804993460204496,Medium,Platinum
2442,45,Male,Jewelry,Accessories,36,California,M,Black,Fall,4.7,No,Free Shipping,No,5,Credit Card,Monthly,12,0.4166666666666667,216,0,0.4,High,-1.734175897716715,1.4345222465022003,Low,Bronze
2443,53,Male,Blouse,Clothing,95,Wyoming,L,Violet,Winter,4.7,No,Free Shipping,No,50,Debit Card,Bi-Weekly,26,1.9230769230769231,4845,0,0.4,High,2.2134857905498584,1.8347260046204537,High,Platinum
2444,24,Male,Backpack,Accessories,30,South Dakota,M,Green,Spring,3.4,No,2-Day Shipping,No,24,Bank Transfer,Bi-Weekly,26,0.9230769230769231,750,0,0.4,Medium,0.41381978826741256,-0.25271723258530354,Medium,Silver
2445,47,Male,Scarf,Accessories,65,West Virginia,S,Gold,Fall,3.7,No,Express,No,15,Debit Card,Bi-Weekly,26,0.5769230769230769,1040,0,0.4,Medium,-0.20914152021497245,0.07573091315338809,Medium,Silver
2446,63,Male,Scarf,Accessories,96,Tennessee,M,Brown,Summer,4.1,No,Store Pickup,No,50,Cash,Weekly,52,0.9615384615384616,4896,0,0.4,High,3.76021677570849,0.7384570765706899,High,Platinum
2447,38,Male,Shirt,Clothing,65,Alaska,L,Peach,Spring,2.9,No,2-Day Shipping,No,7,Credit Card,Monthly,12,0.5833333333333334,520,0,0.4,Low,-1.595740051387296,-1.0436590531182017,Low,Bronze
2448,59,Male,Pants,Clothing,47,South Dakota,L,Peach,Fall,3.2,No,Store Pickup,No,10,Venmo,Fortnightly,26,0.38461538461538464,517,0,0.4,Medium,-0.5552311360385197,-0.6760420289253828,Low,Bronze
2449,54,Male,Hat,Accessories,25,Tennessee,S,Violet,Fall,3.0,No,Free Shipping,No,38,PayPal,Bi-Weekly,26,1.4615384615384615,975,0,0.4,Low,1.3828707125733448,-0.6702121569854635,High,Silver
2450,26,Male,Coat,Outerwear,56,Alabama,S,Violet,Fall,4.1,No,Express,No,31,Venmo,Fortnightly,26,1.1923076923076923,1792,0,0.4,High,0.8983452504203787,0.7997648863249756,High,Gold
2451,68,Male,T-shirt,Clothing,76,North Carolina,M,Magenta,Fall,4.5,No,Standard,No,7,Venmo,Quarterly,4,1.75,608,0,0.4,High,-2.071657277589952,1.5084719070579928,Low,Bronze
2452,41,Male,Socks,Clothing,60,Oklahoma,M,Purple,Fall,3.4,No,Store Pickup,No,27,Venmo,Monthly,12,2.25,1680,0,0.4,Medium,-0.21138158809310695,0.09980267350183847,Medium,Gold
2453,68,Male,Shirt,Clothing,67,New York,L,Purple,Winter,4.1,No,Express,No,45,Bank Transfer,Quarterly,4,10.0,3082,0,0.4,High,0.5586238026690071,3.139679625280209,Medium,Platinum
2454,21,Male,Sweater,Clothing,95,Iowa,XL,Cyan,Spring,4.6,No,Store Pickup,No,13,Cash,Annually,1,10.0,1330,0,0.4,High,-1.834818698427691,3.8403627258970756,Low,Silver
2455,32,Male,Gloves,Accessories,72,Alaska,M,Magenta,Winter,4.6,No,Express,No,33,Venmo,Annually,1,10.0,2448,0,0.4,High,-0.4504602351335022,3.8403627258970756,Medium,Platinum
2456,20,Male,Belt,Accessories,98,Alaska,L,Lavender,Spring,3.4,No,Express,No,25,Cash,Quarterly,4,6.25,2548,0,0.4,Medium,-0.8257346606251817,1.1624713759094556,Low,Platinum
2457,59,Male,Jeans,Clothing,83,Nebraska,M,Green,Winter,3.3,No,2-Day Shipping,No,5,PayPal,Monthly,12,0.4166666666666667,498,0,0.4,Medium,-1.734175897716715,-0.527390435225026,Low,Bronze
2458,53,Male,Handbag,Accessories,37,Delaware,M,Maroon,Fall,3.6,No,2-Day Shipping,No,23,Cash,Quarterly,4,5.75,888,0,0.4,Medium,-0.9641705069546007,1.3099110283552502,Low,Silver
2459,66,Male,T-shirt,Clothing,85,Texas,L,Turquoise,Fall,4.6,No,Free Shipping,No,17,Bank Transfer,Weekly,52,0.3269230769230769,1530,0,0.4,High,1.4760253112730783,1.270543700363271,High,Gold
2460,47,Male,Socks,Clothing,36,Missouri,L,Violet,Fall,4.3,No,2-Day Shipping,No,14,Cash,Weekly,52,0.2692307692307692,540,0,0.4,High,1.2683715417789498,0.83480688755458,High,Bronze
2461,58,Male,Jeans,Clothing,36,Maine,S,Lavender,Winter,4.0,No,Store Pickup,No,28,Credit Card,Annually,1,10.0,1044,0,0.4,Medium,-0.7965498509570494,2.9995430051568364,Low,Silver
2462,28,Male,Scarf,Accessories,86,Pennsylvania,L,Red,Summer,4.8,No,Next Day Air,No,19,Credit Card,Weekly,52,0.36538461538461536,1720,0,0.4,High,1.6144611576024972,1.561034908902399,High,Gold
2463,68,Male,Pants,Clothing,99,Missouri,XL,Orange,Spring,4.3,No,Standard,No,31,Bank Transfer,Bi-Weekly,26,1.1923076923076923,3168,0,0.4,High,0.8983452504203787,1.0800381265717225,High,Platinum
2464,60,Male,Blouse,Clothing,21,Mississippi,XL,Indigo,Summer,3.3,No,Standard,No,25,Cash,Bi-Weekly,26,0.9615384615384616,546,0,0.4,Medium,0.48303771143212204,-0.38263588441629603,Medium,Bronze
2465,47,Male,Jacket,Outerwear,84,Hawaii,L,Teal,Winter,2.8,No,Express,No,4,Cash,Bi-Weekly,26,0.15384615384615385,420,0,0.4,Low,-0.9705386750267765,-1.2978963191731623,Low,Bronze
2466,18,Male,Sandals,Footwear,63,Texas,M,Brown,Spring,4.4,No,Free Shipping,No,20,Bank Transfer,Weekly,52,0.38461538461538464,1323,0,0.4,High,1.6836790807672066,1.0055974125550968,High,Silver
2467,32,Male,Shorts,Clothing,84,South Dakota,S,Pink,Summer,3.7,No,Express,No,37,Cash,Annually,1,10.0,3192,0,0.4,Medium,-0.17358854247466438,2.5791331447867165,Medium,Platinum
2468,27,Male,Shorts,Clothing,72,New Jersey,M,Lavender,Spring,3.6,No,Express,No,28,Credit Card,Annually,1,10.0,2088,0,0.4,Medium,-0.7965498509570494,2.4389965246633434,Low,Gold
2469,65,Male,Skirt,Clothing,21,Connecticut,L,Cyan,Winter,3.7,No,2-Day Shipping,No,6,Venmo,Weekly,52,0.11538461538461539,147,0,0.4,Medium,0.7146281564612744,-0.04688470635518294,Medium,Bronze
2470,68,Male,Sandals,Footwear,92,Maryland,M,Yellow,Fall,5.0,No,Standard,No,27,PayPal,Annually,1,10.0,2576,0,0.4,High,-0.8657677741217589,4.400909206390569,Low,Platinum
2471,55,Male,Blouse,Clothing,72,Arizona,XL,Pink,Fall,2.7,No,Next Day Air,No,29,Credit Card,Fortnightly,26,1.1153846153846154,2160,0,0.4,Low,0.7599094040909598,-1.1825837319870116,Medium,Gold
2472,30,Male,Sandals,Footwear,83,Oklahoma,M,Gray,Spring,4.3,No,Store Pickup,No,1,Cash,Annually,1,1.0,166,0,0.4,High,-2.6654337764042046,1.0289482851098177,Low,Bronze
2473,24,Male,Shirt,Clothing,73,Utah,M,Peach,Summer,4.1,No,Standard,No,31,Credit Card,Annually,1,10.0,2336,0,0.4,High,-0.588896081462921,3.139679625280209,Low,Platinum
2474,57,Male,Socks,Clothing,98,Arkansas,M,Red,Winter,2.6,No,Next Day Air,No,28,Cash,Quarterly,4,7.0,2842,0,0.4,Low,-0.6180808911310534,0.24062879662389758,Low,Platinum
2475,23,Male,T-shirt,Clothing,76,North Carolina,M,Olive,Fall,3.2,No,Store Pickup,No,19,Bank Transfer,Quarterly,4,4.75,1520,0,0.4,Medium,-1.2410421996134384,0.483697372259853,Low,Gold
2476,69,Male,Dress,Clothing,43,California,S,Lavender,Summer,3.5,No,Next Day Air,No,36,Venmo,Monthly,12,3.0,1591,0,0.4,Medium,0.4115797203892781,0.4391896753266402,Medium,Gold
2477,60,Male,Hat,Accessories,60,Colorado,M,Turquoise,Summer,3.7,No,Next Day Air,No,28,Cash,Monthly,12,2.3333333333333335,1740,0,0.4,Medium,-0.1421636649283975,0.5423514651721175,Medium,Gold
2478,25,Male,Gloves,Accessories,40,California,L,Turquoise,Spring,3.8,No,2-Day Shipping,No,29,PayPal,Weekly,52,0.5576923076923077,1200,0,0.4,Medium,2.3066403892495915,0.21075854913057046,High,Silver
2479,18,Male,Socks,Clothing,93,Vermont,S,Maroon,Winter,4.8,No,2-Day Shipping,No,9,Bank Transfer,Quarterly,4,2.25,930,0,0.4,High,-1.933221431260533,2.0617153552290644,Low,Silver
2480,37,Male,Dress,Clothing,98,Kansas,S,Olive,Fall,4.2,No,Standard,No,26,Credit Card,Quarterly,4,6.5,2646,0,0.4,High,-0.7565167374604723,2.3499811307969183,Low,Platinum
2481,61,Male,Socks,Clothing,91,Ohio,XL,Maroon,Summer,2.9,No,Next Day Air,No,7,Credit Card,Fortnightly,26,0.2692307692307692,728,0,0.4,Low,-0.762884905532648,-1.1271057941726461,Low,Silver
2482,41,Male,Belt,Accessories,92,New Jersey,XL,Cyan,Fall,2.9,No,Free Shipping,No,35,Debit Card,Weekly,52,0.6730769230769231,3312,0,0.4,Low,2.7219479282378485,-1.0198171271026464,High,Platinum
2483,69,Male,Handbag,Accessories,87,Arizona,S,Peach,Winter,4.8,No,Next Day Air,No,46,Credit Card,Quarterly,4,10.0,4089,0,0.4,High,0.6278417258337166,4.120635966143823,Medium,Platinum
2484,32,Male,Skirt,Clothing,96,Arizona,S,Teal,Fall,2.9,No,Standard,No,8,Debit Card,Monthly,12,0.6666666666666666,864,0,0.4,Low,-1.5265221282225865,-1.021520121818043,Low,Silver
2485,60,Male,Hoodie,Clothing,97,New Hampshire,M,Green,Summer,4.8,No,2-Day Shipping,No,50,Cash,Quarterly,4,10.0,4947,0,0.4,High,0.9047134184925545,4.120635966143823,High,Platinum
2486,43,Male,Blouse,Clothing,55,Louisiana,M,Beige,Spring,4.6,No,2-Day Shipping,No,37,Bank Transfer,Annually,1,10.0,2090,0,0.4,High,-0.17358854247466438,3.8403627258970756,Medium,Gold
2487,61,Male,Jeans,Clothing,58,Texas,L,Magenta,Spring,4.4,No,Store Pickup,No,6,Credit Card,Fortnightly,26,0.23076923076923078,406,0,0.4,High,-0.8321028286973574,0.9647255393855731,Low,Bronze
2488,57,Male,Boots,Footwear,21,Montana,L,Violet,Spring,3.0,No,Next Day Air,No,16,PayPal,Bi-Weekly,26,0.6153846153846154,357,0,0.4,Low,-0.13992359705026303,-0.8950074594178443,Medium,Bronze
2489,56,Male,Handbag,Accessories,82,New Hampshire,XL,Charcoal,Summer,4.4,No,Express,No,30,PayPal,Monthly,12,2.5,2542,0,0.4,High,-0.003727818598978583,1.567585668636048,Medium,Platinum
2490,66,Male,Coat,Outerwear,34,South Dakota,M,Green,Winter,3.9,No,Express,No,50,Venmo,Quarterly,4,10.0,1734,0,0.4,Medium,0.9047134184925545,2.859406385033463,High,Gold
2491,52,Male,Blouse,Clothing,78,Montana,M,Gray,Spring,4.0,No,Free Shipping,No,5,Cash,Quarterly,4,1.25,468,0,0.4,Medium,-2.210093123919371,0.6749552186401742,Low,Bronze
2492,63,Male,Handbag,Accessories,47,North Carolina,M,Magenta,Spring,2.5,No,Express,No,15,Bank Transfer,Monthly,12,1.25,752,0,0.4,Low,-1.0419966660696203,-1.427094083210425,Low,Silver
2493,50,Male,Sunglasses,Accessories,96,South Dakota,S,Silver,Summer,4.1,No,Next Day Air,No,34,Bank Transfer,Bi-Weekly,26,1.3076923076923077,3360,0,0.4,High,1.105999019914507,0.8304187912021181,High,Platinum
2494,21,Male,Socks,Clothing,23,Maine,S,Beige,Fall,4.8,No,2-Day Shipping,No,6,Venmo,Quarterly,4,1.5,161,0,0.4,High,-2.140875200754661,1.8624649735276364,Low,Bronze
2495,42,Male,Shoes,Footwear,27,Oklahoma,S,Peach,Winter,2.6,No,Store Pickup,No,26,Debit Card,Annually,1,10.0,729,0,0.4,Low,-0.9349856972864683,1.0376303234296105,Low,Silver
2496,40,Male,Backpack,Accessories,37,Nebraska,XL,Orange,Spring,3.1,No,Free Shipping,No,34,Credit Card,Quarterly,4,8.5,1295,0,0.4,Medium,-0.20277335214279668,1.3398126606436205,Medium,Silver
2497,67,Male,Scarf,Accessories,79,Illinois,S,Yellow,Summer,3.2,No,Store Pickup,No,37,Credit Card,Weekly,52,0.7115384615384616,3002,0,0.4,Medium,2.8603837745672673,-0.5891892984401448,High,Platinum
2498,35,Male,Backpack,Accessories,40,Colorado,M,Violet,Summer,4.2,No,Standard,No,28,Bank Transfer,Annually,1,10.0,1160,0,0.4,High,-0.7965498509570494,3.279816245403583,Low,Silver
2499,18,Male,Coat,Outerwear,39,Massachusetts,S,Green,Fall,2.6,No,Next Day Air,No,38,Cash,Fortnightly,26,1.4615384615384615,1521,0,0.4,Low,1.3828707125733448,-1.2307586374789565,High,Gold
2500,52,Male,Hoodie,Clothing,73,Louisiana,L,Pink,Summer,3.1,No,Next Day Air,No,2,Cash,Quarterly,4,0.5,219,0,0.4,Medium,-2.417746893413499,-0.7855247441716136,Low,Bronze
2501,59,Male,Gloves,Accessories,84,Massachusetts,M,Violet,Fall,2.9,No,Store Pickup,No,32,Cash,Bi-Weekly,26,1.2307692307692308,2772,0,0.4,Low,0.9675631735850881,-0.8716565868631228,High,Platinum
2502,49,Male,Shorts,Clothing,94,West Virginia,M,Violet,Fall,4.6,No,Free Shipping,No,30,Venmo,Bi-Weekly,26,1.1538461538461537,2914,0,0.4,High,0.8291273272556693,1.490230018649461,High,Platinum
2503,46,Male,Skirt,Clothing,47,Idaho,L,Pink,Spring,4.1,No,Standard,No,17,PayPal,Quarterly,4,4.25,846,0,0.4,High,-1.3794780459428573,1.6120933655692595,Low,Silver
2504,69,Male,Boots,Footwear,77,Ohio,M,Violet,Summer,2.5,No,Store Pickup,No,5,Debit Card,Bi-Weekly,26,0.19230769230769232,462,0,0.4,Low,-0.9013207518620671,-1.7080882112509008,Low,Bronze
2505,56,Male,Shorts,Clothing,94,Rhode Island,M,Turquoise,Winter,4.0,No,Store Pickup,No,31,Cash,Bi-Weekly,26,1.1923076923076923,3008,0,0.4,Medium,0.8983452504203787,0.6596282662016029,High,Platinum
2506,27,Male,Handbag,Accessories,75,Illinois,M,Cyan,Summer,3.5,No,Express,No,43,PayPal,Quarterly,4,10.0,3300,0,0.4,Medium,0.4201879563395883,2.2988599045399702,Medium,Platinum
2507,57,Male,Dress,Clothing,82,New York,XL,Orange,Spring,4.4,No,Free Shipping,No,19,Venmo,Annually,1,10.0,1640,0,0.4,High,-1.4195111594394345,3.5600894856503302,Low,Gold
2508,58,Male,Shoes,Footwear,36,Louisiana,M,Cyan,Fall,2.9,No,Store Pickup,No,32,Credit Card,Quarterly,4,8.0,1188,0,0.4,Low,-0.34120919847221565,0.9267058325959214,Medium,Silver
2509,23,Male,Sneakers,Footwear,90,California,XL,Indigo,Spring,3.1,No,2-Day Shipping,No,5,Debit Card,Bi-Weekly,26,0.19230769230769232,540,0,0.4,Medium,-0.9013207518620671,-0.8672684905106611,Low,Bronze
2510,19,Male,Socks,Clothing,48,Washington,M,Black,Spring,4.4,No,Free Shipping,No,9,Bank Transfer,Quarterly,4,2.25,480,0,0.4,High,-1.933221431260533,1.501168874735572,Low,Bronze
2511,40,Male,Jacket,Outerwear,42,South Dakota,L,Purple,Winter,4.4,No,Standard,No,48,Credit Card,Weekly,52,0.9230769230769231,2058,0,0.4,High,3.6217809293790713,1.14864896864843,High,Gold
2512,54,Male,Backpack,Accessories,33,Idaho,M,Cyan,Summer,2.7,No,Store Pickup,No,1,PayPal,Quarterly,4,0.25,66,0,0.4,Low,-2.4869648165782086,-1.4124880185655826,Low,Bronze
2513,50,Male,Socks,Clothing,63,North Dakota,M,Green,Summer,4.9,No,Free Shipping,No,20,Credit Card,Monthly,12,1.6666666666666667,1323,0,0.4,High,-0.6959070502460731,2.046879456251328,Low,Silver
2514,69,Male,Handbag,Accessories,53,Washington,L,Teal,Winter,3.5,No,2-Day Shipping,No,42,Cash,Annually,1,10.0,2279,0,0.4,Medium,0.17250107334888287,2.2988599045399702,Medium,Gold
2515,42,Male,Hat,Accessories,37,Alaska,L,Teal,Spring,4.8,No,Free Shipping,No,45,PayPal,Bi-Weekly,26,1.7307692307692308,1702,0,0.4,High,1.867396174726311,1.923772783281922,High,Gold
2516,37,Male,Blouse,Clothing,92,Kansas,M,Magenta,Summer,4.2,No,2-Day Shipping,No,41,Cash,Monthly,12,3.4166666666666665,3864,0,0.4,High,0.7576693362128253,1.5308406726910468,Medium,Platinum
2517,46,Male,Shorts,Clothing,73,Utah,XL,Brown,Spring,4.6,No,Standard,No,36,Debit Card,Quarterly,4,9.0,2701,0,0.4,High,-0.06433750581337783,3.5746955502951714,Medium,Platinum
2518,64,Male,Shirt,Clothing,38,Wyoming,L,Orange,Spring,2.9,No,Standard,No,10,Venmo,Annually,1,10.0,418,0,0.4,Low,-2.0424724679218196,1.45804018379973,Low,Bronze
2519,20,Male,Boots,Footwear,51,Maine,XL,Blue,Fall,4.0,No,Store Pickup,No,31,Venmo,Annually,1,10.0,1632,0,0.4,Medium,-0.588896081462921,2.9995430051568364,Low,Gold
2520,40,Male,Jacket,Outerwear,90,Michigan,L,Magenta,Spring,4.9,No,Standard,No,21,Credit Card,Quarterly,4,5.25,1980,0,0.4,High,-1.1026063532840196,2.998853502158151,Low,Gold
2521,64,Male,Jacket,Outerwear,56,Illinois,L,Magenta,Summer,3.1,No,Next Day Air,No,16,Cash,Quarterly,4,4.0,952,0,0.4,Medium,-1.448695969107567,0.14431037043505135,Low,Silver
2522,29,Male,Handbag,Accessories,33,Minnesota,M,Magenta,Fall,4.4,No,Standard,No,18,PayPal,Quarterly,4,4.5,627,0,0.4,High,-1.310260122778148,2.0989200198398565,Low,Bronze
2523,20,Male,Belt,Accessories,53,Massachusetts,S,Olive,Winter,2.5,No,2-Day Shipping,No,20,Debit Card,Weekly,52,0.38461538461538464,1113,0,0.4,Low,1.6836790807672066,-1.656998369788996,High,Silver
2524,43,Male,Handbag,Accessories,24,New Jersey,S,Cyan,Spring,3.4,No,Express,No,21,Bank Transfer,Annually,1,10.0,528,0,0.4,Medium,-1.2810753131100157,2.1587232844165967,Low,Bronze
2525,60,Male,Coat,Outerwear,59,Kansas,M,Purple,Spring,3.7,No,Express,No,23,Credit Card,Quarterly,4,5.75,1416,0,0.4,Medium,-0.9641705069546007,1.4500476484786238,Low,Gold
2526,39,Male,Sweater,Clothing,72,Kentucky,M,Purple,Winter,4.2,No,Standard,No,20,PayPal,Weekly,52,0.38461538461538464,1512,0,0.4,High,1.6836790807672066,0.72532417230835,High,Gold
2527,47,Male,Shorts,Clothing,28,Rhode Island,S,Peach,Spring,3.4,No,Express,No,30,PayPal,Bi-Weekly,26,1.1538461538461537,868,0,0.4,Medium,0.8291273272556693,-0.19140942283101814,High,Silver
2528,19,Male,Pants,Clothing,36,Illinois,M,Gold,Fall,3.6,No,Express,No,33,Bank Transfer,Quarterly,4,8.25,1224,0,0.4,Medium,-0.2719912753075062,1.9740789673600108,Medium,Silver
2529,52,Male,Jewelry,Accessories,47,Alabama,S,Peach,Fall,4.7,No,2-Day Shipping,No,31,Debit Card,Monthly,12,2.5833333333333335,1504,0,0.4,High,0.06549010456573084,2.0101344603063263,Medium,Gold
2530,34,Male,Gloves,Accessories,62,Tennessee,M,Magenta,Spring,4.7,No,Next Day Air,No,48,Bank Transfer,Monthly,12,4.0,3038,0,0.4,High,1.2421947983657915,2.3864962924090243,High,Platinum
2531,25,Male,Skirt,Clothing,98,Massachusetts,S,Cyan,Spring,3.6,No,Free Shipping,No,28,Debit Card,Weekly,52,0.5384615384615384,2842,0,0.4,Medium,2.2374224660848823,-0.07462367526236613,High,Platinum
2532,43,Male,Sandals,Footwear,28,Texas,M,Violet,Summer,4.6,No,Free Shipping,No,7,Cash,Quarterly,4,1.75,224,0,0.4,High,-2.071657277589952,1.6486085271813655,Low,Bronze
2533,55,Male,Socks,Clothing,86,Nebraska,S,Charcoal,Summer,2.6,No,Next Day Air,No,4,Debit Card,Weekly,52,0.07692307692307693,430,0,0.4,Low,0.5761923101318553,-1.5986054960046703,Medium,Bronze
2534,66,Male,Jewelry,Accessories,46,Pennsylvania,S,Blue,Summer,3.1,No,Standard,No,49,Cash,Bi-Weekly,26,1.8846153846153846,2300,0,0.4,Medium,2.1442678673851487,-0.4176778856459,High,Platinum
2535,41,Male,Sunglasses,Accessories,42,Virginia,XL,Red,Fall,3.2,No,Free Shipping,No,22,Cash,Weekly,52,0.4230769230769231,966,0,0.4,Medium,1.8221149270966255,-0.6658240606330019,High,Silver
2536,47,Male,Coat,Outerwear,80,Vermont,S,Purple,Winter,3.9,No,Express,No,39,Bank Transfer,Fortnightly,26,1.5,3200,0,0.4,Medium,1.4520886357380545,0.6012353924172767,High,Platinum
2537,51,Male,Belt,Accessories,39,Oklahoma,L,Gray,Spring,4.9,No,Express,No,45,PayPal,Quarterly,4,10.0,1794,0,0.4,High,0.5586238026690071,4.260772586267197,Medium,Gold
2538,44,Male,Coat,Outerwear,49,Maine,M,Purple,Summer,4.1,No,2-Day Shipping,No,30,PayPal,Fortnightly,26,1.1538461538461537,1519,0,0.4,High,0.8291273272556693,0.7895469180325945,High,Gold
2539,18,Male,Scarf,Accessories,32,New Jersey,M,Silver,Summer,4.2,No,Next Day Air,No,33,Credit Card,Bi-Weekly,26,1.2692307692307692,1088,0,0.4,High,1.0367810967497975,0.9603374430331114,High,Silver
2540,33,Male,Sandals,Footwear,73,Massachusetts,M,Purple,Fall,4.1,No,Next Day Air,No,24,Cash,Bi-Weekly,26,0.9230769230769231,1825,0,0.4,High,0.41381978826741256,0.7282391082783091,Medium,Gold
2541,24,Male,Belt,Accessories,42,New Jersey,M,Charcoal,Summer,3.9,No,Free Shipping,No,11,Debit Card,Quarterly,4,2.75,504,0,0.4,Medium,-1.794785584931114,0.9333193619196571,Low,Bronze
2542,33,Male,Scarf,Accessories,58,Washington,M,Silver,Spring,2.7,No,Next Day Air,No,13,Venmo,Quarterly,4,3.25,812,0,0.4,Low,-1.6563497386016952,-0.6154864917598697,Low,Silver
2543,61,Male,Jewelry,Accessories,22,Arkansas,M,White,Winter,3.7,No,Express,No,27,PayPal,Annually,1,10.0,616,0,0.4,Medium,-0.8657677741217589,2.5791331447867165,Low,Bronze
2544,27,Male,Scarf,Accessories,56,West Virginia,L,Peach,Spring,2.7,No,Next Day Air,No,30,PayPal,Bi-Weekly,26,1.1538461538461537,1736,0,0.4,Low,0.8291273272556693,-1.1723657636946307,High,Gold
2545,46,Male,Pants,Clothing,70,Delaware,M,Red,Spring,2.5,No,Next Day Air,No,39,Venmo,Quarterly,4,9.75,2800,0,0.4,Low,0.14331626368075057,0.8310769094057611,Medium,Platinum
2546,38,Male,Shoes,Footwear,50,Texas,L,Olive,Spring,3.9,No,Free Shipping,No,10,Debit Card,Annually,1,10.0,550,0,0.4,Medium,-2.0424724679218196,2.859406385033463,Low,Bronze
2547,63,Male,Boots,Footwear,21,Texas,L,Gray,Summer,3.0,No,Express,No,4,Credit Card,Quarterly,4,1.0,105,0,0.4,Low,-2.2793110470840805,-0.7928277764940348,Low,Bronze
2548,47,Male,Jacket,Outerwear,97,Mississippi,M,Beige,Summer,3.2,No,2-Day Shipping,No,16,Cash,Weekly,52,0.3076923076923077,1649,0,0.4,Medium,1.4068073881083687,-0.696477965510145,High,Gold
2549,42,Male,Backpack,Accessories,63,Texas,L,Pink,Winter,3.8,No,Standard,No,34,Credit Card,Monthly,12,2.8333333333333335,2205,0,0.4,Medium,0.27314387405985924,0.8153216730964424,Medium,Gold
2550,41,Male,Jacket,Outerwear,60,Virginia,M,Red,Fall,2.7,No,Standard,No,11,Debit Card,Quarterly,4,2.75,720,0,0.4,Low,-1.794785584931114,-0.7483200795608218,Low,Silver
2551,53,Male,Boots,Footwear,52,New Hampshire,XL,Peach,Fall,3.0,No,Store Pickup,No,30,Debit Card,Fortnightly,26,1.1538461538461537,1612,0,0.4,Low,0.8291273272556693,-0.7519559033245113,High,Gold
2552,29,Male,Shoes,Footwear,32,Minnesota,M,Maroon,Winter,4.1,No,Next Day Air,No,40,Debit Card,Annually,1,10.0,1312,0,0.4,High,0.03406522701946402,3.139679625280209,Medium,Silver
2553,61,Male,Belt,Accessories,48,Maryland,XL,Purple,Spring,3.2,No,2-Day Shipping,No,13,Credit Card,Annually,1,10.0,672,0,0.4,Medium,-1.834818698427691,1.8784500441698504,Low,Silver
2554,69,Male,Jewelry,Accessories,25,Vermont,M,Maroon,Summer,4.5,No,Store Pickup,No,28,Venmo,Quarterly,4,7.0,725,0,0.4,High,-0.6180808911310534,2.90322457896799,Low,Silver
2555,51,Male,Jewelry,Accessories,68,Kansas,M,Gray,Summer,4.3,No,Store Pickup,No,49,Debit Card,Bi-Weekly,26,1.8846153846153846,3400,0,0.4,High,2.1442678673851487,1.2639615558345791,High,Platinum
2556,24,Male,Pants,Clothing,74,Idaho,M,Gray,Fall,3.5,No,Standard,No,23,Credit Card,Weekly,52,0.4423076923076923,1776,0,0.4,Medium,1.891332850261335,-0.24030521611669187,High,Gold
2557,24,Male,T-shirt,Clothing,88,Montana,XL,Magenta,Fall,3.1,No,Standard,No,4,Bank Transfer,Quarterly,4,1.0,440,0,0.4,Medium,-2.2793110470840805,-0.6526911563706614,Low,Bronze
2558,70,Male,Shorts,Clothing,23,Oklahoma,L,Cyan,Spring,3.9,No,Standard,No,17,PayPal,Fortnightly,26,0.6538461538461539,414,0,0.4,Medium,-0.0707056738855536,0.3764400899848962,Medium,Bronze
2559,49,Male,Hoodie,Clothing,32,California,M,Silver,Fall,2.7,No,Express,No,24,PayPal,Fortnightly,26,0.9230769230769231,800,0,0.4,Low,0.41381978826741256,-1.2336735734489164,Medium,Silver
2560,48,Male,Belt,Accessories,71,Mississippi,S,Green,Winter,4.0,No,Free Shipping,No,21,Debit Card,Quarterly,4,5.25,1562,0,0.4,Medium,-1.1026063532840196,1.737623921047791,Low,Gold
2561,58,Male,Boots,Footwear,62,California,M,Violet,Spring,2.7,No,Next Day Air,No,17,Debit Card,Bi-Weekly,26,0.6538461538461539,1116,0,0.4,Low,-0.0707056738855536,-1.3051993514955829,Medium,Silver
2562,32,Male,Hoodie,Clothing,20,New York,L,Magenta,Spring,2.7,No,Free Shipping,No,22,Debit Card,Quarterly,4,5.5,460,0,0.4,Low,-1.0333884301193101,-0.017735346655585182,Low,Bronze
2563,57,Male,Shorts,Clothing,62,Arizona,XL,Yellow,Spring,4.7,No,Standard,No,27,Cash,Fortnightly,26,1.0384615384615385,1736,0,0.4,High,0.6214735577615409,1.599712733895692,Medium,Gold
2564,69,Male,Backpack,Accessories,81,Massachusetts,XL,Gray,Winter,4.5,No,Standard,No,1,Venmo,Quarterly,4,0.25,162,0,0.4,High,-2.4869648165782086,1.1099711436551365,Low,Bronze
2565,42,Male,Scarf,Accessories,90,Kentucky,L,Indigo,Winter,3.0,No,2-Day Shipping,No,27,Bank Transfer,Weekly,52,0.5192307692307693,2520,0,0.4,Low,2.1682045429201726,-0.9205523801487967,High,Platinum
2566,30,Male,Socks,Clothing,43,Vermont,S,Indigo,Fall,3.6,No,Store Pickup,No,8,Venmo,Quarterly,4,2.0,387,0,0.4,Medium,-2.0024393544252423,0.31365911984810924,Low,Bronze
2567,35,Male,Handbag,Accessories,38,Missouri,S,Yellow,Fall,3.3,No,Standard,No,43,PayPal,Quarterly,4,10.0,1672,0,0.4,Medium,0.4201879563395883,2.018586664293223,Medium,Gold
2568,19,Male,Sunglasses,Accessories,25,Michigan,XL,Gold,Spring,4.3,No,Store Pickup,No,24,Cash,Fortnightly,26,0.9230769230769231,625,0,0.4,High,0.41381978826741256,1.008512348525056,Medium,Bronze
2569,52,Male,T-shirt,Clothing,98,Texas,XL,Green,Winter,4.3,No,Express,No,29,PayPal,Fortnightly,26,1.1153846153846154,2940,0,0.4,High,0.7599094040909598,1.0596021899869605,Medium,Platinum
2570,42,Male,Dress,Clothing,75,New York,M,Charcoal,Spring,4.8,No,Free Shipping,No,10,Bank Transfer,Bi-Weekly,26,0.38461538461538464,825,0,0.4,High,-0.5552311360385197,1.5661438930485891,Low,Silver
2571,36,Male,Sneakers,Footwear,27,New Mexico,XL,Olive,Spring,4.0,No,Store Pickup,No,12,PayPal,Fortnightly,26,0.46153846153846156,351,0,0.4,Medium,-0.41679528970910085,0.4654868686463651,Medium,Bronze
2572,45,Male,Sunglasses,Accessories,27,Mississippi,L,Black,Winter,3.5,No,Standard,No,48,Cash,Fortnightly,26,1.8461538461538463,1323,0,0.4,Medium,2.0750499442204395,0.1326506265552122,High,Silver
2573,54,Male,Blouse,Clothing,42,Washington,M,Silver,Fall,3.9,No,Next Day Air,No,40,Bank Transfer,Quarterly,4,10.0,1722,0,0.4,Medium,0.21253418684546,2.859406385033463,Medium,Gold
2574,54,Male,T-shirt,Clothing,90,New Mexico,M,Red,Summer,4.4,No,Store Pickup,No,1,Bank Transfer,Annually,1,1.0,180,0,0.4,High,-2.6654337764042046,1.1690849052331918,Low,Bronze
2575,27,Male,Hat,Accessories,63,Florida,M,Brown,Summer,4.6,No,2-Day Shipping,No,26,Credit Card,Fortnightly,26,1.0,1701,0,0.4,High,0.5522556345968315,1.4493581454799371,Medium,Gold
2576,53,Male,Shorts,Clothing,96,Minnesota,M,Silver,Fall,4.0,No,Express,No,9,PayPal,Annually,1,9.0,960,0,0.4,Medium,-2.111690391086529,2.7338758295549317,Low,Silver
2577,20,Male,Hoodie,Clothing,40,New Hampshire,M,Silver,Winter,4.2,No,Free Shipping,No,19,Debit Card,Quarterly,4,4.75,800,0,0.4,High,-1.2410421996134384,1.8850635734935859,Low,Silver
2578,52,Male,Socks,Clothing,39,Minnesota,L,Black,Fall,4.5,No,Next Day Air,No,37,Bank Transfer,Monthly,12,3.0833333333333335,1482,0,0.4,High,0.4807976435539875,1.8626948078605317,Medium,Gold
2579,54,Male,Sunglasses,Accessories,48,Vermont,M,Purple,Fall,3.9,No,Free Shipping,No,3,Cash,Quarterly,4,0.75,192,0,0.4,Medium,-2.3485289702487897,0.4019850107158486,Low,Bronze
2580,65,Male,Blouse,Clothing,20,Minnesota,M,Purple,Summer,3.7,No,Express,No,40,Venmo,Weekly,52,0.7692307692307693,820,0,0.4,Medium,3.0680375440613954,0.12682075461529285,High,Silver
2581,43,Male,Jeans,Clothing,29,Massachusetts,S,Turquoise,Summer,3.6,No,Store Pickup,No,13,Bank Transfer,Quarterly,4,3.25,406,0,0.4,Medium,-1.6563497386016952,0.6457430893504896,Low,Bronze
2582,57,Male,Dress,Clothing,81,Wyoming,M,Gold,Winter,4.7,No,Express,No,48,Credit Card,Monthly,12,4.0,3969,0,0.4,High,1.2421947983657915,2.3864962924090243,High,Platinum
2583,19,Male,Dress,Clothing,98,South Dakota,S,Indigo,Fall,3.6,No,2-Day Shipping,No,4,Venmo,Quarterly,4,1.0,490,0,0.4,Medium,-2.2793110470840805,0.04799194424620501,Low,Bronze
2584,69,Male,Jeans,Clothing,93,Oklahoma,M,Lavender,Fall,2.5,No,Next Day Air,No,9,Cash,Weekly,52,0.17307692307692307,930,0,0.4,Low,0.9222819259554027,-1.7131971953970915,High,Silver
2585,26,Male,Socks,Clothing,30,Florida,L,Blue,Summer,2.9,No,Store Pickup,No,26,Bank Transfer,Bi-Weekly,26,1.0,810,0,0.4,Low,0.5522556345968315,-0.9329643966174084,Medium,Silver
2586,57,Male,Sunglasses,Accessories,37,Wisconsin,L,Maroon,Fall,4.4,No,Free Shipping,No,19,Debit Card,Weekly,52,0.36538461538461536,740,0,0.4,High,1.6144611576024972,1.0004884284089064,High,Silver
2587,20,Male,Coat,Outerwear,28,Maine,L,Yellow,Winter,4.6,No,Express,No,1,Credit Card,Quarterly,4,0.25,56,0,0.4,High,-2.4869648165782086,1.2501077637785092,Low,Bronze
2588,55,Male,Scarf,Accessories,29,Connecticut,M,Purple,Winter,3.7,No,Express,No,29,PayPal,Quarterly,4,7.25,870,0,0.4,Medium,-0.5488629679663439,1.8485484118814801,Low,Silver
2589,44,Male,Backpack,Accessories,49,Delaware,M,Peach,Summer,3.2,No,Free Shipping,No,38,Venmo,Bi-Weekly,26,1.4615384615384615,1911,0,0.4,Medium,1.3828707125733448,-0.38993891673871683,High,Gold
2590,52,Male,Pants,Clothing,53,North Dakota,M,Silver,Winter,4.9,No,2-Day Shipping,No,31,PayPal,Annually,1,10.0,1696,0,0.4,High,-0.588896081462921,4.260772586267197,Low,Gold
2591,57,Male,Gloves,Accessories,66,California,M,Turquoise,Summer,5.0,No,Free Shipping,No,35,Venmo,Annually,1,10.0,2376,0,0.4,High,-0.31202438880408323,4.400909206390569,Medium,Platinum
2592,40,Male,Jacket,Outerwear,61,New Mexico,S,Olive,Spring,3.3,No,Express,No,40,Cash,Quarterly,4,10.0,2501,0,0.4,Medium,0.21253418684546,2.018586664293223,Medium,Platinum
2593,23,Male,Shorts,Clothing,23,Iowa,XL,Peach,Summer,4.4,No,Store Pickup,No,13,Venmo,Quarterly,4,3.25,322,0,0.4,High,-1.6563497386016952,1.7668360503374763,Low,Bronze
2594,36,Male,Pants,Clothing,36,Colorado,S,Indigo,Fall,4.7,No,Store Pickup,No,9,Bank Transfer,Quarterly,4,2.25,360,0,0.4,High,-1.933221431260533,1.9215787351056917,Low,Bronze
2595,59,Male,Skirt,Clothing,81,Montana,L,Indigo,Fall,3.6,No,Free Shipping,No,25,Cash,Quarterly,4,6.25,2106,0,0.4,Medium,-0.8257346606251817,1.4427446161562023,Low,Gold
2596,29,Male,Blouse,Clothing,56,Iowa,XL,Maroon,Summer,3.2,No,Free Shipping,No,3,Bank Transfer,Bi-Weekly,26,0.11538461538461539,224,0,0.4,Medium,-1.0397565981914858,-0.7475678069720493,Low,Bronze
2597,63,Male,Shirt,Clothing,78,Louisiana,L,Black,Spring,3.0,No,Next Day Air,No,35,Credit Card,Monthly,12,2.9166666666666665,2808,0,0.4,Low,0.34236179722456866,-0.2836323565903851,Medium,Platinum
2598,60,Male,Jewelry,Accessories,25,Alabama,XL,Teal,Summer,4.4,No,Store Pickup,No,13,Venmo,Bi-Weekly,26,0.5,350,0,0.4,High,-0.3475773665443914,1.0362513174322396,Medium,Bronze
2599,64,Male,Backpack,Accessories,86,Nevada,XL,Olive,Fall,3.3,No,Express,No,31,Debit Card,Annually,1,10.0,2752,0,0.4,Medium,-0.588896081462921,2.018586664293223,Low,Platinum
2600,63,Male,Jewelry,Accessories,99,Vermont,M,Gold,Winter,3.4,No,Express,No,48,Credit Card,Monthly,12,4.0,4851,0,0.4,Medium,1.2421947983657915,0.564720230805171,High,Platinum
2601,21,Male,Belt,Accessories,83,New York,M,Gray,Fall,3.9,No,Express,No,6,Bank Transfer,Bi-Weekly,26,0.23076923076923078,581,0,0.4,Medium,-0.8321028286973574,0.26404243876870603,Low,Bronze
2602,61,Male,Dress,Clothing,33,Mississippi,L,Orange,Winter,2.9,No,Store Pickup,No,43,Cash,Monthly,12,3.5833333333333335,1452,0,0.4,Low,0.8961051825422441,-0.24665752631248883,High,Gold
2603,65,Male,Coat,Outerwear,44,South Carolina,M,Black,Fall,2.9,No,Free Shipping,No,1,Venmo,Quarterly,4,0.25,88,0,0.4,Low,-2.4869648165782086,-1.1322147783188363,Low,Bronze
2604,69,Male,Dress,Clothing,58,Washington,M,Teal,Spring,2.7,No,2-Day Shipping,No,8,Cash,Annually,1,8.0,522,0,0.4,Low,-2.1809083142512384,0.6464325923491754,Low,Bronze
2605,47,Male,Sweater,Clothing,54,Colorado,M,Beige,Spring,3.4,No,Store Pickup,No,6,Debit Card,Weekly,52,0.11538461538461539,378,0,0.4,Medium,0.7146281564612744,-0.46729456672530323,Medium,Bronze
2606,41,Male,Hoodie,Clothing,93,Nevada,M,White,Spring,3.7,No,2-Day Shipping,No,32,Venmo,Fortnightly,26,1.2307692307692308,3069,0,0.4,Medium,0.9675631735850881,0.2494363741238641,High,Platinum
2607,68,Male,Shoes,Footwear,98,Nevada,L,Turquoise,Spring,4.7,No,Standard,No,46,Bank Transfer,Bi-Weekly,26,1.7692307692307692,4606,0,0.4,High,1.9366140978910202,1.7938541314509298,High,Platinum
2608,41,Male,Shoes,Footwear,36,Oklahoma,XL,Teal,Spring,3.1,No,Express,No,38,PayPal,Quarterly,4,9.5,1404,0,0.4,Medium,0.07409834051604103,1.6054798362455247,Medium,Gold
2609,42,Male,Jacket,Outerwear,68,Mississippi,L,Orange,Fall,4.2,No,2-Day Shipping,No,48,Credit Card,Fortnightly,26,1.8461538461538463,3332,0,0.4,High,2.0750499442204395,1.1136069674188254,High,Platinum
2610,66,Male,Backpack,Accessories,95,Arkansas,M,Black,Summer,3.0,No,Store Pickup,No,18,Debit Card,Bi-Weekly,26,0.6923076923076923,1805,0,0.4,Low,-0.001487750720844172,-0.8745715228330824,Medium,Gold
2611,66,Male,Jeans,Clothing,93,West Virginia,M,Violet,Spring,3.1,No,Express,No,25,Cash,Quarterly,4,6.25,2418,0,0.4,Medium,-0.8257346606251817,0.7420615155393359,Low,Platinum
2612,33,Male,Jacket,Outerwear,99,Michigan,L,Maroon,Fall,4.2,No,2-Day Shipping,No,4,Cash,Fortnightly,26,0.15384615384615385,495,0,0.4,High,-0.9705386750267765,0.6640163625540644,Low,Bronze
2613,55,Male,Sunglasses,Accessories,22,Louisiana,M,Turquoise,Winter,3.8,No,Next Day Air,No,27,Venmo,Quarterly,4,6.75,616,0,0.4,Medium,-0.6872988142957629,1.8558514442039007,Low,Bronze
2614,58,Male,Gloves,Accessories,88,South Dakota,M,Gold,Fall,2.9,No,Express,No,14,Bank Transfer,Monthly,12,1.1666666666666667,1320,0,0.4,Low,-1.1112145892343297,-0.8886865340170909,Low,Silver
2615,18,Male,Jacket,Outerwear,65,North Dakota,M,Turquoise,Spring,4.2,No,Express,No,36,Bank Transfer,Fortnightly,26,1.3846153846153846,2405,0,0.4,High,1.244434866243926,0.9909913479102542,High,Platinum
2616,49,Male,T-shirt,Clothing,62,Arizona,M,Maroon,Fall,3.1,No,2-Day Shipping,No,6,Debit Card,Quarterly,4,1.5,434,0,0.4,Medium,-2.140875200754661,-0.5198575685697093,Low,Bronze
2617,61,Male,Sandals,Footwear,55,Georgia,XL,Purple,Spring,3.6,No,Express,No,46,Cash,Annually,1,10.0,2585,0,0.4,Medium,0.4493727660077206,2.4389965246633434,Medium,Platinum
2618,31,Male,Shorts,Clothing,97,Idaho,S,Maroon,Spring,4.8,No,Standard,No,29,Bank Transfer,Annually,1,10.0,2910,0,0.4,High,-0.72733192779234,4.120635966143823,Low,Platinum
2619,70,Male,Handbag,Accessories,77,Louisiana,L,Brown,Fall,4.1,No,Express,No,12,Venmo,Monthly,12,1.0,1001,0,0.4,High,-1.2496504355637488,0.7486750448630708,Low,Silver
2620,68,Male,Pants,Clothing,40,Connecticut,L,Indigo,Winter,3.9,No,Free Shipping,No,47,Credit Card,Weekly,52,0.9038461538461539,1920,0,0.4,Medium,3.5525630062143616,0.44285688388537225,High,Gold
2621,27,Male,Blouse,Clothing,23,Ohio,S,Lavender,Winter,3.0,No,Standard,No,28,Debit Card,Annually,1,10.0,667,0,0.4,Low,-0.7965498509570494,1.5981768039231035,Low,Silver
2622,48,Male,Shoes,Footwear,46,Maine,M,Beige,Winter,3.0,No,Express,No,21,Bank Transfer,Annually,1,10.0,1012,0,0.4,Low,-1.2810753131100157,1.5981768039231035,Low,Silver
2623,63,Male,Backpack,Accessories,75,New Hampshire,M,Yellow,Spring,4.9,No,2-Day Shipping,No,15,Credit Card,Annually,1,10.0,1200,0,0.4,High,-1.6963828520982722,4.260772586267197,Low,Silver
2624,49,Male,Shoes,Footwear,76,Massachusetts,M,Gold,Fall,4.8,No,Next Day Air,No,38,Cash,Annually,1,10.0,2964,0,0.4,High,-0.10437061930995495,4.120635966143823,Medium,Platinum
2625,19,Male,Dress,Clothing,59,South Dakota,M,Indigo,Summer,3.3,No,Standard,No,19,Credit Card,Annually,1,10.0,1180,0,0.4,Medium,-1.4195111594394345,2.018586664293223,Low,Silver
2626,30,Male,Skirt,Clothing,51,Colorado,L,Cyan,Summer,2.7,No,Standard,No,31,Credit Card,Weekly,52,0.5961538461538461,1632,0,0.4,Low,2.4450762355790108,-1.320526303934154,High,Gold
2627,50,Male,Jacket,Outerwear,46,Rhode Island,XL,Silver,Fall,4.2,No,Express,No,30,Credit Card,Quarterly,4,7.5,1426,0,0.4,High,-0.4796450448016345,2.6156483063988225,Medium,Gold
2628,66,Male,Shirt,Clothing,26,Missouri,L,Silver,Fall,3.6,No,Next Day Air,No,40,Bank Transfer,Quarterly,4,10.0,1066,0,0.4,Medium,0.21253418684546,2.4389965246633434,Medium,Silver
2629,25,Male,Hoodie,Clothing,51,Wyoming,M,Silver,Summer,3.8,No,Next Day Air,No,42,Credit Card,Bi-Weekly,26,1.6153846153846154,2193,0,0.4,Medium,1.6597424052321825,0.4917526771710462,High,Gold
2630,61,Male,Scarf,Accessories,44,New Hampshire,M,Peach,Winter,3.8,No,Free Shipping,No,25,Venmo,Annually,1,10.0,1144,0,0.4,Medium,-1.0042036204511777,2.7192697649100896,Low,Silver
2631,29,Male,Skirt,Clothing,82,Maine,S,Pink,Spring,4.2,No,Free Shipping,No,20,Cash,Quarterly,4,5.0,1722,0,0.4,High,-1.171824276448729,1.951480367394062,Low,Gold
2632,53,Male,Skirt,Clothing,44,Connecticut,S,Violet,Summer,2.7,No,Express,No,3,Cash,Weekly,52,0.057692307692307696,176,0,0.4,Low,0.5069743869671459,-1.4635778600274874,Medium,Bronze
2633,24,Male,Scarf,Accessories,27,Alaska,M,Black,Fall,5.0,No,Next Day Air,No,14,Cash,Annually,1,10.0,405,0,0.4,High,-1.7656007752629816,4.400909206390569,Low,Bronze
2634,51,Male,Sunglasses,Accessories,90,Alaska,M,Purple,Fall,4.7,No,Next Day Air,No,32,Credit Card,Fortnightly,26,1.2307692307692308,2970,0,0.4,High,0.9675631735850881,1.6508025753575968,High,Platinum
2635,26,Male,Sandals,Footwear,58,North Carolina,S,Black,Summer,3.2,No,Store Pickup,No,20,PayPal,Quarterly,4,5.0,1218,0,0.4,Medium,-1.171824276448729,0.550114166160329,Low,Silver
2636,59,Male,Hoodie,Clothing,80,Colorado,XL,Peach,Spring,2.9,No,2-Day Shipping,No,34,PayPal,Fortnightly,26,1.3076923076923077,2800,0,0.4,Low,1.105999019914507,-0.851220650278361,High,Platinum
2637,41,Male,Jacket,Outerwear,40,Utah,S,Magenta,Winter,4.2,No,Store Pickup,No,6,Venmo,Annually,1,6.0,280,0,0.4,High,-2.3193441605806573,2.217147542995966,Low,Bronze
2638,20,Male,Pants,Clothing,23,Alabama,M,Magenta,Spring,3.7,No,Store Pickup,No,2,PayPal,Annually,1,2.0,69,0,0.4,Medium,-2.596215853239495,0.4537957399714827,Low,Bronze
2639,22,Male,Shirt,Clothing,34,Hawaii,S,Black,Spring,4.2,No,Store Pickup,No,35,Credit Card,Annually,1,10.0,1224,0,0.4,High,-0.31202438880408323,3.279816245403583,Medium,Silver
2640,18,Male,Blouse,Clothing,35,New Hampshire,XL,Pink,Winter,2.6,No,Free Shipping,No,33,Debit Card,Quarterly,4,8.25,1190,0,0.4,Low,-0.2719912753075062,0.5727127661262779,Medium,Silver
2641,30,Male,Skirt,Clothing,75,Indiana,L,Olive,Summer,4.0,No,Store Pickup,No,45,Venmo,Bi-Weekly,26,1.7307692307692308,3450,0,0.4,Medium,1.867396174726311,0.8026798222949358,High,Platinum
2642,25,Male,Sunglasses,Accessories,60,Vermont,XL,Olive,Winter,2.7,No,Next Day Air,No,20,Bank Transfer,Quarterly,4,5.0,1260,0,0.4,Low,-1.171824276448729,-0.1505689344565373,Low,Silver
2643,39,Male,Belt,Accessories,87,Iowa,L,Peach,Summer,4.0,No,Store Pickup,No,48,Bank Transfer,Annually,1,10.0,4263,0,0.4,Medium,0.5878086123371397,2.9995430051568364,Medium,Platinum
2644,49,Male,Gloves,Accessories,41,Maryland,S,Silver,Spring,2.9,No,Next Day Air,No,37,Cash,Monthly,12,3.0833333333333335,1558,0,0.4,Low,0.4807976435539875,-0.37949111411344094,Medium,Gold
2645,25,Male,Pants,Clothing,83,New Mexico,M,Turquoise,Spring,3.3,No,Standard,No,4,Bank Transfer,Quarterly,4,1.0,415,0,0.4,Medium,-2.2793110470840805,-0.37241791612391517,Low,Bronze
2646,23,Male,Scarf,Accessories,81,Louisiana,L,Olive,Spring,4.0,No,Store Pickup,No,24,Bank Transfer,Bi-Weekly,26,0.9230769230769231,2025,0,0.4,Medium,0.41381978826741256,0.5881024881549362,Medium,Gold
2647,33,Male,T-shirt,Clothing,56,New Mexico,S,Lavender,Summer,3.9,No,Next Day Air,No,4,Debit Card,Quarterly,4,1.0,280,0,0.4,Medium,-2.2793110470840805,0.46840180461632464,Low,Bronze
2648,60,Male,Shoes,Footwear,58,South Carolina,M,Red,Summer,3.3,No,2-Day Shipping,No,25,Debit Card,Annually,1,10.0,1508,0,0.4,Medium,-1.0042036204511777,2.018586664293223,Low,Gold
2649,51,Male,Pants,Clothing,84,Illinois,M,Gray,Spring,3.9,No,Next Day Air,No,14,PayPal,Bi-Weekly,26,0.5384615384615384,1260,0,0.4,Medium,-0.2783594433796819,0.3457861851077534,Medium,Silver
2650,23,Male,Gloves,Accessories,21,Minnesota,M,Magenta,Fall,3.9,No,Store Pickup,No,14,Bank Transfer,Fortnightly,26,0.5384615384615384,315,0,0.4,Medium,-0.2783594433796819,0.3457861851077534,Medium,Bronze
2651,20,Male,Socks,Clothing,35,Oregon,L,Maroon,Summer,4.2,No,Standard,No,46,Credit Card,Quarterly,4,10.0,1645,0,0.4,High,0.6278417258337166,3.279816245403583,Medium,Gold
2652,51,Male,Sneakers,Footwear,43,Tennessee,M,Cyan,Summer,4.6,No,Store Pickup,No,27,PayPal,Quarterly,4,6.75,1204,0,0.4,High,-0.6872988142957629,2.9769444051908867,Low,Silver
2653,23,Female,Shorts,Clothing,20,Maryland,L,Cyan,Summer,3.3,No,2-Day Shipping,No,46,Credit Card,Monthly,12,3.8333333333333335,940,0,0.4,Medium,1.1037589520363724,0.3803057480814802,High,Silver
2654,67,Female,Blouse,Clothing,36,Wisconsin,L,Lavender,Fall,4.8,No,Express,No,24,Venmo,Quarterly,4,6.0,900,0,0.4,High,-0.8949525837898912,3.0579672637362054,Low,Silver
2655,23,Female,Coat,Outerwear,70,Idaho,S,Pink,Fall,4.1,No,Next Day Air,No,4,PayPal,Annually,1,4.0,350,0,0.4,High,-2.457780006910076,1.5456765716687837,Low,Bronze
2656,26,Female,Sunglasses,Accessories,83,Wyoming,M,Gray,Summer,3.4,No,Standard,No,2,Credit Card,Fortnightly,26,0.07692307692307693,249,0,0.4,Medium,-1.1089745213561955,-0.4775125350176841,Low,Bronze
2657,52,Female,Shorts,Clothing,76,Indiana,L,Yellow,Winter,3.6,No,Express,No,29,Bank Transfer,Fortnightly,26,1.1153846153846154,2280,0,0.4,Medium,0.7599094040909598,0.07864584912334782,Medium,Gold
2658,52,Female,Dress,Clothing,81,Texas,M,Pink,Summer,2.7,No,Express,No,7,Credit Card,Fortnightly,26,0.2692307692307692,648,0,0.4,Low,-0.762884905532648,-1.407379034419392,Low,Bronze
2659,52,Female,Handbag,Accessories,47,Ohio,XL,Indigo,Summer,3.2,No,Next Day Air,No,39,PayPal,Monthly,12,3.25,1880,0,0.4,Medium,0.6192334898834064,0.08519660885699665,Medium,Gold
2660,35,Female,Boots,Footwear,35,Kansas,L,Gray,Summer,4.4,No,2-Day Shipping,No,46,Credit Card,Fortnightly,26,1.7692307692307692,1645,0,0.4,High,1.9366140978910202,1.3734442710808104,High,Gold
2661,24,Female,Pants,Clothing,85,South Carolina,L,Yellow,Spring,4.9,No,Express,No,44,Venmo,Annually,1,10.0,3825,0,0.4,High,0.3109369196783017,4.260772586267197,Medium,Platinum
2662,43,Female,Boots,Footwear,96,Michigan,XL,Olive,Fall,4.8,No,Express,No,20,Bank Transfer,Annually,1,10.0,2016,0,0.4,High,-1.3502932362747249,4.120635966143823,Low,Gold
2663,25,Female,Skirt,Clothing,98,Nebraska,M,Cyan,Summer,2.8,No,2-Day Shipping,No,44,PayPal,Fortnightly,26,1.6923076923076923,4410,0,0.4,Low,1.7981782515616014,-0.8891775874779246,High,Platinum
2664,46,Female,Sneakers,Footwear,52,Wisconsin,L,Silver,Fall,2.9,No,Free Shipping,No,23,Bank Transfer,Annually,1,10.0,1248,0,0.4,Low,-1.1426394667805966,1.45804018379973,Low,Silver
2665,22,Female,Jewelry,Accessories,84,Illinois,L,Silver,Winter,3.2,No,Store Pickup,No,37,PayPal,Weekly,52,0.7115384615384616,3192,0,0.4,Medium,2.8603837745672673,-0.5891892984401448,High,Platinum
2666,70,Female,T-shirt,Clothing,71,Louisiana,L,Red,Winter,3.5,No,Store Pickup,No,4,Venmo,Weekly,52,0.07692307692307693,355,0,0.4,Medium,0.5761923101318553,-0.33737591489431074,Medium,Bronze
2667,49,Female,Sandals,Footwear,95,Ohio,S,Brown,Winter,4.1,No,Store Pickup,No,14,Venmo,Fortnightly,26,0.5384615384615384,1425,0,0.4,High,-0.2783594433796819,0.6260594253544995,Medium,Gold
2668,48,Female,Boots,Footwear,47,Maryland,M,Orange,Summer,4.1,No,Free Shipping,No,31,Cash,Fortnightly,26,1.1923076923076923,1504,0,0.4,High,0.8983452504203787,0.7997648863249756,High,Gold
2669,59,Female,Coat,Outerwear,75,Texas,M,Black,Summer,4.8,No,Next Day Air,No,9,PayPal,Quarterly,4,2.25,750,0,0.4,High,-1.933221431260533,2.0617153552290644,Low,Silver
2670,39,Female,Belt,Accessories,28,Illinois,L,Teal,Spring,2.8,No,Free Shipping,No,31,Credit Card,Weekly,52,0.5961538461538461,896,0,0.4,Low,2.4450762355790108,-1.1803896838107812,High,Silver
2671,30,Female,Sunglasses,Accessories,44,Pennsylvania,M,Yellow,Fall,4.7,No,Express,No,26,Bank Transfer,Bi-Weekly,26,1.0,1188,0,0.4,High,0.5522556345968315,1.5894947656033112,Medium,Silver
2672,37,Female,Sandals,Footwear,64,Alabama,XL,Gray,Winter,4.8,No,2-Day Shipping,No,41,PayPal,Quarterly,4,10.0,2688,0,0.4,High,0.2817521100101694,4.120635966143823,Medium,Platinum
2673,56,Female,Boots,Footwear,28,West Virginia,M,Maroon,Spring,2.9,No,Standard,No,13,Cash,Annually,1,10.0,392,0,0.4,Low,-1.834818698427691,1.45804018379973,Low,Bronze
2674,67,Female,Hoodie,Clothing,21,Nevada,M,Olive,Summer,2.6,No,2-Day Shipping,No,4,Cash,Monthly,12,0.3333333333333333,105,0,0.4,Low,-1.8033938208814244,-1.5304857073887974,Low,Bronze
2675,40,Female,Hat,Accessories,41,Florida,S,Charcoal,Fall,3.3,No,Express,No,15,Cash,Quarterly,4,3.75,656,0,0.4,Medium,-1.5179138922722761,0.35816681678132156,Low,Bronze
2676,24,Female,Shorts,Clothing,38,Virginia,M,Peach,Winter,3.4,No,Free Shipping,No,38,Cash,Bi-Weekly,26,1.4615384615384615,1482,0,0.4,Medium,1.3828707125733448,-0.10966567649197057,High,Gold
2677,43,Female,Backpack,Accessories,77,Kentucky,M,Maroon,Spring,3.6,No,Free Shipping,No,3,Cash,Fortnightly,26,0.11538461538461539,308,0,0.4,Medium,-1.0397565981914858,-0.1870213264785563,Low,Bronze
2678,45,Female,Shorts,Clothing,43,Connecticut,L,Olive,Spring,3.8,No,Next Day Air,No,6,PayPal,Quarterly,4,1.5,301,0,0.4,Medium,-2.140875200754661,0.4610987722939034,Low,Bronze
2679,33,Female,Belt,Accessories,91,Montana,M,Magenta,Spring,3.4,No,2-Day Shipping,No,34,Credit Card,Bi-Weekly,26,1.3076923076923077,3185,0,0.4,Medium,1.105999019914507,-0.15053754966149446,High,Platinum
2680,53,Female,Shorts,Clothing,68,Montana,S,Yellow,Spring,3.8,No,Express,No,7,Debit Card,Quarterly,4,1.75,544,0,0.4,Medium,-2.071657277589952,0.5275155661943794,Low,Bronze
2681,44,Female,Socks,Clothing,37,Nebraska,L,Indigo,Fall,3.3,No,Next Day Air,No,21,Venmo,Annually,1,10.0,814,0,0.4,Medium,-1.2810753131100157,2.018586664293223,Low,Silver
2682,23,Female,Shoes,Footwear,23,Massachusetts,L,Olive,Summer,4.8,No,Standard,No,17,Debit Card,Monthly,12,1.4166666666666667,414,0,0.4,High,-0.9035608197402014,1.8403260422274776,Low,Bronze
2683,59,Female,Sneakers,Footwear,65,North Carolina,L,Maroon,Winter,3.9,No,2-Day Shipping,No,5,Venmo,Quarterly,4,1.25,390,0,0.4,Medium,-2.210093123919371,0.5348185985168007,Low,Bronze
2684,68,Female,Backpack,Accessories,30,Montana,M,Indigo,Summer,4.2,No,Next Day Air,No,21,Cash,Fortnightly,26,0.8076923076923077,660,0,0.4,High,0.20616601877328422,0.8377218235245402,Medium,Bronze
2685,46,Female,Dress,Clothing,45,Washington,M,Gray,Summer,4.7,No,Free Shipping,No,42,Credit Card,Bi-Weekly,26,1.6153846153846154,1935,0,0.4,High,1.6597424052321825,1.7529822582814063,High,Gold
2686,56,Female,Boots,Footwear,25,Virginia,M,Gray,Winter,2.7,No,Express,No,49,Credit Card,Quarterly,4,10.0,1250,0,0.4,Low,0.8354954953278451,1.177766943552984,High,Silver
2687,40,Female,Socks,Clothing,72,Georgia,M,Black,Winter,3.8,No,2-Day Shipping,No,33,Cash,Fortnightly,26,1.2692307692307692,2448,0,0.4,Medium,1.0367810967497975,0.39979096253961777,High,Platinum
2688,61,Female,Dress,Clothing,75,Delaware,M,White,Fall,3.6,No,2-Day Shipping,No,12,Debit Card,Bi-Weekly,26,0.46153846153846156,975,0,0.4,Medium,-0.41679528970910085,-0.09505961184712786,Medium,Silver
2689,53,Female,Handbag,Accessories,63,West Virginia,XL,Turquoise,Spring,2.9,No,2-Day Shipping,No,18,Credit Card,Quarterly,4,4.5,1197,0,0.4,Low,-1.310260122778148,-0.0031292820107433617,Low,Silver
2690,29,Female,Blouse,Clothing,35,Wyoming,M,Orange,Fall,3.9,No,Standard,No,47,PayPal,Quarterly,4,10.0,1680,0,0.4,Medium,0.6970596489984262,2.859406385033463,Medium,Gold
2691,44,Female,Belt,Accessories,32,New Mexico,L,Yellow,Summer,4.7,No,Free Shipping,No,18,Bank Transfer,Weekly,52,0.34615384615384615,608,0,0.4,High,1.5452432344377875,1.4157893046328356,High,Bronze
2692,43,Female,Pants,Clothing,25,Nebraska,L,Blue,Winter,3.3,No,2-Day Shipping,No,48,Cash,Monthly,12,4.0,1225,0,0.4,Medium,1.2421947983657915,0.4245836106817976,High,Silver
2693,40,Female,Sneakers,Footwear,90,Washington,XL,Violet,Spring,4.2,No,Free Shipping,No,18,Debit Card,Quarterly,4,4.5,1710,0,0.4,High,-1.310260122778148,1.8186467795931098,Low,Gold
2694,55,Female,Boots,Footwear,70,Hawaii,L,Lavender,Summer,2.6,No,Standard,No,46,Cash,Quarterly,4,10.0,3290,0,0.4,Low,0.6278417258337166,1.0376303234296105,Medium,Platinum
2695,66,Female,Sunglasses,Accessories,27,Louisiana,M,Olive,Spring,4.9,No,Express,No,34,Credit Card,Quarterly,4,8.5,945,0,0.4,High,-0.20277335214279668,3.86227182286434,Medium,Silver
2696,50,Female,Hat,Accessories,92,Tennessee,M,Orange,Fall,3.6,No,Standard,No,10,PayPal,Bi-Weekly,26,0.38461538461538464,1012,0,0.4,Medium,-0.5552311360385197,-0.1154955484318898,Low,Silver
2697,57,Female,Coat,Outerwear,20,South Dakota,M,White,Spring,4.7,No,Free Shipping,No,12,Debit Card,Monthly,12,1.0,260,0,0.4,High,-1.2496504355637488,1.5894947656033112,Low,Bronze
2698,42,Female,Jacket,Outerwear,52,Delaware,L,Red,Winter,3.2,No,Standard,No,36,Bank Transfer,Quarterly,4,9.0,1924,0,0.4,Medium,-0.06433750581337783,1.612782868567946,Medium,Gold
2699,55,Female,Hoodie,Clothing,57,Virginia,M,Magenta,Summer,3.6,No,Store Pickup,No,34,Venmo,Quarterly,4,8.5,1995,0,0.4,Medium,-0.20277335214279668,2.0404957612604866,Medium,Gold
2700,25,Female,Boots,Footwear,96,Utah,M,Violet,Fall,3.6,No,2-Day Shipping,No,49,Debit Card,Annually,1,10.0,4800,0,0.4,Medium,0.6570265355018491,2.4389965246633434,Medium,Platinum
2701,22,Female,T-shirt,Clothing,68,California,XL,Olive,Winter,3.2,No,Standard,No,36,Cash,Weekly,52,0.6923076923076923,2516,0,0.4,Medium,2.7911658514025577,-0.5942982825863354,High,Platinum
2702,49,Female,Sweater,Clothing,30,Idaho,L,Silver,Summer,2.8,No,Store Pickup,No,18,Bank Transfer,Fortnightly,26,0.6923076923076923,570,0,0.4,Low,-0.001487750720844172,-1.1548447630798293,Medium,Bronze
2703,70,Female,Shoes,Footwear,37,Texas,L,Gray,Fall,4.0,No,Next Day Air,No,39,Debit Card,Fortnightly,26,1.5,1480,0,0.4,Medium,1.4520886357380545,0.7413720125406502,High,Gold
2704,56,Female,Scarf,Accessories,42,Tennessee,XL,Olive,Winter,4.4,No,Free Shipping,No,34,PayPal,Weekly,52,0.6538461538461539,1470,0,0.4,High,2.652730005073139,1.0771231906017633,High,Gold
2705,52,Female,Dress,Clothing,54,Tennessee,L,Beige,Spring,3.4,No,Next Day Air,No,35,Debit Card,Weekly,52,0.6730769230769231,1944,0,0.4,Medium,2.7219479282378485,-0.3191340264857796,High,Gold
2706,65,Female,Jacket,Outerwear,81,Washington,S,Turquoise,Spring,5.0,No,Store Pickup,No,1,Credit Card,Bi-Weekly,26,0.038461538461538464,162,0,0.4,High,-1.1781924445209047,1.7544554186639076,Low,Bronze
2707,24,Female,Shoes,Footwear,40,Alabama,S,Blue,Spring,3.1,No,Express,No,48,Debit Card,Quarterly,4,10.0,1960,0,0.4,Medium,0.7662775721631356,1.7383134240464768,Medium,Gold
2708,32,Female,Backpack,Accessories,88,Nebraska,M,Pink,Fall,4.2,No,Standard,No,19,Cash,Weekly,52,0.36538461538461536,1760,0,0.4,High,1.6144611576024972,0.7202151881621596,High,Gold
2709,57,Female,Dress,Clothing,94,Alabama,M,Teal,Summer,3.3,No,Store Pickup,No,44,Debit Card,Weekly,52,0.8461538461538461,4230,0,0.4,Medium,3.344909236720233,-0.41328978929343885,High,Platinum
2710,35,Female,Shirt,Clothing,54,Illinois,S,Cyan,Winter,2.9,No,Standard,No,9,Credit Card,Bi-Weekly,26,0.34615384615384615,540,0,0.4,Low,-0.6244490592032291,-1.106669857587884,Low,Bronze
2711,69,Female,Jacket,Outerwear,51,Wisconsin,L,Purple,Summer,4.7,No,Standard,No,3,Bank Transfer,Fortnightly,26,0.11538461538461539,204,0,0.4,High,-1.0397565981914858,1.35448149487855,Low,Bronze
2712,30,Female,Sunglasses,Accessories,22,Nebraska,L,Red,Spring,4.0,No,Standard,No,50,Venmo,Monthly,12,4.166666666666667,1122,0,0.4,Medium,1.3806306446952104,1.4498178141457283,High,Silver
2713,37,Female,Jacket,Outerwear,95,North Dakota,L,Brown,Fall,4.6,No,Standard,No,7,Debit Card,Quarterly,4,1.75,760,0,0.4,High,-2.071657277589952,1.6486085271813655,Low,Silver
2714,19,Female,Coat,Outerwear,57,Mississippi,M,Magenta,Fall,3.8,No,2-Day Shipping,No,20,Debit Card,Annually,1,10.0,1197,0,0.4,Medium,-1.3502932362747249,2.7192697649100896,Low,Silver
2715,53,Female,Sweater,Clothing,45,Iowa,S,Olive,Winter,3.6,No,Store Pickup,No,16,Credit Card,Bi-Weekly,26,0.6153846153846154,765,0,0.4,Medium,-0.13992359705026303,-0.05418773867760418,Medium,Silver
2716,25,Female,Sneakers,Footwear,92,Mississippi,XL,Pink,Winter,4.1,No,Express,No,29,PayPal,Fortnightly,26,1.1153846153846154,2760,0,0.4,High,0.7599094040909598,0.7793289497402136,Medium,Platinum
2717,47,Female,Shoes,Footwear,40,Colorado,L,Black,Spring,2.7,No,Store Pickup,No,21,Debit Card,Weekly,52,0.40384615384615385,880,0,0.4,Low,1.752897003931916,-1.3716161453960587,High,Silver
2718,18,Female,Sunglasses,Accessories,62,Nebraska,XL,Beige,Winter,4.3,No,Free Shipping,No,19,Credit Card,Quarterly,4,4.75,1240,0,0.4,High,-1.2410421996134384,2.025200193616959,Low,Silver
2719,22,Female,Shorts,Clothing,90,Virginia,M,Peach,Winter,4.9,No,Next Day Air,No,10,Venmo,Bi-Weekly,26,0.38461538461538464,990,0,0.4,High,-0.5552311360385197,1.7062805131719632,Low,Silver
2720,69,Female,Hoodie,Clothing,82,Louisiana,S,Peach,Fall,4.2,No,Free Shipping,No,4,Bank Transfer,Monthly,12,0.3333333333333333,410,0,0.4,High,-1.8033938208814244,0.7117002145851754,Low,Bronze
2721,55,Female,Scarf,Accessories,52,Maryland,M,Peach,Spring,2.8,No,Store Pickup,No,45,Bank Transfer,Quarterly,4,10.0,2392,0,0.4,Low,0.5586238026690071,1.3179035636763567,Medium,Platinum
2722,19,Female,Sandals,Footwear,70,Minnesota,S,Teal,Spring,4.9,No,Free Shipping,No,17,PayPal,Fortnightly,26,0.6538461538461539,1260,0,0.4,High,-0.0707056738855536,1.7778062912186297,Medium,Silver
2723,23,Female,Hat,Accessories,83,Maine,M,Green,Spring,2.8,No,2-Day Shipping,No,22,PayPal,Fortnightly,26,0.8461538461538461,1909,0,0.4,Low,0.27538394193799365,-1.1139728899103054,Medium,Gold
2724,54,Female,Shoes,Footwear,49,Texas,XL,Brown,Summer,2.9,No,Store Pickup,No,3,PayPal,Quarterly,4,0.75,196,0,0.4,Low,-2.3485289702487897,-0.9993811905178842,Low,Bronze
2725,52,Female,Sneakers,Footwear,91,Missouri,M,Brown,Spring,2.5,No,Next Day Air,No,11,Debit Card,Fortnightly,26,0.4230769230769231,1092,0,0.4,Low,-0.4860132128738103,-1.6467804014966152,Low,Silver
2726,64,Female,Backpack,Accessories,99,Mississippi,S,Violet,Summer,2.7,No,Free Shipping,No,4,Debit Card,Annually,1,4.0,495,0,0.4,Low,-2.457780006910076,-0.4162361100584415,Low,Bronze
2727,33,Female,Belt,Accessories,92,Michigan,L,Blue,Winter,3.3,No,Free Shipping,No,11,PayPal,Bi-Weekly,26,0.4230769230769231,1104,0,0.4,Medium,-0.4860132128738103,-0.5256874405096292,Low,Silver
2728,40,Female,Shirt,Clothing,87,Colorado,L,Charcoal,Winter,3.7,No,2-Day Shipping,No,47,Credit Card,Fortnightly,26,1.8076923076923077,4176,0,0.4,Medium,2.00583202105573,0.40270589850957805,High,Platinum
2729,26,Female,Skirt,Clothing,28,Florida,M,Pink,Winter,4.0,No,Express,No,17,Debit Card,Weekly,52,0.3269230769230769,504,0,0.4,Medium,1.4760253112730783,0.42972397962303166,High,Bronze
2730,31,Female,Gloves,Accessories,71,Montana,S,Violet,Summer,4.1,No,Free Shipping,No,32,Credit Card,Monthly,12,2.6666666666666665,2343,0,0.4,High,0.13470802773044027,1.1914536708662444,Medium,Platinum
2731,23,Female,Gloves,Accessories,32,Wisconsin,M,Teal,Winter,4.1,No,Store Pickup,No,37,Bank Transfer,Annually,1,10.0,1216,0,0.4,High,-0.17358854247466438,3.139679625280209,Medium,Silver
2732,52,Female,Handbag,Accessories,33,Wisconsin,M,Red,Summer,2.5,No,2-Day Shipping,No,44,Bank Transfer,Quarterly,4,10.0,1485,0,0.4,Low,0.4894058795042977,0.8974937033062371,Medium,Gold
2733,21,Female,Socks,Clothing,75,Delaware,L,Orange,Winter,4.2,No,Store Pickup,No,27,Debit Card,Quarterly,4,6.75,2100,0,0.4,High,-0.6872988142957629,2.416397924697394,Low,Gold
2734,31,Female,Backpack,Accessories,83,North Carolina,M,Magenta,Summer,4.7,No,Express,No,46,PayPal,Annually,1,10.0,3901,0,0.4,High,0.4493727660077206,3.9804993460204496,Medium,Platinum
2735,63,Female,Jeans,Clothing,93,New York,XL,Yellow,Summer,2.7,No,2-Day Shipping,No,13,Cash,Bi-Weekly,26,0.5,1302,0,0.4,Low,-0.3475773665443914,-1.3460712246651063,Medium,Silver
2736,46,Female,Skirt,Clothing,29,California,M,Yellow,Spring,3.0,No,Express,No,2,PayPal,Bi-Weekly,26,0.07692307692307693,87,0,0.4,Low,-1.1089745213561955,-1.0380590155111773,Low,Bronze
2737,44,Female,Hoodie,Clothing,25,Montana,M,Pink,Spring,4.8,No,Store Pickup,No,45,Credit Card,Annually,1,10.0,1150,0,0.4,High,0.38015484284301115,4.120635966143823,Medium,Silver
2738,57,Female,Jewelry,Accessories,76,North Carolina,S,Indigo,Spring,4.4,No,Free Shipping,No,35,Cash,Quarterly,4,8.75,2736,0,0.4,High,-0.13355542897808725,3.2280055161479497,Medium,Platinum
2739,50,Female,Sneakers,Footwear,81,Ohio,M,Charcoal,Summer,4.3,No,2-Day Shipping,No,39,Venmo,Quarterly,4,9.75,3240,0,0.4,High,0.14331626368075057,3.35353607162648,Medium,Platinum
2740,33,Female,Shirt,Clothing,80,Alaska,XL,Blue,Winter,2.5,No,Store Pickup,No,39,Credit Card,Quarterly,4,9.75,3200,0,0.4,Low,0.14331626368075057,0.8310769094057611,Medium,Platinum
2741,19,Female,Sunglasses,Accessories,70,Pennsylvania,M,Lavender,Summer,4.9,No,Free Shipping,No,34,Bank Transfer,Fortnightly,26,1.3076923076923077,2450,0,0.4,High,1.105999019914507,1.9515117521891057,High,Platinum
2742,68,Female,Dress,Clothing,81,Maine,L,Yellow,Fall,4.9,No,2-Day Shipping,No,41,Venmo,Monthly,12,3.4166666666666665,3402,0,0.4,High,0.7576693362128253,2.51179701355466,Medium,Platinum
2743,27,Female,Shoes,Footwear,86,Texas,M,Black,Spring,3.9,No,Free Shipping,No,47,Debit Card,Annually,1,10.0,4128,0,0.4,Medium,0.5185906891724302,2.859406385033463,Medium,Platinum
2744,61,Female,Belt,Accessories,94,New Jersey,S,Beige,Fall,4.1,No,2-Day Shipping,No,17,Venmo,Quarterly,4,4.25,1692,0,0.4,High,-1.3794780459428573,1.6120933655692595,Low,Gold
2745,38,Female,Shirt,Clothing,66,Wyoming,M,Silver,Winter,3.3,No,Store Pickup,No,40,Credit Card,Monthly,12,3.3333333333333335,2706,0,0.4,Medium,0.6884514130481159,0.2474721602805281,Medium,Platinum
2746,28,Female,Boots,Footwear,98,Michigan,M,Magenta,Summer,4.1,No,Standard,No,44,PayPal,Bi-Weekly,26,1.6923076923076923,4410,0,0.4,High,1.7981782515616014,0.9325984741259277,High,Platinum
2747,39,Female,Hoodie,Clothing,25,Ohio,M,Orange,Fall,3.7,No,Standard,No,21,PayPal,Quarterly,4,5.25,550,0,0.4,Medium,-1.1026063532840196,1.3172140606776717,Low,Bronze
2748,18,Female,Jeans,Clothing,62,West Virginia,M,Teal,Winter,3.1,No,Free Shipping,No,21,Credit Card,Quarterly,4,5.25,1364,0,0.4,Medium,-1.1026063532840196,0.47639433993743163,Low,Gold
2749,24,Female,Jacket,Outerwear,98,Virginia,L,Turquoise,Spring,3.0,No,Free Shipping,No,16,Venmo,Annually,1,10.0,1666,0,0.4,Low,-1.6271649289335628,1.5981768039231035,Low,Gold
2750,64,Female,Jacket,Outerwear,53,Vermont,M,Cyan,Spring,3.4,No,Standard,No,15,Bank Transfer,Annually,1,10.0,848,0,0.4,Medium,-1.6963828520982722,2.1587232844165967,Low,Silver
2751,51,Female,Sandals,Footwear,66,Alaska,L,Pink,Spring,2.7,No,2-Day Shipping,No,26,PayPal,Quarterly,4,6.5,1782,0,0.4,Low,-0.7565167374604723,0.24793182894631904,Low,Gold
2752,27,Female,Dress,Clothing,52,Minnesota,S,Indigo,Fall,3.1,No,Free Shipping,No,50,Venmo,Monthly,12,4.166666666666667,2652,0,0.4,Medium,1.3806306446952104,0.18858823303536876,High,Platinum
2753,48,Female,Sweater,Clothing,64,Colorado,S,Peach,Winter,4.0,No,Free Shipping,No,30,Venmo,Bi-Weekly,26,1.1538461538461537,1984,0,0.4,Medium,0.8291273272556693,0.6494102979092218,High,Gold
2754,69,Female,Gloves,Accessories,59,Rhode Island,M,Beige,Spring,3.6,No,Next Day Air,No,48,PayPal,Quarterly,4,10.0,2891,0,0.4,Medium,0.7662775721631356,2.4389965246633434,Medium,Platinum
2755,59,Female,Sunglasses,Accessories,61,New Jersey,L,Gold,Summer,3.6,No,Free Shipping,No,21,Venmo,Bi-Weekly,26,0.8076923076923077,1342,0,0.4,Medium,0.20616601877328422,-0.003097897215699641,Medium,Gold
2756,59,Female,Belt,Accessories,97,Nevada,M,Indigo,Winter,3.3,No,Store Pickup,No,18,Credit Card,Annually,1,10.0,1843,0,0.4,Medium,-1.488729082604144,2.018586664293223,Low,Gold
2757,42,Female,Hat,Accessories,23,Minnesota,L,Violet,Winter,4.1,No,Free Shipping,No,41,PayPal,Monthly,12,3.4166666666666665,966,0,0.4,High,0.7576693362128253,1.3907040525676728,Medium,Silver
2758,39,Female,Hat,Accessories,98,Delaware,XL,Brown,Fall,4.3,No,Next Day Air,No,11,Venmo,Monthly,12,0.9166666666666666,1176,0,0.4,High,-1.3188683587284582,1.006809353809659,Low,Silver
2759,32,Female,Blouse,Clothing,98,Illinois,M,Purple,Summer,3.2,No,Standard,No,8,Bank Transfer,Bi-Weekly,26,0.3076923076923077,882,0,0.4,Medium,-0.6936669823679386,-0.696477965510145,Low,Silver
2760,68,Female,Shoes,Footwear,59,Washington,M,Turquoise,Summer,3.9,No,Free Shipping,No,42,Cash,Quarterly,4,10.0,2537,0,0.4,Medium,0.35097003317487885,2.859406385033463,Medium,Platinum
2761,41,Female,Skirt,Clothing,82,Alaska,S,Violet,Fall,5.0,No,Next Day Air,No,41,Credit Card,Bi-Weekly,26,1.5769230769230769,3444,0,0.4,High,1.5905244820674733,2.163174150359145,High,Platinum
2762,31,Female,Sneakers,Footwear,82,Michigan,M,Purple,Fall,3.4,No,Next Day Air,No,3,Credit Card,Quarterly,4,0.75,328,0,0.4,Medium,-2.3485289702487897,-0.29869808990101787,Low,Bronze
2763,58,Female,T-shirt,Clothing,41,Georgia,M,Charcoal,Fall,3.8,No,Store Pickup,No,10,Debit Card,Quarterly,4,2.5,451,0,0.4,Medium,-1.8640035080958235,0.7267659478958076,Low,Bronze
2764,28,Female,Handbag,Accessories,52,West Virginia,M,Green,Fall,2.9,No,2-Day Shipping,No,35,Venmo,Quarterly,4,8.75,1872,0,0.4,Low,-0.13355542897808725,1.1259562142973496,Medium,Gold
2765,63,Female,Sweater,Clothing,41,Arizona,XL,White,Spring,2.6,No,Next Day Air,No,2,Debit Card,Weekly,52,0.038461538461538464,123,0,0.4,Low,0.4377564638024365,-1.6088234642970511,Medium,Bronze
2766,64,Female,Gloves,Accessories,70,Colorado,M,Purple,Summer,4.3,No,2-Day Shipping,No,24,Credit Card,Quarterly,4,6.0,1750,0,0.4,High,-0.8949525837898912,2.357284163119339,Low,Gold
2767,66,Female,Dress,Clothing,91,Tennessee,M,Cyan,Winter,2.8,No,Standard,No,47,Credit Card,Monthly,12,3.9166666666666665,4368,0,0.4,Low,1.172976875201082,-0.2982384212352276,High,Platinum
2768,31,Female,Dress,Clothing,95,Iowa,M,Green,Spring,4.5,No,Free Shipping,No,31,Cash,Monthly,12,2.5833333333333335,3040,0,0.4,High,0.06549010456573084,1.7298612200595795,Medium,Platinum
2769,55,Female,Blouse,Clothing,25,Kansas,M,Beige,Spring,3.8,No,2-Day Shipping,No,28,PayPal,Bi-Weekly,26,1.0769230769230769,725,0,0.4,Medium,0.6906914809262503,0.3487011210777131,Medium,Silver
2770,32,Female,Shirt,Clothing,89,Oklahoma,L,Lavender,Fall,3.0,No,Standard,No,13,Cash,Weekly,52,0.25,1246,0,0.4,Low,1.1991536186142404,-0.9920781581954632,High,Silver
2771,50,Female,Boots,Footwear,44,Nebraska,S,Blue,Fall,3.3,No,Express,No,22,Bank Transfer,Quarterly,4,5.5,1012,0,0.4,Medium,-1.0333884301193101,0.823084374084654,Low,Silver
2772,58,Female,Jacket,Outerwear,52,Maryland,S,Beige,Summer,3.1,No,2-Day Shipping,No,12,Bank Transfer,Fortnightly,26,0.46153846153846156,676,0,0.4,Medium,-0.41679528970910085,-0.7957427124639944,Medium,Silver
2773,18,Female,Backpack,Accessories,94,Pennsylvania,L,Blue,Spring,3.5,No,Store Pickup,No,10,Bank Transfer,Quarterly,4,2.5,1034,0,0.4,Medium,-1.8640035080958235,0.3063560875256881,Low,Silver
2774,39,Female,Pants,Clothing,98,Arizona,S,Maroon,Spring,4.6,No,Express,No,45,Bank Transfer,Quarterly,4,10.0,4508,0,0.4,High,0.5586238026690071,3.8403627258970756,Medium,Platinum
2775,56,Female,Boots,Footwear,40,Oklahoma,L,Yellow,Fall,4.1,No,Standard,No,42,Credit Card,Quarterly,4,10.0,1720,0,0.4,High,0.35097003317487885,3.139679625280209,Medium,Gold
2776,37,Female,Socks,Clothing,25,Montana,L,Red,Fall,3.6,No,Free Shipping,No,16,Debit Card,Weekly,52,0.3076923076923077,425,0,0.4,Medium,1.4068073881083687,-0.13593148501665175,High,Bronze
2777,46,Female,Scarf,Accessories,62,Wyoming,L,Green,Fall,2.9,No,Free Shipping,No,6,Bank Transfer,Annually,1,6.0,434,0,0.4,Low,-2.3193441605806573,0.395371481392113,Low,Bronze
2778,52,Female,Blouse,Clothing,24,Idaho,M,Magenta,Fall,4.8,No,Standard,No,28,Credit Card,Quarterly,4,7.0,696,0,0.4,High,-0.6180808911310534,3.3236344393381096,Low,Silver
2779,70,Female,Belt,Accessories,57,Pennsylvania,L,Yellow,Spring,3.2,No,Standard,No,24,Credit Card,Bi-Weekly,26,0.9230769230769231,1425,0,0.4,Medium,0.41381978826741256,-0.5329904728320498,Medium,Gold
2780,61,Female,Sunglasses,Accessories,66,Montana,L,Blue,Winter,4.3,No,Express,No,14,Credit Card,Fortnightly,26,0.5384615384615384,990,0,0.4,High,-0.2783594433796819,0.9063326656012465,Medium,Silver
2781,33,Female,Boots,Footwear,70,Ohio,M,Charcoal,Winter,4.1,No,Next Day Air,No,29,PayPal,Fortnightly,26,1.1153846153846154,2100,0,0.4,High,0.7599094040909598,0.7793289497402136,Medium,Gold
2782,65,Female,Sandals,Footwear,39,Mississippi,M,Blue,Spring,4.6,No,Standard,No,33,PayPal,Weekly,52,0.6346153846153846,1326,0,0.4,High,2.583512081908429,1.3522874467023183,High,Silver
2783,41,Female,Gloves,Accessories,34,Idaho,S,Cyan,Spring,3.8,No,Free Shipping,No,30,PayPal,Annually,1,10.0,1054,0,0.4,Medium,-0.6581140046276305,2.7192697649100896,Low,Silver
2784,19,Female,Skirt,Clothing,38,Virginia,M,Silver,Spring,4.5,No,Next Day Air,No,26,Credit Card,Quarterly,4,6.5,1026,0,0.4,High,-0.7565167374604723,2.770390991167038,Low,Silver
2785,33,Female,Skirt,Clothing,70,Idaho,M,Black,Winter,3.1,No,Express,No,12,PayPal,Quarterly,4,3.0,910,0,0.4,Medium,-1.7255676617664046,-0.12135680516685299,Low,Silver
2786,53,Female,Blouse,Clothing,80,Louisiana,S,Green,Summer,2.9,No,Next Day Air,No,13,Bank Transfer,Monthly,12,1.0833333333333333,1120,0,0.4,Low,-1.1804325123990393,-0.9108254653172496,Low,Silver
2787,54,Female,Handbag,Accessories,51,Colorado,M,Violet,Spring,3.8,No,Next Day Air,No,41,Debit Card,Quarterly,4,10.0,2142,0,0.4,Medium,0.2817521100101694,2.7192697649100896,Medium,Gold
2788,36,Female,Boots,Footwear,79,West Virginia,XL,Pink,Spring,4.1,No,Next Day Air,No,4,Venmo,Fortnightly,26,0.15384615384615385,395,0,0.4,High,-0.9705386750267765,0.5238797424306902,Low,Bronze
2789,56,Female,Boots,Footwear,92,Rhode Island,M,Olive,Summer,3.1,No,Free Shipping,No,2,Credit Card,Annually,1,2.0,276,0,0.4,Medium,-2.596215853239495,-0.3870239807687572,Low,Bronze
2790,28,Female,Sweater,Clothing,85,North Carolina,L,Orange,Fall,5.0,No,Express,No,28,Credit Card,Bi-Weekly,26,1.0769230769230769,2465,0,0.4,High,0.6906914809262503,2.0303405625581927,Medium,Platinum
2791,34,Female,Socks,Clothing,63,Maine,M,Black,Spring,4.5,No,Free Shipping,No,24,Debit Card,Annually,1,10.0,1575,0,0.4,High,-1.0734215436158872,3.700226105773703,Low,Gold
2792,43,Female,Gloves,Accessories,60,Iowa,M,Yellow,Fall,2.8,No,Express,No,14,Venmo,Fortnightly,26,0.5384615384615384,900,0,0.4,Low,-0.2783594433796819,-1.1957166362493528,Medium,Silver
2793,54,Female,Shorts,Clothing,44,Kentucky,L,Violet,Winter,3.2,No,Express,No,11,Credit Card,Weekly,52,0.21153846153846154,528,0,0.4,Medium,1.0607177722848216,-0.7220228862410971,High,Bronze
2794,37,Female,Boots,Footwear,57,Massachusetts,M,Silver,Spring,3.1,No,Standard,No,27,Debit Card,Bi-Weekly,26,1.0384615384615385,1596,0,0.4,Medium,0.6214735577615409,-0.6424731880782806,Medium,Gold
2795,33,Female,Jacket,Outerwear,24,New York,M,Gold,Fall,3.3,No,Standard,No,7,Cash,Fortnightly,26,0.2692307692307692,192,0,0.4,Medium,-0.762884905532648,-0.5665593136791529,Low,Bronze
2796,33,Female,Scarf,Accessories,35,Nebraska,M,Magenta,Winter,3.4,No,Store Pickup,No,49,PayPal,Annually,1,10.0,1750,0,0.4,Medium,0.6570265355018491,2.1587232844165967,Medium,Gold
2797,55,Female,Jacket,Outerwear,73,Oklahoma,M,Red,Winter,3.8,No,Store Pickup,No,21,Cash,Annually,1,10.0,1606,0,0.4,Medium,-1.2810753131100157,2.7192697649100896,Low,Gold
2798,63,Female,Jewelry,Accessories,42,Oklahoma,M,Green,Winter,3.5,No,Express,No,10,Venmo,Quarterly,4,2.5,462,0,0.4,Medium,-1.8640035080958235,0.3063560875256881,Low,Bronze
2799,52,Female,Hoodie,Clothing,20,Rhode Island,XL,Red,Winter,4.8,No,Store Pickup,No,37,PayPal,Weekly,52,0.7115384615384616,760,0,0.4,High,2.8603837745672673,1.6529966235338271,High,Silver
2800,23,Female,T-shirt,Clothing,89,Maine,L,Pink,Spring,3.9,No,Free Shipping,No,9,Bank Transfer,Quarterly,4,2.25,890,0,0.4,Medium,-1.933221431260533,0.8004857741187049,Low,Silver
2801,70,Female,Shirt,Clothing,76,Arkansas,L,Violet,Fall,3.4,No,Free Shipping,No,14,Cash,Bi-Weekly,26,0.5384615384615384,1140,0,0.4,Medium,-0.2783594433796819,-0.35489691550911306,Medium,Silver
2802,64,Female,Shirt,Clothing,56,New Mexico,M,Indigo,Winter,2.6,No,Express,No,30,PayPal,Annually,1,10.0,1736,0,0.4,Low,-0.6581140046276305,1.0376303234296105,Low,Gold
2803,22,Female,Coat,Outerwear,100,Hawaii,L,Red,Fall,3.1,No,Store Pickup,No,42,Credit Card,Fortnightly,26,1.6153846153846154,4300,0,0.4,Medium,1.6597424052321825,-0.4892036636925665,High,Platinum
2804,46,Female,T-shirt,Clothing,44,Idaho,M,Violet,Winter,3.3,No,Free Shipping,No,31,Bank Transfer,Monthly,12,2.5833333333333335,1408,0,0.4,Medium,0.06549010456573084,0.04822177857909993,Medium,Gold
2805,65,Female,Hoodie,Clothing,76,South Carolina,M,Cyan,Spring,2.8,No,Standard,No,48,Bank Transfer,Quarterly,4,10.0,3724,0,0.4,Low,0.7662775721631356,1.3179035636763567,Medium,Platinum
2806,18,Female,Sunglasses,Accessories,97,Nevada,S,Black,Fall,4.3,No,Standard,No,48,Cash,Quarterly,4,10.0,4753,0,0.4,High,0.7662775721631356,3.419952865526956,Medium,Platinum
2807,45,Female,Blouse,Clothing,39,South Carolina,L,Purple,Spring,2.7,No,Standard,No,50,Credit Card,Annually,1,10.0,1989,0,0.4,Low,0.7262444586665585,1.177766943552984,Medium,Gold
2808,56,Female,Hoodie,Clothing,100,Maryland,M,Charcoal,Spring,4.4,No,2-Day Shipping,No,10,Debit Card,Fortnightly,26,0.38461538461538464,1100,0,0.4,High,-0.5552311360385197,1.0055974125550968,Low,Silver
2809,49,Female,Skirt,Clothing,62,Tennessee,M,Beige,Spring,3.9,No,Free Shipping,No,45,PayPal,Quarterly,4,10.0,2852,0,0.4,Medium,0.5586238026690071,2.859406385033463,Medium,Platinum
2810,66,Female,Shorts,Clothing,98,Arkansas,XL,Teal,Summer,3.0,No,Standard,No,27,Debit Card,Quarterly,4,6.75,2744,0,0.4,Low,-0.6872988142957629,0.7347584832169145,Low,Platinum
2811,27,Female,Jeans,Clothing,31,Arizona,M,Purple,Summer,4.0,No,Standard,No,10,Debit Card,Fortnightly,26,0.38461538461538464,341,0,0.4,Medium,-0.5552311360385197,0.4450509320616032,Low,Bronze
2812,69,Female,Jacket,Outerwear,89,Ohio,M,Blue,Fall,3.7,No,Store Pickup,No,19,Credit Card,Quarterly,4,4.75,1780,0,0.4,Medium,-1.2410421996134384,1.1843804728767195,Low,Gold
2813,66,Female,Hoodie,Clothing,91,North Dakota,XL,Magenta,Fall,3.8,No,Store Pickup,No,1,Credit Card,Quarterly,4,0.25,182,0,0.4,Medium,-2.4869648165782086,0.1290148027915231,Low,Bronze
2814,45,Female,Shirt,Clothing,50,Vermont,S,Maroon,Summer,3.3,No,2-Day Shipping,No,39,Debit Card,Quarterly,4,9.75,2000,0,0.4,Medium,0.14331626368075057,1.9521698703927473,Medium,Gold
2815,31,Female,T-shirt,Clothing,32,Minnesota,L,Gold,Winter,3.6,No,Standard,No,14,Bank Transfer,Monthly,12,1.1666666666666667,480,0,0.4,Medium,-1.1112145892343297,0.09226980684652242,Low,Bronze
2816,33,Female,Blouse,Clothing,67,Idaho,L,Black,Fall,3.9,No,Free Shipping,No,40,Venmo,Quarterly,4,10.0,2747,0,0.4,Medium,0.21253418684546,2.859406385033463,Medium,Platinum
2817,43,Female,Skirt,Clothing,28,Maryland,M,Black,Spring,3.5,No,Free Shipping,No,45,Venmo,Weekly,52,0.8653846153846154,1288,0,0.4,Medium,3.4141271598849428,-0.12790756490050148,High,Silver
2818,25,Female,Backpack,Accessories,65,South Carolina,XL,Yellow,Winter,3.4,No,Standard,No,6,Venmo,Weekly,52,0.11538461538461539,455,0,0.4,Medium,0.7146281564612744,-0.46729456672530323,Medium,Bronze
2819,46,Female,Shorts,Clothing,73,California,M,Turquoise,Fall,4.7,No,Next Day Air,No,12,Debit Card,Annually,1,10.0,949,0,0.4,High,-1.9040366215924007,3.9804993460204496,Low,Silver
2820,67,Female,Shirt,Clothing,27,Georgia,L,Lavender,Spring,3.0,No,Free Shipping,No,19,Cash,Monthly,12,1.5833333333333333,540,0,0.4,Low,-0.7651249734107826,-0.6378552573929241,Low,Bronze
2821,26,Female,Backpack,Accessories,89,Vermont,L,Yellow,Summer,3.9,No,Free Shipping,No,5,Cash,Bi-Weekly,26,0.19230769230769232,534,0,0.4,Medium,-0.9013207518620671,0.25382447047632506,Low,Bronze
2822,35,Female,Shoes,Footwear,72,Georgia,L,Olive,Summer,4.5,No,Standard,No,37,Venmo,Monthly,12,3.0833333333333335,2736,0,0.4,High,0.4807976435539875,1.8626948078605317,Medium,Platinum
2823,61,Female,Skirt,Clothing,37,New Jersey,S,Brown,Fall,4.1,No,Standard,No,33,PayPal,Quarterly,4,8.25,1258,0,0.4,High,-0.2719912753075062,2.674762067976877,Medium,Silver
2824,26,Female,Dress,Clothing,63,Utah,M,Olive,Summer,4.5,No,Standard,No,47,Debit Card,Bi-Weekly,26,1.8076923076923077,3024,0,0.4,High,2.00583202105573,1.5237988594965641,High,Platinum
2825,39,Female,Hat,Accessories,90,Utah,M,Purple,Fall,4.0,No,Free Shipping,No,49,Debit Card,Quarterly,4,10.0,4500,0,0.4,Medium,0.8354954953278451,2.9995430051568364,High,Platinum
2826,69,Female,Handbag,Accessories,62,North Carolina,M,Yellow,Winter,4.3,No,2-Day Shipping,No,28,Bank Transfer,Annually,1,10.0,1798,0,0.4,High,-0.7965498509570494,3.419952865526956,Low,Gold
2827,32,Female,Handbag,Accessories,43,Florida,L,Brown,Fall,3.6,No,Express,No,23,Venmo,Annually,1,10.0,1032,0,0.4,Medium,-1.1426394667805966,2.4389965246633434,Low,Silver
2828,20,Female,Blouse,Clothing,96,Wisconsin,M,Magenta,Fall,3.1,No,Next Day Air,No,11,Bank Transfer,Bi-Weekly,26,0.4230769230769231,1152,0,0.4,Medium,-0.4860132128738103,-0.8059606807563755,Low,Silver
2829,25,Female,Scarf,Accessories,83,Tennessee,L,Lavender,Fall,2.6,No,Standard,No,33,PayPal,Quarterly,4,8.25,2822,0,0.4,Low,-0.2719912753075062,0.5727127661262779,Medium,Platinum
2830,56,Female,Jewelry,Accessories,67,Arizona,XL,Teal,Fall,3.4,No,Next Day Air,No,47,Cash,Weekly,52,0.9038461538461539,3216,0,0.4,Medium,3.5525630062143616,-0.2578262167314942,High,Platinum
2831,63,Female,Skirt,Clothing,90,Oregon,L,Cyan,Spring,2.9,No,Store Pickup,No,13,Venmo,Quarterly,4,3.25,1260,0,0.4,Low,-1.6563497386016952,-0.33521325151312364,Low,Silver
2832,34,Female,Hoodie,Clothing,53,Virginia,L,Pink,Winter,5.0,No,Express,No,4,Credit Card,Weekly,52,0.07692307692307693,265,0,0.4,High,0.5761923101318553,1.7646733869562885,Medium,Bronze
2833,29,Female,Scarf,Accessories,37,Maryland,M,Magenta,Summer,4.6,No,Standard,No,40,PayPal,Quarterly,4,10.0,1517,0,0.4,High,0.21253418684546,3.8403627258970756,Medium,Gold
2834,43,Female,Jeans,Clothing,56,Arkansas,M,Teal,Fall,3.3,No,Free Shipping,No,19,Cash,Monthly,12,1.5833333333333333,1120,0,0.4,Medium,-0.7651249734107826,-0.21744539702280452,Low,Silver
2835,39,Female,Jacket,Outerwear,43,Texas,M,Indigo,Fall,2.9,No,2-Day Shipping,No,17,Credit Card,Weekly,52,0.3269230769230769,774,0,0.4,Low,1.4760253112730783,-1.1117788417340746,High,Silver
2836,33,Female,T-shirt,Clothing,84,Vermont,S,Pink,Winter,4.9,No,Free Shipping,No,7,Venmo,Annually,1,7.0,672,0,0.4,High,-2.2501262374159476,3.4637710594614837,Low,Silver
2837,51,Female,Pants,Clothing,50,Wyoming,M,Charcoal,Winter,5.0,No,2-Day Shipping,No,21,Cash,Bi-Weekly,26,0.8076923076923077,1100,0,0.4,High,0.20616601877328422,1.9588147845115262,Medium,Silver
2838,65,Female,Shoes,Footwear,88,Alabama,M,Brown,Summer,4.5,No,Express,No,44,PayPal,Weekly,52,0.8461538461538461,3960,0,0.4,High,3.344909236720233,1.268349652187041,High,Platinum
2839,51,Female,Jacket,Outerwear,50,Maine,M,Blue,Fall,3.7,No,Free Shipping,No,2,Bank Transfer,Weekly,52,0.038461538461538464,150,0,0.4,Medium,0.4377564638024365,-0.06732064293994489,Medium,Bronze
2840,70,Female,Scarf,Accessories,80,South Dakota,L,Teal,Summer,2.8,No,Store Pickup,No,30,Bank Transfer,Monthly,12,2.5,2480,0,0.4,Low,-0.003727818598978583,-0.6746002533379252,Medium,Platinum
2841,40,Female,T-shirt,Clothing,47,West Virginia,L,Pink,Spring,3.5,No,Store Pickup,No,41,Cash,Annually,1,10.0,1974,0,0.4,Medium,0.10328315018417344,2.2988599045399702,Medium,Gold
2842,19,Female,Dress,Clothing,33,Ohio,XL,Magenta,Winter,3.0,No,2-Day Shipping,No,31,Cash,Weekly,52,0.5961538461538461,1056,0,0.4,Low,2.4450762355790108,-0.9001164435640345,High,Silver
2843,28,Female,Coat,Outerwear,100,Arizona,L,Green,Fall,4.3,No,Standard,No,48,Debit Card,Quarterly,4,10.0,4900,0,0.4,High,0.7662775721631356,3.419952865526956,Medium,Platinum
2844,51,Female,Sweater,Clothing,26,Ohio,M,White,Summer,3.6,No,Store Pickup,No,41,Venmo,Weekly,52,0.7884615384615384,1092,0,0.4,Medium,3.137255467226105,-0.008206881361890073,High,Silver
2845,32,Female,Hat,Accessories,79,New Mexico,M,Indigo,Summer,4.4,No,Standard,No,42,Venmo,Annually,1,10.0,3397,0,0.4,High,0.17250107334888287,3.5600894856503302,Medium,Platinum
2846,26,Female,Backpack,Accessories,77,South Dakota,L,Lavender,Summer,4.1,No,Express,No,39,Debit Card,Quarterly,4,9.75,3080,0,0.4,High,0.14331626368075057,3.073262831379733,Medium,Platinum
2847,50,Female,Socks,Clothing,36,Oklahoma,XL,Black,Fall,2.8,No,Next Day Air,No,15,PayPal,Bi-Weekly,26,0.5769230769230769,576,0,0.4,Low,-0.20914152021497245,-1.185498667956972,Medium,Bronze
2848,68,Female,Jewelry,Accessories,21,Connecticut,L,Charcoal,Winter,2.8,No,Free Shipping,No,3,PayPal,Quarterly,4,0.75,84,0,0.4,Low,-2.3485289702487897,-1.1395178106412578,Low,Bronze
2849,33,Female,Boots,Footwear,72,Wisconsin,L,Gray,Fall,4.9,No,Store Pickup,No,28,Bank Transfer,Quarterly,4,7.0,2088,0,0.4,High,-0.6180808911310534,3.4637710594614837,Low,Gold
2850,56,Female,Coat,Outerwear,25,New Hampshire,M,Gold,Spring,4.1,No,Express,No,27,PayPal,Bi-Weekly,26,1.0384615384615385,700,0,0.4,High,0.6214735577615409,0.7588930131554517,Medium,Silver
2851,57,Female,Sweater,Clothing,79,Nebraska,M,Silver,Spring,3.0,No,Store Pickup,No,36,Debit Card,Annually,1,10.0,2923,0,0.4,Low,-0.2428064656393738,1.5981768039231035,Medium,Platinum
2852,58,Female,Blouse,Clothing,73,Nevada,L,Teal,Summer,3.0,No,Store Pickup,No,42,Debit Card,Monthly,12,3.5,3139,0,0.4,Low,0.8268872593775347,-0.12865983748927423,Medium,Platinum
2853,40,Female,Belt,Accessories,71,New York,M,Magenta,Spring,3.0,No,Store Pickup,No,30,Venmo,Weekly,52,0.5769230769230769,2201,0,0.4,Low,2.375858312414301,-0.9052254277102252,High,Gold
2854,37,Female,Hat,Accessories,48,Pennsylvania,M,Magenta,Winter,3.2,No,Next Day Air,No,9,PayPal,Weekly,52,0.17307692307692307,480,0,0.4,Medium,0.9222819259554027,-0.7322408545334782,High,Bronze
2855,36,Female,Sandals,Footwear,28,Delaware,M,Beige,Fall,2.7,No,Store Pickup,No,25,Venmo,Monthly,12,2.0833333333333335,728,0,0.4,Low,-0.34981743442252583,-0.9254315299620912,Medium,Silver
2856,29,Female,Boots,Footwear,95,Mississippi,S,Maroon,Winter,3.8,No,2-Day Shipping,No,33,PayPal,Quarterly,4,8.25,3230,0,0.4,Medium,-0.2719912753075062,2.254352207606757,Medium,Platinum
2857,65,Female,Jacket,Outerwear,48,Iowa,M,Indigo,Winter,3.5,No,2-Day Shipping,No,31,Credit Card,Monthly,12,2.5833333333333335,1536,0,0.4,Medium,0.06549010456573084,0.32849501882584675,Medium,Gold
2858,44,Female,Dress,Clothing,93,Utah,S,Maroon,Spring,3.8,No,Next Day Air,No,35,Debit Card,Monthly,12,2.9166666666666665,3348,0,0.4,Medium,0.34236179722456866,0.8374606043966011,Medium,Platinum
2859,34,Female,Jeans,Clothing,87,Maryland,L,Teal,Summer,3.8,No,2-Day Shipping,No,46,Bank Transfer,Monthly,12,3.8333333333333335,4089,0,0.4,Medium,1.1037589520363724,1.0809888486983468,High,Platinum
2860,31,Female,Shorts,Clothing,32,Utah,L,Yellow,Fall,3.4,No,Express,No,29,Bank Transfer,Annually,1,10.0,960,0,0.4,Medium,-0.72733192779234,2.1587232844165967,Low,Silver
2861,28,Female,Shirt,Clothing,38,Rhode Island,M,Gold,Spring,2.9,No,Next Day Air,No,49,Bank Transfer,Weekly,52,0.9423076923076923,1900,0,0.4,Low,3.690998852543781,-0.9482913490559797,High,Gold
2862,66,Female,Coat,Outerwear,54,Maryland,M,Teal,Fall,3.4,No,Free Shipping,No,27,Credit Card,Monthly,12,2.25,1512,0,0.4,Medium,-0.21138158809310695,0.09980267350183847,Medium,Gold
2863,68,Female,Coat,Outerwear,75,Hawaii,S,Violet,Summer,4.7,No,Store Pickup,No,5,Bank Transfer,Quarterly,4,1.25,450,0,0.4,High,-2.210093123919371,1.6559115595037874,Low,Bronze
2864,37,Female,T-shirt,Clothing,56,Connecticut,M,Yellow,Fall,3.9,No,2-Day Shipping,No,18,Venmo,Monthly,12,1.5,1064,0,0.4,Medium,-0.834342896575492,0.6012353924172767,Low,Silver
2865,58,Female,Sweater,Clothing,43,Illinois,S,Maroon,Fall,3.6,No,Store Pickup,No,31,Venmo,Weekly,52,0.5961538461538461,1376,0,0.4,Medium,2.4450762355790108,-0.05929672282379461,High,Gold
2866,28,Female,Skirt,Clothing,97,California,M,Silver,Fall,3.7,No,Free Shipping,No,27,Cash,Fortnightly,26,1.0384615384615385,2716,0,0.4,Medium,0.6214735577615409,0.19834653266195934,Medium,Platinum
2867,54,Female,Blouse,Clothing,75,Connecticut,S,Violet,Summer,3.1,No,Free Shipping,No,19,Cash,Annually,1,10.0,1500,0,0.4,Medium,-1.4195111594394345,1.7383134240464768,Low,Gold
2868,21,Female,Sneakers,Footwear,55,Colorado,L,White,Summer,4.9,No,Next Day Air,No,33,Cash,Fortnightly,26,1.2692307692307692,1870,0,0.4,High,1.0367810967497975,1.9412937838967248,High,Gold
2869,45,Female,Backpack,Accessories,49,Colorado,M,Black,Winter,2.6,No,Next Day Air,No,42,PayPal,Quarterly,4,10.0,2107,0,0.4,Low,0.35097003317487885,1.0376303234296105,Medium,Gold
2870,57,Female,Socks,Clothing,58,Georgia,M,White,Summer,4.2,No,Standard,No,16,Bank Transfer,Weekly,52,0.3076923076923077,986,0,0.4,High,1.4068073881083687,0.704888235723588,High,Silver
2871,47,Female,Jewelry,Accessories,34,North Dakota,M,Blue,Winter,4.8,No,Free Shipping,No,49,Debit Card,Quarterly,4,10.0,1700,0,0.4,High,0.8354954953278451,4.120635966143823,High,Gold
2872,46,Female,Shorts,Clothing,43,Idaho,S,Black,Summer,2.7,No,2-Day Shipping,No,40,Venmo,Bi-Weekly,26,1.5384615384615385,1763,0,0.4,Low,1.5213065589027637,-1.0701860807708212,High,Gold
2873,63,Female,Jewelry,Accessories,48,Connecticut,L,Olive,Fall,2.6,No,Next Day Air,No,5,Cash,Annually,1,5.0,288,0,0.4,Low,-2.388562083745367,-0.2907055545799109,Low,Bronze
2874,44,Female,Sweater,Clothing,40,Montana,M,Teal,Spring,2.6,No,Free Shipping,No,8,Bank Transfer,Monthly,12,0.6666666666666666,360,0,0.4,Low,-1.5265221282225865,-1.4419299821881628,Low,Bronze
2875,36,Female,Shirt,Clothing,29,Colorado,L,Silver,Summer,3.1,No,Standard,No,2,Debit Card,Annually,1,2.0,87,0,0.4,Medium,-2.596215853239495,-0.3870239807687572,Low,Bronze
2876,24,Female,Pants,Clothing,81,Kentucky,M,Pink,Fall,2.6,No,Free Shipping,No,14,Debit Card,Weekly,52,0.2692307692307692,1215,0,0.4,Low,1.2683715417789498,-1.5475156545427655,High,Silver
2877,65,Female,Hoodie,Clothing,84,New Mexico,M,Charcoal,Spring,3.4,No,2-Day Shipping,No,5,Bank Transfer,Fortnightly,26,0.19230769230769232,504,0,0.4,Medium,-0.9013207518620671,-0.4468586301405413,Low,Bronze
2878,32,Female,Socks,Clothing,46,New Jersey,M,Silver,Summer,3.6,No,Standard,No,34,Venmo,Monthly,12,2.8333333333333335,1610,0,0.4,Medium,0.27314387405985924,0.5350484328496962,Medium,Gold
2879,63,Female,Dress,Clothing,86,California,L,Turquoise,Summer,4.3,No,Next Day Air,No,13,Bank Transfer,Annually,1,10.0,1204,0,0.4,High,-1.834818698427691,3.419952865526956,Low,Silver
2880,62,Female,Blouse,Clothing,57,North Dakota,XL,Turquoise,Winter,4.9,No,Free Shipping,No,31,Venmo,Annually,1,10.0,1824,0,0.4,High,-0.588896081462921,4.260772586267197,Low,Gold
2881,19,Female,Skirt,Clothing,61,Florida,L,Beige,Winter,4.8,No,Store Pickup,No,43,PayPal,Quarterly,4,10.0,2684,0,0.4,High,0.4201879563395883,4.120635966143823,Medium,Platinum
2882,38,Female,Backpack,Accessories,90,Texas,M,Cyan,Winter,4.2,No,Free Shipping,No,6,Bank Transfer,Annually,1,6.0,630,0,0.4,High,-2.3193441605806573,2.217147542995966,Low,Bronze
2883,59,Female,Blouse,Clothing,51,Oklahoma,L,Gold,Winter,2.6,No,Store Pickup,No,23,Credit Card,Bi-Weekly,26,0.8846153846153846,1224,0,0.4,Low,0.34460186510270313,-1.3840281618646708,Medium,Silver
2884,22,Female,Socks,Clothing,48,Rhode Island,XL,Silver,Spring,3.2,No,Standard,No,10,PayPal,Weekly,52,0.19230769230769232,528,0,0.4,Medium,0.9914998491201121,-0.7271318703872875,High,Bronze
2885,55,Female,Boots,Footwear,50,Arkansas,M,Purple,Summer,3.4,No,2-Day Shipping,No,47,Credit Card,Quarterly,4,10.0,2400,0,0.4,Medium,0.6970596489984262,2.1587232844165967,Medium,Platinum
2886,29,Female,Backpack,Accessories,82,Nevada,M,Yellow,Summer,3.5,No,Next Day Air,No,14,Credit Card,Bi-Weekly,26,0.5384615384615384,1230,0,0.4,Medium,-0.2783594433796819,-0.21476029538573949,Medium,Silver
2887,42,Female,Hat,Accessories,33,Utah,L,Blue,Spring,4.2,No,Free Shipping,No,29,PayPal,Weekly,52,0.5576923076923077,990,0,0.4,High,2.3066403892495915,0.7713050296240641,High,Silver
2888,23,Female,Sandals,Footwear,28,Kentucky,L,Blue,Winter,2.8,No,Express,No,12,Cash,Bi-Weekly,26,0.46153846153846156,364,0,0.4,Low,-0.41679528970910085,-1.2161525728341145,Medium,Bronze
2889,70,Female,Hoodie,Clothing,42,Wisconsin,L,Green,Spring,5.0,No,2-Day Shipping,No,25,Debit Card,Quarterly,4,6.25,1092,0,0.4,High,-0.8257346606251817,3.4046572978834284,Low,Silver
2890,64,Female,Sunglasses,Accessories,43,Minnesota,M,Charcoal,Fall,3.3,No,Store Pickup,No,21,Venmo,Annually,1,10.0,946,0,0.4,Medium,-1.2810753131100157,2.018586664293223,Low,Silver
2891,39,Female,Jeans,Clothing,55,North Dakota,M,Violet,Winter,3.7,No,Free Shipping,No,23,Credit Card,Monthly,12,1.9166666666666667,1320,0,0.4,Medium,-0.48825328075194474,0.43165680867132405,Low,Silver
2892,47,Female,T-shirt,Clothing,73,Ohio,XL,Black,Winter,2.5,No,Free Shipping,No,10,PayPal,Monthly,12,0.8333333333333334,803,0,0.4,Low,-1.3880862818931676,-1.5377887397112184,Low,Silver
2893,22,Female,Dress,Clothing,39,Nevada,M,Teal,Spring,3.2,No,Standard,No,47,Credit Card,Monthly,12,3.9166666666666665,1872,0,0.4,Medium,1.172976875201082,0.26230805925826606,High,Gold
2894,69,Female,Belt,Accessories,20,Kentucky,S,Orange,Spring,3.1,No,Free Shipping,No,44,Debit Card,Quarterly,4,10.0,900,0,0.4,Medium,0.4894058795042977,1.7383134240464768,Medium,Silver
2895,35,Female,Jewelry,Accessories,32,Kentucky,S,Brown,Spring,3.5,No,Standard,No,41,Venmo,Annually,1,10.0,1344,0,0.4,Medium,0.10328315018417344,2.2988599045399702,Medium,Gold
2896,56,Female,Hoodie,Clothing,86,Montana,L,Green,Summer,4.6,No,Standard,No,29,Bank Transfer,Monthly,12,2.4166666666666665,2580,0,0.4,High,-0.07294574176368807,1.825719977582635,Medium,Platinum
2897,30,Female,Blouse,Clothing,91,Delaware,M,Silver,Summer,3.3,No,Free Shipping,No,2,Venmo,Quarterly,4,0.5,273,0,0.4,Medium,-2.417746893413499,-0.5052515039248673,Low,Bronze
2898,43,Female,Jacket,Outerwear,59,Montana,L,Violet,Fall,2.5,No,Free Shipping,No,2,Cash,Fortnightly,26,0.07692307692307693,177,0,0.4,Low,-1.1089745213561955,-1.7387421161280434,Low,Bronze
2899,23,Female,Sneakers,Footwear,33,New Jersey,XL,Peach,Summer,4.6,No,Express,No,29,Credit Card,Annually,1,10.0,990,0,0.4,High,-0.72733192779234,3.8403627258970756,Low,Silver
2900,50,Female,Boots,Footwear,64,Nebraska,M,Gold,Spring,4.2,No,2-Day Shipping,No,22,Bank Transfer,Fortnightly,26,0.8461538461538461,1472,0,0.4,High,0.27538394193799365,0.8479397918169213,Medium,Gold
2901,41,Female,Blouse,Clothing,67,Maryland,XL,Violet,Winter,4.0,No,Standard,No,23,Cash,Bi-Weekly,26,0.8846153846153846,1608,0,0.4,Medium,0.34460186510270313,0.5778845198625553,Medium,Gold
2902,41,Female,Blouse,Clothing,43,Alabama,L,Olive,Winter,2.6,No,Free Shipping,No,46,Credit Card,Quarterly,4,10.0,2021,0,0.4,Low,0.6278417258337166,1.0376303234296105,Medium,Gold
2903,27,Female,Boots,Footwear,32,North Carolina,S,Orange,Spring,4.6,No,Standard,No,19,PayPal,Bi-Weekly,26,0.7307692307692307,640,0,0.4,High,0.06773017244386531,1.3778323674332706,Medium,Bronze
2904,38,Female,Scarf,Accessories,39,Delaware,S,Teal,Spring,3.5,No,2-Day Shipping,No,24,Credit Card,Quarterly,4,6.0,975,0,0.4,Medium,-0.8949525837898912,1.236191202132353,Low,Silver
2905,41,Female,Sandals,Footwear,41,Iowa,M,Gray,Spring,4.0,No,2-Day Shipping,No,43,Venmo,Monthly,12,3.5833333333333335,1804,0,0.4,Medium,0.8961051825422441,1.2948452950446174,High,Gold
2906,58,Female,Sunglasses,Accessories,53,New York,L,Black,Winter,4.8,No,Standard,No,14,Debit Card,Fortnightly,26,0.5384615384615384,795,0,0.4,High,-0.2783594433796819,1.607015766218113,Medium,Silver
2907,58,Female,Coat,Outerwear,27,Virginia,M,Indigo,Spring,3.9,No,Standard,No,7,Venmo,Annually,1,7.0,216,0,0.4,Medium,-2.2501262374159476,2.06240485822775,Low,Bronze
2908,19,Female,Sunglasses,Accessories,82,Maryland,XL,Lavender,Summer,3.7,No,Next Day Air,No,50,PayPal,Bi-Weekly,26,1.9230769230769231,4182,0,0.4,Medium,2.2134857905498584,0.43335980338672087,High,Platinum
2909,43,Female,Blouse,Clothing,87,Texas,M,Beige,Winter,3.1,No,Store Pickup,No,15,Debit Card,Quarterly,4,3.75,1392,0,0.4,Medium,-1.5179138922722761,0.07789357653457529,Low,Gold
2910,27,Female,Backpack,Accessories,78,Louisiana,M,Indigo,Winter,3.0,No,Next Day Air,No,40,Credit Card,Quarterly,4,10.0,3198,0,0.4,Low,0.21253418684546,1.5981768039231035,Medium,Platinum
2911,32,Female,Belt,Accessories,32,Mississippi,M,Blue,Summer,2.9,No,Store Pickup,No,41,Credit Card,Monthly,12,3.4166666666666665,1344,0,0.4,Low,0.7576693362128253,-0.29093538891280635,Medium,Gold
2912,28,Female,Socks,Clothing,38,Ohio,XL,Orange,Fall,2.9,No,Next Day Air,No,34,Venmo,Quarterly,4,8.5,1330,0,0.4,Low,-0.20277335214279668,1.0595394203968735,Medium,Silver
2913,48,Female,Shoes,Footwear,37,Oregon,M,Yellow,Winter,4.0,No,Standard,No,27,Cash,Bi-Weekly,26,1.0384615384615385,1036,0,0.4,Medium,0.6214735577615409,0.618756393032079,Medium,Silver
2914,43,Female,Coat,Outerwear,83,Wyoming,L,Cyan,Winter,3.5,No,Express,No,12,Cash,Quarterly,4,3.0,1079,0,0.4,Medium,-1.7255676617664046,0.4391896753266402,Low,Silver
2915,45,Female,Sweater,Clothing,72,Pennsylvania,M,Yellow,Fall,3.8,No,Express,No,1,Debit Card,Bi-Weekly,26,0.038461538461538464,144,0,0.4,Medium,-1.1781924445209047,0.07281597718342792,Low,Bronze
2916,26,Female,Shirt,Clothing,30,Oregon,M,Cyan,Fall,4.5,No,Express,No,39,Debit Card,Bi-Weekly,26,1.5,1200,0,0.4,High,1.4520886357380545,1.4420551131575166,High,Silver
2917,62,Female,Shorts,Clothing,66,Oklahoma,M,Green,Winter,2.7,No,Express,No,13,Credit Card,Bi-Weekly,26,0.5,924,0,0.4,Low,-0.3475773665443914,-1.3460712246651063,Medium,Silver
2918,58,Female,Shirt,Clothing,45,Colorado,XL,White,Winter,2.9,No,Store Pickup,No,50,Venmo,Annually,1,10.0,2295,0,0.4,Low,0.7262444586665585,1.45804018379973,Medium,Platinum
2919,19,Female,Sunglasses,Accessories,73,New York,S,Black,Fall,4.9,No,Free Shipping,No,36,Cash,Weekly,52,0.6923076923076923,2701,0,0.4,High,2.7911658514025577,1.7880242595110107,High,Platinum
2920,64,Female,Shoes,Footwear,67,Minnesota,L,Charcoal,Winter,3.8,No,Standard,No,31,Debit Card,Monthly,12,2.5833333333333335,2144,0,0.4,Medium,0.06549010456573084,0.7489048791959664,Medium,Gold
2921,33,Female,Sunglasses,Accessories,72,Texas,XL,Brown,Spring,4.9,No,Free Shipping,No,3,Debit Card,Bi-Weekly,26,0.11538461538461539,288,0,0.4,High,-1.0397565981914858,1.6347547351252967,Low,Bronze
2922,20,Female,Handbag,Accessories,24,Wisconsin,M,Cyan,Fall,4.6,No,Standard,No,11,Cash,Fortnightly,26,0.4230769230769231,288,0,0.4,High,-0.4860132128738103,1.2960886210942233,Low,Bronze
2923,45,Female,Sunglasses,Accessories,68,Kentucky,L,Beige,Winter,3.5,No,Express,No,16,PayPal,Quarterly,4,4.0,1156,0,0.4,Medium,-1.448695969107567,0.7048568509285444,Low,Silver
2924,28,Female,Shirt,Clothing,70,Pennsylvania,M,Magenta,Spring,4.2,No,2-Day Shipping,No,12,Cash,Quarterly,4,3.0,910,0,0.4,High,-1.7255676617664046,1.4201460161902535,Low,Silver
2925,47,Female,Shirt,Clothing,64,Rhode Island,L,Indigo,Winter,3.7,No,Free Shipping,No,37,Debit Card,Quarterly,4,9.25,2432,0,0.4,Medium,0.004880417351331601,2.3798827630852886,Medium,Platinum
2926,54,Female,Sweater,Clothing,91,Illinois,M,Maroon,Spring,2.8,No,Store Pickup,No,43,Credit Card,Quarterly,4,10.0,4004,0,0.4,Low,0.4201879563395883,1.3179035636763567,Medium,Platinum
2927,64,Female,Handbag,Accessories,82,Maryland,M,Gray,Winter,4.8,No,2-Day Shipping,No,9,Cash,Weekly,52,0.17307692307692307,820,0,0.4,High,0.9222819259554027,1.5099450674404942,High,Silver
2928,45,Female,Shirt,Clothing,24,Missouri,M,Black,Summer,2.7,No,Express,No,15,Venmo,Bi-Weekly,26,0.5769230769230769,384,0,0.4,Low,-0.20914152021497245,-1.3256352880803446,Medium,Bronze
2929,40,Female,Jewelry,Accessories,80,Alabama,L,Yellow,Spring,3.6,No,Store Pickup,No,17,Credit Card,Weekly,52,0.3269230769230769,1440,0,0.4,Medium,1.4760253112730783,-0.13082250087046132,High,Gold
2930,31,Female,Socks,Clothing,53,Maine,XL,White,Winter,4.5,No,Next Day Air,No,42,Venmo,Fortnightly,26,1.6153846153846154,2279,0,0.4,High,1.6597424052321825,1.4727090180346596,High,Gold
2931,38,Female,T-shirt,Clothing,50,Mississippi,M,Orange,Spring,4.0,No,Free Shipping,No,14,Venmo,Monthly,12,1.1666666666666667,750,0,0.4,Medium,-1.1112145892343297,0.6528162873400154,Low,Silver
2932,36,Female,Jewelry,Accessories,31,Alabama,M,Magenta,Fall,4.5,No,2-Day Shipping,No,49,Credit Card,Bi-Weekly,26,1.8846153846153846,1550,0,0.4,High,2.1442678673851487,1.544234796081326,High,Gold
2933,65,Female,Backpack,Accessories,88,Alaska,L,Black,Spring,3.9,No,Express,No,3,PayPal,Quarterly,4,0.75,352,0,0.4,Medium,-2.3485289702487897,0.4019850107158486,Low,Bronze
2934,27,Female,Hat,Accessories,52,Illinois,M,Brown,Summer,3.8,No,Standard,No,28,Venmo,Monthly,12,2.3333333333333335,1508,0,0.4,Medium,-0.1421636649283975,0.6824880852954903,Medium,Gold
2935,38,Female,Gloves,Accessories,22,Idaho,M,Orange,Fall,4.7,No,Next Day Air,No,41,Bank Transfer,Quarterly,4,10.0,924,0,0.4,High,0.2817521100101694,3.9804993460204496,Medium,Silver
2936,58,Female,Sneakers,Footwear,27,North Carolina,XL,Gray,Spring,4.6,No,Standard,No,11,Venmo,Weekly,52,0.21153846153846154,324,0,0.4,High,1.0607177722848216,1.239889795486128,High,Bronze
2937,31,Female,Skirt,Clothing,34,Washington,M,White,Spring,3.6,No,Express,No,46,PayPal,Weekly,52,0.8846153846153846,1598,0,0.4,Medium,3.4833450830496524,0.017338039369062197,High,Gold
2938,28,Female,Handbag,Accessories,39,West Virginia,M,White,Spring,4.3,No,2-Day Shipping,No,15,Credit Card,Weekly,52,0.28846153846153844,624,0,0.4,High,1.3375894649436595,0.8399158717007704,High,Bronze
2939,28,Female,Sunglasses,Accessories,53,Maine,M,Violet,Fall,3.0,No,Standard,No,15,Cash,Monthly,12,1.25,848,0,0.4,Low,-1.0419966660696203,-0.726410982593559,Low,Silver
2940,32,Female,Sweater,Clothing,46,Kentucky,M,Beige,Winter,4.3,No,Express,No,34,Venmo,Weekly,52,0.6538461538461539,1610,0,0.4,High,2.652730005073139,0.9369865704783893,High,Gold
2941,61,Female,Handbag,Accessories,85,Massachusetts,L,Beige,Summer,4.8,No,Next Day Air,No,13,Cash,Monthly,12,1.0833333333333333,1190,0,0.4,High,-1.1804325123990393,1.7517703170268428,Low,Silver
2942,38,Female,Skirt,Clothing,86,Pennsylvania,L,Purple,Spring,3.7,No,Free Shipping,No,27,PayPal,Monthly,12,2.25,2408,0,0.4,Medium,-0.21138158809310695,0.5202125338719588,Medium,Platinum
2943,54,Female,Socks,Clothing,63,Hawaii,M,Brown,Summer,2.6,No,Free Shipping,No,37,Bank Transfer,Weekly,52,0.7115384615384616,2394,0,0.4,Low,2.8603837745672673,-1.430009019180385,High,Platinum
2944,29,Female,Shirt,Clothing,44,Virginia,M,Orange,Spring,3.4,No,Standard,No,37,Credit Card,Monthly,12,3.0833333333333335,1672,0,0.4,Medium,0.4807976435539875,0.3211919865034255,Medium,Gold
2945,50,Female,Sneakers,Footwear,95,New York,XL,Cyan,Summer,3.9,No,Free Shipping,No,4,Venmo,Quarterly,4,1.0,475,0,0.4,Medium,-2.2793110470840805,0.46840180461632464,Low,Bronze
2946,32,Female,Belt,Accessories,49,Delaware,M,Charcoal,Summer,4.8,No,Free Shipping,No,1,Credit Card,Quarterly,4,0.25,98,0,0.4,High,-2.4869648165782086,1.530381004025256,Low,Bronze
2947,38,Female,Pants,Clothing,77,Hawaii,L,Purple,Spring,2.8,No,Free Shipping,No,29,Bank Transfer,Quarterly,4,7.25,2310,0,0.4,Low,-0.5488629679663439,0.58731883077112,Low,Platinum
2948,52,Female,Jewelry,Accessories,63,Nebraska,L,Peach,Spring,4.4,No,Standard,No,50,Venmo,Annually,1,10.0,3213,0,0.4,High,0.7262444586665585,3.5600894856503302,Medium,Platinum
2949,61,Female,Pants,Clothing,83,Vermont,M,Violet,Winter,3.1,No,Standard,No,38,Debit Card,Bi-Weekly,26,1.4615384615384615,3237,0,0.4,Medium,1.3828707125733448,-0.5300755368620902,High,Platinum
2950,25,Female,Jewelry,Accessories,93,Iowa,M,Peach,Spring,3.8,No,Store Pickup,No,15,PayPal,Annually,1,10.0,1488,0,0.4,Medium,-1.6963828520982722,2.7192697649100896,Low,Gold
2951,22,Female,Jeans,Clothing,91,Iowa,S,Maroon,Winter,4.1,No,2-Day Shipping,No,44,Debit Card,Quarterly,4,10.0,4095,0,0.4,High,0.4894058795042977,3.139679625280209,Medium,Platinum
2952,47,Female,Scarf,Accessories,99,Arkansas,L,Maroon,Fall,4.6,No,Free Shipping,No,14,Cash,Weekly,52,0.2692307692307692,1485,0,0.4,High,1.2683715417789498,1.2552167479246994,High,Gold
2953,50,Female,Belt,Accessories,24,Alabama,M,Peach,Spring,4.9,No,Next Day Air,No,5,Debit Card,Monthly,12,0.4166666666666667,144,0,0.4,High,-1.734175897716715,1.7147954867489474,Low,Bronze
2954,45,Female,Dress,Clothing,82,Maryland,M,Silver,Summer,4.8,No,Next Day Air,No,11,Credit Card,Annually,1,10.0,984,0,0.4,High,-1.97325454475711,4.120635966143823,Low,Silver
2955,33,Female,T-shirt,Clothing,28,South Dakota,M,Indigo,Winter,3.9,No,Express,No,15,Credit Card,Annually,1,10.0,448,0,0.4,Medium,-1.6963828520982722,2.859406385033463,Low,Bronze
2956,42,Female,Boots,Footwear,67,Vermont,M,Silver,Winter,2.6,No,Free Shipping,No,46,Credit Card,Annually,1,10.0,3149,0,0.4,Low,0.4493727660077206,1.0376303234296105,Medium,Platinum
2957,52,Female,Dress,Clothing,88,Montana,M,Olive,Fall,3.7,No,Standard,No,30,Venmo,Monthly,12,2.5,2728,0,0.4,Medium,-0.003727818598978583,0.5866293277724348,Medium,Platinum
2958,69,Female,Jewelry,Accessories,70,South Dakota,S,Gray,Fall,4.7,No,Standard,No,2,Cash,Annually,1,2.0,210,0,0.4,High,-2.596215853239495,1.8551619412052154,Low,Bronze
2959,55,Female,Skirt,Clothing,100,Ohio,M,Black,Summer,4.5,No,Standard,No,28,PayPal,Monthly,12,2.3333333333333335,2900,0,0.4,High,-0.1421636649283975,1.6634444261591037,Medium,Platinum
2960,38,Female,Handbag,Accessories,28,Texas,L,Maroon,Summer,4.7,No,Free Shipping,No,9,PayPal,Quarterly,4,2.25,280,0,0.4,High,-1.933221431260533,1.9215787351056917,Low,Bronze
2961,57,Female,Coat,Outerwear,48,Indiana,S,Olive,Spring,3.6,No,Standard,No,47,Credit Card,Weekly,52,0.9038461538461539,2304,0,0.4,Medium,3.5525630062143616,0.02244702351525263,High,Platinum
2962,33,Female,Hoodie,Clothing,43,New Hampshire,S,Gold,Fall,2.8,No,Free Shipping,No,21,Debit Card,Bi-Weekly,26,0.8076923076923077,946,0,0.4,Low,0.20616601877328422,-1.1241908582026863,Medium,Silver
2963,57,Female,Pants,Clothing,40,California,L,Pink,Fall,4.0,No,Express,No,42,Credit Card,Quarterly,4,10.0,1720,0,0.4,Medium,0.35097003317487885,2.9995430051568364,Medium,Gold
2964,52,Female,Boots,Footwear,97,Maine,M,Brown,Spring,3.6,No,Free Shipping,No,28,Credit Card,Weekly,52,0.5384615384615384,2813,0,0.4,Medium,2.2374224660848823,-0.07462367526236613,High,Platinum
2965,44,Female,Coat,Outerwear,25,Ohio,S,White,Fall,3.8,No,2-Day Shipping,No,13,Venmo,Fortnightly,26,0.5,350,0,0.4,Medium,-0.3475773665443914,0.19543159669199917,Medium,Bronze
2966,48,Female,Scarf,Accessories,45,Delaware,M,Blue,Summer,4.4,No,Standard,No,25,PayPal,Fortnightly,26,0.9615384615384616,1170,0,0.4,High,0.48303771143212204,1.1588669369408109,Medium,Silver
2967,52,Female,Boots,Footwear,49,Oklahoma,L,Orange,Fall,2.8,No,Store Pickup,No,38,Debit Card,Quarterly,4,9.5,1911,0,0.4,Low,0.07409834051604103,1.1850699758754046,Medium,Gold
2968,34,Female,Sneakers,Footwear,36,Indiana,L,Silver,Summer,3.4,No,Free Shipping,No,40,Venmo,Annually,1,10.0,1476,0,0.4,Medium,0.03406522701946402,2.1587232844165967,Medium,Gold
2969,26,Female,Sweater,Clothing,48,South Carolina,S,Gray,Fall,4.9,No,Express,No,25,Cash,Quarterly,4,6.25,1248,0,0.4,High,-0.8257346606251817,3.2645206777600553,Low,Silver
2970,36,Female,Belt,Accessories,62,Vermont,S,Blue,Fall,4.3,No,Next Day Air,No,20,Cash,Quarterly,4,5.0,1302,0,0.4,High,-1.171824276448729,2.0916169875174346,Low,Silver
2971,24,Female,Jewelry,Accessories,74,Kansas,M,White,Winter,3.4,No,Free Shipping,No,44,Credit Card,Bi-Weekly,26,1.6923076923076923,3330,0,0.4,Medium,1.7981782515616014,-0.04835786673768494,High,Platinum
2972,30,Female,Handbag,Accessories,100,Utah,L,Yellow,Fall,3.9,No,Next Day Air,No,9,PayPal,Quarterly,4,2.25,1000,0,0.4,Medium,-1.933221431260533,0.8004857741187049,Low,Silver
2973,31,Female,Jacket,Outerwear,39,New York,S,Indigo,Fall,4.2,No,Free Shipping,No,11,Venmo,Quarterly,4,2.75,468,0,0.4,High,-1.794785584931114,1.3537292222897774,Low,Bronze
2974,25,Female,Boots,Footwear,65,Indiana,M,Blue,Summer,2.7,No,Store Pickup,No,3,Bank Transfer,Fortnightly,26,0.11538461538461539,260,0,0.4,Low,-1.0397565981914858,-1.4482509075889158,Low,Bronze
2975,57,Female,Sneakers,Footwear,99,Tennessee,XL,Peach,Summer,4.1,No,Store Pickup,No,34,Credit Card,Weekly,52,0.6538461538461539,3465,0,0.4,High,2.652730005073139,0.6567133302316424,High,Platinum
2976,61,Female,Scarf,Accessories,68,Georgia,XL,Lavender,Winter,4.5,No,2-Day Shipping,No,48,Cash,Quarterly,4,10.0,3332,0,0.4,High,0.7662775721631356,3.700226105773703,Medium,Platinum
2977,30,Female,Coat,Outerwear,97,Nebraska,M,Silver,Summer,2.8,No,Express,No,28,Cash,Fortnightly,26,1.0769230769230769,2813,0,0.4,Low,0.6906914809262503,-1.0526650801560198,Medium,Platinum
2978,38,Female,Shorts,Clothing,47,Washington,L,Gold,Winter,3.4,No,Standard,No,20,Venmo,Annually,1,10.0,987,0,0.4,Medium,-1.3502932362747249,2.1587232844165967,Low,Silver
2979,53,Female,Shorts,Clothing,56,Idaho,S,Cyan,Spring,3.9,No,Free Shipping,No,49,Bank Transfer,Fortnightly,26,1.8846153846153846,2800,0,0.4,Medium,2.1442678673851487,0.703415075341086,High,Platinum
2980,31,Female,Jeans,Clothing,91,Louisiana,L,Olive,Fall,2.6,No,Next Day Air,No,14,PayPal,Weekly,52,0.2692307692307692,1365,0,0.4,Low,1.2683715417789498,-1.5475156545427655,High,Gold
2981,70,Female,Gloves,Accessories,93,New Jersey,L,Teal,Fall,4.4,No,2-Day Shipping,No,9,Bank Transfer,Monthly,12,0.75,930,0,0.4,High,-1.457304205057877,1.1026681113327157,Low,Silver
2982,21,Female,Pants,Clothing,36,Delaware,L,Pink,Winter,4.9,No,Standard,No,37,Venmo,Annually,1,10.0,1368,0,0.4,High,-0.17358854247466438,4.260772586267197,Medium,Gold
2983,33,Female,Dress,Clothing,45,Wisconsin,M,Orange,Summer,3.6,No,Store Pickup,No,4,Credit Card,Weekly,52,0.07692307692307693,225,0,0.4,Medium,0.5761923101318553,-0.19723929477093738,Medium,Bronze
2984,60,Female,Pants,Clothing,44,West Virginia,M,Charcoal,Winter,2.8,No,2-Day Shipping,No,1,Credit Card,Quarterly,4,0.25,88,0,0.4,Low,-2.4869648165782086,-1.27235139844221,Low,Bronze
2985,45,Female,Gloves,Accessories,32,Texas,L,Red,Spring,4.3,No,2-Day Shipping,No,36,Debit Card,Bi-Weekly,26,1.3846153846153846,1184,0,0.4,High,1.244434866243926,1.131127968033627,High,Silver
2986,46,Female,Belt,Accessories,36,Hawaii,S,Teal,Summer,3.0,No,Express,No,21,Cash,Bi-Weekly,26,0.8076923076923077,792,0,0.4,Low,0.20616601877328422,-0.8439176179559396,Medium,Silver
2987,62,Female,Belt,Accessories,85,Arizona,S,Silver,Summer,3.3,No,2-Day Shipping,No,16,Credit Card,Monthly,12,1.3333333333333333,1445,0,0.4,Medium,-0.9727787429049108,-0.28386219092328036,Low,Gold
2988,63,Female,Skirt,Clothing,36,Louisiana,L,Black,Winter,2.5,No,Store Pickup,No,42,Cash,Monthly,12,3.5,1548,0,0.4,Low,0.8268872593775347,-0.8293429381061406,Medium,Gold
2989,69,Female,Socks,Clothing,55,Nevada,S,Pink,Spring,5.0,No,2-Day Shipping,No,31,Debit Card,Monthly,12,2.5833333333333335,1760,0,0.4,High,0.06549010456573084,2.430544320676446,Medium,Gold
2990,46,Female,Belt,Accessories,20,Rhode Island,XL,Teal,Summer,4.3,No,2-Day Shipping,No,6,Credit Card,Weekly,52,0.11538461538461539,140,0,0.4,High,0.7146281564612744,0.7939350143850563,Medium,Bronze
2991,69,Female,Shirt,Clothing,91,Illinois,M,Teal,Fall,4.2,No,Free Shipping,No,24,Venmo,Monthly,12,2.0,2275,0,0.4,High,-0.4190353575872353,1.1544788405883493,Medium,Gold
2992,66,Female,Dress,Clothing,71,Utah,L,Green,Summer,3.9,No,Standard,No,7,PayPal,Bi-Weekly,26,0.2692307692307692,568,0,0.4,Medium,-0.762884905532648,0.2742604070610869,Low,Bronze
2993,41,Female,Socks,Clothing,64,North Dakota,M,Charcoal,Spring,3.9,No,Store Pickup,No,25,Venmo,Weekly,52,0.4807692307692308,1664,0,0.4,Medium,2.0297686965907538,0.3304592326691821,High,Gold
2994,32,Female,Jacket,Outerwear,21,Kansas,L,Indigo,Spring,4.2,No,Free Shipping,No,18,Cash,Bi-Weekly,26,0.6923076923076923,399,0,0.4,High,-0.001487750720844172,0.8070679186473975,Medium,Bronze
2995,69,Female,Sweater,Clothing,100,Nevada,S,White,Winter,3.5,No,Store Pickup,No,14,Bank Transfer,Quarterly,4,3.5,1500,0,0.4,Medium,-1.5871318154369858,0.5720232631275923,Low,Gold
2996,29,Female,Jeans,Clothing,96,Virginia,M,Orange,Summer,2.5,No,Standard,No,42,Debit Card,Bi-Weekly,26,1.6153846153846154,4128,0,0.4,Low,1.6597424052321825,-1.3300233844328062,High,Platinum
2997,70,Female,Jewelry,Accessories,91,Utah,M,White,Spring,2.9,No,Express,No,6,Venmo,Quarterly,4,1.5,637,0,0.4,Low,-2.140875200754661,-0.8001308088164563,Low,Bronze
2998,41,Female,Sweater,Clothing,40,Idaho,S,Yellow,Spring,2.7,No,Next Day Air,No,14,Venmo,Quarterly,4,3.5,600,0,0.4,Low,-1.5871318154369858,-0.5490696978593936,Low,Bronze
2999,31,Female,Hoodie,Clothing,53,Alaska,M,Red,Summer,4.7,No,Express,No,30,Debit Card,Quarterly,4,7.5,1643,0,0.4,High,-0.4796450448016345,3.316331407015689,Medium,Gold
3000,31,Female,Sunglasses,Accessories,48,New Hampshire,S,Charcoal,Winter,3.8,No,Standard,No,10,Cash,Monthly,12,0.8333333333333334,528,0,0.4,Medium,-1.3880862818931676,0.283987321892634,Low,Bronze
3001,57,Female,Sandals,Footwear,70,Ohio,M,Lavender,Winter,3.7,No,Express,No,7,PayPal,Weekly,52,0.1346153846153846,560,0,0.4,Medium,0.7838460796259838,-0.041775722208992505,Medium,Bronze
3002,29,Female,Coat,Outerwear,29,Montana,L,Charcoal,Summer,4.7,No,Express,No,28,Credit Card,Quarterly,4,7.0,841,0,0.4,High,-0.6180808911310534,3.183497819214737,Low,Silver
3003,70,Female,Belt,Accessories,29,Louisiana,M,Maroon,Fall,3.6,No,Next Day Air,No,19,Bank Transfer,Quarterly,4,4.75,580,0,0.4,Medium,-1.2410421996134384,1.044243852753346,Low,Bronze
3004,51,Female,Blouse,Clothing,53,Oregon,M,Brown,Fall,2.8,No,Express,No,13,Credit Card,Quarterly,4,3.25,742,0,0.4,Low,-1.6563497386016952,-0.475349871636497,Low,Silver
3005,45,Female,Skirt,Clothing,79,Arizona,M,Lavender,Winter,3.7,No,Store Pickup,No,23,Venmo,Fortnightly,26,0.8846153846153846,1896,0,0.4,Medium,0.34460186510270313,0.15747465949243566,Medium,Gold
3006,18,Female,Shorts,Clothing,65,Alaska,XL,Brown,Spring,3.5,No,Express,No,5,Venmo,Weekly,52,0.09615384615384616,390,0,0.4,Medium,0.6454102332965648,-0.3322669307481203,Medium,Bronze
3007,37,Female,Dress,Clothing,99,Utah,M,Olive,Summer,3.7,No,Store Pickup,No,17,Venmo,Bi-Weekly,26,0.6538461538461539,1782,0,0.4,Medium,-0.0707056738855536,0.09616684973815004,Medium,Gold
3008,23,Female,Sunglasses,Accessories,60,New York,L,Lavender,Winter,3.0,No,Next Day Air,No,31,Venmo,Weekly,52,0.5961538461538461,1920,0,0.4,Low,2.4450762355790108,-0.9001164435640345,High,Gold
3009,39,Female,Shoes,Footwear,86,New Mexico,M,Gold,Winter,4.9,No,Free Shipping,No,19,PayPal,Weekly,52,0.36538461538461536,1720,0,0.4,High,1.6144611576024972,1.701171529025773,High,Gold
3010,62,Female,Belt,Accessories,73,Louisiana,M,Silver,Winter,4.6,No,Free Shipping,No,8,Venmo,Fortnightly,26,0.3076923076923077,657,0,0.4,High,-0.6936669823679386,1.2654347162170803,Low,Bronze
3011,70,Female,Belt,Accessories,45,Ohio,M,Violet,Winter,3.3,No,Free Shipping,No,15,Credit Card,Annually,1,10.0,720,0,0.4,Medium,-1.6963828520982722,2.018586664293223,Low,Silver
3012,20,Female,Belt,Accessories,70,Nevada,S,Brown,Summer,3.0,No,Next Day Air,No,18,Credit Card,Quarterly,4,4.5,1330,0,0.4,Low,-1.310260122778148,0.13700733811263,Low,Silver
3013,42,Female,Belt,Accessories,65,Idaho,M,Teal,Fall,3.5,No,Standard,No,16,PayPal,Annually,1,10.0,1105,0,0.4,Medium,-1.6271649289335628,2.2988599045399702,Low,Silver
3014,41,Female,Skirt,Clothing,55,Arizona,L,Peach,Summer,4.2,No,Store Pickup,No,13,Cash,Monthly,12,1.0833333333333333,770,0,0.4,High,-1.1804325123990393,0.9109505962866036,Low,Silver
3015,24,Female,T-shirt,Clothing,65,Utah,M,Maroon,Spring,4.5,No,Express,No,38,PayPal,Quarterly,4,9.5,2535,0,0.4,High,0.07409834051604103,3.567392517972751,Medium,Platinum
3016,37,Female,Scarf,Accessories,21,Wyoming,XL,Lavender,Spring,2.8,No,Express,No,27,Bank Transfer,Bi-Weekly,26,1.0384615384615385,588,0,0.4,Low,0.6214735577615409,-1.0628830484484006,Medium,Bronze
3017,30,Female,Blouse,Clothing,26,Indiana,L,Lavender,Summer,4.9,No,Store Pickup,No,31,Bank Transfer,Quarterly,4,7.75,832,0,0.4,High,-0.4104271216369251,3.663021441162912,Medium,Silver
3018,58,Female,Sunglasses,Accessories,71,Wisconsin,S,Purple,Summer,3.3,No,Next Day Air,No,24,Cash,Bi-Weekly,26,0.9230769230769231,1775,0,0.4,Medium,0.41381978826741256,-0.3928538527086771,Medium,Gold
3019,43,Female,Boots,Footwear,41,Texas,M,Green,Summer,3.0,No,Free Shipping,No,21,Debit Card,Bi-Weekly,26,0.8076923076923077,902,0,0.4,Low,0.20616601877328422,-0.8439176179559396,Medium,Silver
3020,19,Female,Jacket,Outerwear,44,Utah,M,Yellow,Winter,3.9,No,2-Day Shipping,No,15,PayPal,Annually,1,10.0,704,0,0.4,Medium,-1.6963828520982722,2.859406385033463,Low,Silver
3021,23,Female,Jeans,Clothing,81,Arkansas,S,Charcoal,Fall,2.8,No,Store Pickup,No,48,Venmo,Quarterly,4,10.0,3969,0,0.4,Low,0.7662775721631356,1.3179035636763567,Medium,Platinum
3022,65,Female,Sunglasses,Accessories,77,Pennsylvania,S,Blue,Summer,4.5,No,2-Day Shipping,No,47,Cash,Quarterly,4,10.0,3696,0,0.4,High,0.6970596489984262,3.700226105773703,Medium,Platinum
3023,58,Female,Sandals,Footwear,26,Georgia,M,Lavender,Fall,4.0,No,Free Shipping,No,23,PayPal,Weekly,52,0.4423076923076923,624,0,0.4,Medium,1.891332850261335,0.4603778845001745,High,Bronze
3024,50,Female,Backpack,Accessories,31,Indiana,M,Brown,Summer,2.9,No,Express,No,4,PayPal,Quarterly,4,1.0,155,0,0.4,Low,-2.2793110470840805,-0.9329643966174084,Low,Bronze
3025,67,Female,Blouse,Clothing,82,Idaho,S,White,Spring,4.0,No,Free Shipping,No,47,Credit Card,Quarterly,4,10.0,3936,0,0.4,Medium,0.6970596489984262,2.9995430051568364,Medium,Platinum
3026,40,Female,Shoes,Footwear,60,Montana,XL,Green,Summer,3.4,No,Store Pickup,No,7,PayPal,Monthly,12,0.5833333333333334,480,0,0.4,Medium,-1.595740051387296,-0.34297595250133517,Low,Bronze
3027,55,Female,Shirt,Clothing,70,Tennessee,L,Magenta,Fall,2.5,No,Free Shipping,No,6,Credit Card,Annually,1,6.0,490,0,0.4,Low,-2.3193441605806573,-0.16517499910138,Low,Bronze
3028,52,Female,Hoodie,Clothing,26,West Virginia,XL,Peach,Winter,2.8,No,2-Day Shipping,No,47,Credit Card,Quarterly,4,10.0,1248,0,0.4,Low,0.6970596489984262,1.3179035636763567,Medium,Silver
3029,62,Female,Dress,Clothing,100,California,L,Charcoal,Summer,3.0,No,Free Shipping,No,7,PayPal,Quarterly,4,1.75,800,0,0.4,Low,-2.071657277589952,-0.5935773947926068,Low,Silver
3030,64,Female,Dress,Clothing,82,Georgia,M,Gold,Summer,3.1,No,Free Shipping,No,1,Debit Card,Quarterly,4,0.25,164,0,0.4,Medium,-2.4869648165782086,-0.8519415380720896,Low,Bronze
3031,43,Female,Sneakers,Footwear,24,Maryland,XL,Purple,Spring,2.6,No,2-Day Shipping,No,23,Credit Card,Weekly,52,0.4423076923076923,576,0,0.4,Low,1.891332850261335,-1.5015347972270514,High,Bronze
3032,61,Female,Blouse,Clothing,74,Idaho,L,Teal,Summer,4.9,No,2-Day Shipping,No,30,Credit Card,Monthly,12,2.5,2294,0,0.4,High,-0.003727818598978583,2.2682687692529147,Medium,Platinum
3033,26,Female,Backpack,Accessories,58,California,XL,Green,Summer,3.5,No,Next Day Air,No,24,Credit Card,Quarterly,4,6.0,1450,0,0.4,Medium,-0.8949525837898912,1.236191202132353,Low,Gold
3034,22,Female,Sweater,Clothing,56,Alabama,L,Orange,Spring,2.6,No,Store Pickup,No,9,PayPal,Weekly,52,0.17307692307692307,560,0,0.4,Low,0.9222819259554027,-1.573060575273718,High,Bronze
3035,51,Female,Boots,Footwear,37,Utah,L,Peach,Spring,3.5,No,2-Day Shipping,No,25,Credit Card,Quarterly,4,6.25,962,0,0.4,Medium,-0.8257346606251817,1.302607996032829,Low,Silver
3036,69,Female,Handbag,Accessories,64,Kentucky,M,Gold,Spring,4.5,No,Free Shipping,No,18,Cash,Bi-Weekly,26,0.6923076923076923,1216,0,0.4,High,-0.001487750720844172,1.227477779017517,Medium,Silver
3037,50,Female,Hoodie,Clothing,58,Vermont,S,Violet,Spring,4.3,No,Next Day Air,No,7,Venmo,Fortnightly,26,0.2692307692307692,464,0,0.4,High,-0.762884905532648,0.83480688755458,Low,Bronze
3038,51,Female,Belt,Accessories,44,Iowa,L,Charcoal,Summer,4.8,No,Next Day Air,No,2,Cash,Annually,1,2.0,132,0,0.4,High,-2.596215853239495,1.9952985613285885,Low,Bronze
3039,56,Female,Jewelry,Accessories,39,Georgia,M,Brown,Summer,4.2,No,Free Shipping,No,36,Debit Card,Annually,1,10.0,1443,0,0.4,High,-0.2428064656393738,3.279816245403583,Medium,Gold
3040,59,Female,Blouse,Clothing,48,Alabama,L,Blue,Spring,3.2,No,Next Day Air,No,31,PayPal,Bi-Weekly,26,1.1923076923076923,1536,0,0.4,Medium,0.8983452504203787,-0.4614646947853833,High,Gold
3041,18,Female,Handbag,Accessories,32,Nebraska,M,Gold,Fall,4.1,No,Express,No,10,Cash,Fortnightly,26,0.38461538461538464,352,0,0.4,High,-0.5552311360385197,0.5851875521849759,Low,Bronze
3042,48,Female,Handbag,Accessories,79,Rhode Island,M,Orange,Winter,4.0,No,Express,No,27,PayPal,Monthly,12,2.25,2212,0,0.4,Medium,-0.21138158809310695,0.9406223942420784,Medium,Gold
3043,53,Female,Coat,Outerwear,27,South Dakota,L,Turquoise,Winter,2.9,No,Next Day Air,No,14,PayPal,Quarterly,4,3.5,405,0,0.4,Low,-1.5871318154369858,-0.2687964576126476,Low,Bronze
3044,45,Female,Belt,Accessories,98,Illinois,S,Peach,Fall,2.6,No,Store Pickup,No,17,Credit Card,Monthly,12,1.4166666666666667,1764,0,0.4,Low,-0.9035608197402014,-1.2426796004867344,Low,Gold
3045,21,Female,Boots,Footwear,67,North Carolina,M,Magenta,Winter,2.7,No,Free Shipping,No,10,Bank Transfer,Quarterly,4,2.5,737,0,0.4,Low,-1.8640035080958235,-0.8147368734612979,Low,Silver
3046,42,Female,Socks,Clothing,37,Florida,L,Black,Winter,4.6,No,2-Day Shipping,No,4,PayPal,Bi-Weekly,26,0.15384615384615385,185,0,0.4,High,-0.9705386750267765,1.2245628430475568,Low,Bronze
3047,60,Female,Shoes,Footwear,49,Pennsylvania,M,White,Spring,3.2,No,Store Pickup,No,25,Cash,Quarterly,4,6.25,1274,0,0.4,Medium,-0.8257346606251817,0.8821981356627093,Low,Silver
3048,21,Female,Sneakers,Footwear,74,Vermont,M,Violet,Fall,4.1,No,2-Day Shipping,No,3,PayPal,Bi-Weekly,26,0.11538461538461539,296,0,0.4,High,-1.0397565981914858,0.5136617741383094,Low,Bronze
3049,69,Female,Jewelry,Accessories,93,Colorado,M,Olive,Summer,3.9,No,Standard,No,47,Venmo,Fortnightly,26,1.8076923076923077,4464,0,0.4,Medium,2.00583202105573,0.6829791387563242,High,Platinum
3050,40,Female,Handbag,Accessories,60,Utah,L,Red,Summer,3.0,No,Next Day Air,No,41,Bank Transfer,Bi-Weekly,26,1.5769230769230769,2520,0,0.4,Low,1.5905244820674733,-0.639558252108321,High,Platinum
3051,31,Female,Coat,Outerwear,76,Kentucky,S,Green,Spring,3.6,No,Standard,No,28,Venmo,Quarterly,4,7.0,2204,0,0.4,Medium,-0.6180808911310534,1.6419949978576305,Low,Gold
3052,44,Female,Sunglasses,Accessories,64,Wyoming,L,Gold,Summer,4.6,No,Express,No,49,Debit Card,Quarterly,4,10.0,3200,0,0.4,High,0.8354954953278451,3.8403627258970756,High,Platinum
3053,48,Female,Shoes,Footwear,38,Maine,XL,Olive,Spring,4.5,No,Store Pickup,No,7,Bank Transfer,Fortnightly,26,0.2692307692307692,304,0,0.4,High,-0.762884905532648,1.1150801278013267,Low,Bronze
3054,32,Female,Shoes,Footwear,91,Maine,L,Brown,Winter,3.2,No,Next Day Air,No,22,Bank Transfer,Monthly,12,1.8333333333333333,2093,0,0.4,Medium,-0.5574712039166542,-0.29116522324570115,Low,Gold
3055,42,Female,Boots,Footwear,70,New Hampshire,S,Magenta,Summer,4.9,No,2-Day Shipping,No,34,Venmo,Monthly,12,2.8333333333333335,2450,0,0.4,High,0.27314387405985924,2.3568244944535492,Medium,Platinum
3056,27,Female,Sandals,Footwear,22,Kansas,M,Violet,Fall,5.0,No,Standard,No,5,Debit Card,Bi-Weekly,26,0.19230769230769232,132,0,0.4,High,-0.9013207518620671,1.7953272918334313,Low,Bronze
3057,69,Female,Gloves,Accessories,59,New Jersey,M,Beige,Spring,3.8,No,Standard,No,15,Cash,Bi-Weekly,26,0.5769230769230769,944,0,0.4,Medium,-0.20914152021497245,0.2158675332767609,Medium,Silver
3058,67,Female,Backpack,Accessories,22,North Carolina,M,Blue,Spring,3.4,No,Next Day Air,No,26,Bank Transfer,Weekly,52,0.5,594,0,0.4,Medium,2.0989866197554634,-0.36511488380149393,High,Bronze
3059,41,Female,Handbag,Accessories,74,West Virginia,S,Orange,Winter,3.8,No,Store Pickup,No,3,Bank Transfer,Fortnightly,26,0.11538461538461539,296,0,0.4,Medium,-1.0397565981914858,0.09325191376818986,Low,Bronze
3060,46,Female,Sweater,Clothing,71,Kentucky,L,Maroon,Spring,3.2,No,Express,No,42,Credit Card,Quarterly,4,10.0,3053,0,0.4,Medium,0.35097003317487885,1.8784500441698504,Medium,Platinum
3061,47,Female,Coat,Outerwear,80,California,S,Charcoal,Summer,4.7,No,Store Pickup,No,1,Venmo,Monthly,12,0.08333333333333333,160,0,0.4,High,-2.0110475903755525,1.3459665213015657,Low,Bronze
3062,33,Female,T-shirt,Clothing,59,South Dakota,L,Olive,Fall,4.5,No,Express,No,20,PayPal,Quarterly,4,5.0,1239,0,0.4,High,-1.171824276448729,2.3718902277641813,Low,Silver
3063,51,Female,Backpack,Accessories,96,California,L,Green,Fall,3.3,No,Standard,No,39,PayPal,Monthly,12,3.25,3840,0,0.4,Medium,0.6192334898834064,0.22533322898036934,Medium,Platinum
3064,26,Female,Sunglasses,Accessories,43,Connecticut,L,Brown,Winter,3.9,No,Store Pickup,No,24,Credit Card,Fortnightly,26,0.9230769230769231,1075,0,0.4,Medium,0.41381978826741256,0.4479658680315628,Medium,Silver
3065,22,Female,Belt,Accessories,76,Idaho,S,Cyan,Winter,3.6,No,Express,No,49,Bank Transfer,Quarterly,4,10.0,3800,0,0.4,Medium,0.8354954953278451,2.4389965246633434,High,Platinum
3066,49,Female,Jacket,Outerwear,59,North Dakota,M,Beige,Fall,2.8,No,Store Pickup,No,7,Venmo,Bi-Weekly,26,0.2692307692307692,472,0,0.4,Low,-0.762884905532648,-1.2672424142960192,Low,Bronze
3067,58,Female,Skirt,Clothing,48,Michigan,L,Teal,Summer,4.3,No,Free Shipping,No,13,Venmo,Quarterly,4,3.25,672,0,0.4,High,-1.6563497386016952,1.6266994302141022,Low,Silver
3068,70,Female,Belt,Accessories,22,Missouri,S,Gray,Spring,3.5,No,Free Shipping,No,2,Cash,Weekly,52,0.038461538461538464,66,0,0.4,Medium,0.4377564638024365,-0.3475938831866916,Medium,Bronze
3069,32,Female,Boots,Footwear,40,California,M,Indigo,Winter,4.2,No,Express,No,4,Debit Card,Weekly,52,0.07692307692307693,200,0,0.4,High,0.5761923101318553,0.6435804259693025,Medium,Bronze
3070,62,Female,Jeans,Clothing,73,Delaware,L,Magenta,Spring,4.6,No,Express,No,17,Debit Card,Quarterly,4,4.25,1314,0,0.4,High,-1.3794780459428573,2.312776466186126,Low,Silver
3071,52,Female,Shoes,Footwear,26,Alabama,XL,Red,Fall,2.6,No,Free Shipping,No,43,PayPal,Bi-Weekly,26,1.6538461538461537,1144,0,0.4,Low,1.7289603283968922,-1.1796687960170522,High,Silver
3072,23,Female,Sweater,Clothing,41,New Hampshire,L,Turquoise,Spring,3.4,No,Next Day Air,No,6,PayPal,Monthly,12,0.5,287,0,0.4,Medium,-1.6649579745520053,-0.36511488380149393,Low,Bronze
3073,26,Female,Jewelry,Accessories,98,New York,L,Peach,Spring,3.1,No,Standard,No,46,PayPal,Quarterly,4,10.0,4606,0,0.4,Medium,0.6278417258337166,1.7383134240464768,Medium,Platinum
3074,58,Female,Shirt,Clothing,63,Oregon,L,White,Winter,3.6,No,Free Shipping,No,7,Debit Card,Bi-Weekly,26,0.2692307692307692,504,0,0.4,Medium,-0.762884905532648,-0.14614945330903262,Low,Bronze
3075,26,Female,Boots,Footwear,55,Massachusetts,L,Maroon,Winter,4.2,No,Next Day Air,No,34,Debit Card,Fortnightly,26,1.3076923076923077,1925,0,0.4,High,1.105999019914507,0.9705554113254923,High,Gold
3076,54,Female,Shorts,Clothing,90,Utah,XL,Beige,Winter,3.6,No,Standard,No,21,PayPal,Quarterly,4,5.25,1980,0,0.4,Medium,-1.1026063532840196,1.177077440554298,Low,Gold
3077,66,Female,Handbag,Accessories,46,New Hampshire,M,Blue,Summer,3.6,No,Express,No,13,Venmo,Bi-Weekly,26,0.5,644,0,0.4,Medium,-0.3475773665443914,-0.08484164355474699,Medium,Bronze
3078,60,Female,Sweater,Clothing,88,Illinois,S,Red,Spring,3.0,No,Store Pickup,No,33,Debit Card,Bi-Weekly,26,1.2692307692307692,2992,0,0.4,Low,1.0367810967497975,-0.7213019984473683,High,Platinum
3079,32,Female,Belt,Accessories,95,Alaska,M,Blue,Spring,2.5,No,2-Day Shipping,No,24,Bank Transfer,Bi-Weekly,26,0.9230769230769231,2375,0,0.4,Low,0.41381978826741256,-1.513946813695663,Medium,Platinum
3080,48,Female,Belt,Accessories,31,Wyoming,M,Maroon,Fall,4.0,No,Store Pickup,No,4,Bank Transfer,Annually,1,4.0,155,0,0.4,Medium,-2.457780006910076,1.4055399515454108,Low,Bronze
3081,69,Female,Hoodie,Clothing,42,Colorado,L,Yellow,Spring,4.1,No,Next Day Air,No,5,Cash,Bi-Weekly,26,0.19230769230769232,252,0,0.4,High,-0.9013207518620671,0.5340977107230713,Low,Bronze
3082,64,Female,Sneakers,Footwear,44,Vermont,L,Pink,Winter,4.9,No,Next Day Air,No,11,Credit Card,Weekly,52,0.21153846153846154,528,0,0.4,High,1.0607177722848216,1.660299655856249,High,Bronze
3083,56,Female,T-shirt,Clothing,99,Utah,M,Maroon,Spring,4.0,No,Next Day Air,No,20,Bank Transfer,Annually,1,10.0,2079,0,0.4,Medium,-1.3502932362747249,2.9995430051568364,Low,Gold
3084,22,Female,Pants,Clothing,20,Illinois,S,Purple,Summer,3.5,No,Store Pickup,No,28,PayPal,Quarterly,4,7.0,580,0,0.4,Medium,-0.6180808911310534,1.5018583777342571,Low,Bronze
3085,46,Female,Scarf,Accessories,37,Idaho,S,Indigo,Spring,3.2,No,Store Pickup,No,43,PayPal,Monthly,12,3.5833333333333335,1628,0,0.4,Medium,0.8961051825422441,0.17375233405763135,High,Gold
3086,24,Female,Sweater,Clothing,50,Nevada,L,Gray,Winter,2.8,No,Store Pickup,No,10,Venmo,Quarterly,4,2.5,550,0,0.4,Low,-1.8640035080958235,-0.6746002533379252,Low,Bronze
3087,47,Female,Handbag,Accessories,73,Utah,M,Lavender,Summer,3.5,No,Next Day Air,No,26,Venmo,Quarterly,4,6.5,1971,0,0.4,Medium,-0.7565167374604723,1.369024789933305,Low,Gold
3088,62,Female,Shirt,Clothing,84,North Carolina,M,Charcoal,Spring,3.1,No,Free Shipping,No,29,Bank Transfer,Monthly,12,2.4166666666666665,2520,0,0.4,Medium,-0.07294574176368807,-0.27632932426796386,Medium,Platinum
3089,34,Female,Dress,Clothing,64,Arkansas,M,Teal,Spring,3.3,No,Store Pickup,No,35,Bank Transfer,Quarterly,4,8.75,2304,0,0.4,Medium,-0.13355542897808725,1.6865026947908426,Medium,Platinum
3090,50,Female,Sandals,Footwear,21,North Carolina,L,Blue,Fall,4.6,No,Free Shipping,No,23,Cash,Bi-Weekly,26,0.8846153846153846,504,0,0.4,High,0.34460186510270313,1.4187042406027945,Medium,Bronze
3091,29,Female,Shirt,Clothing,36,Texas,M,Peach,Summer,4.9,No,Store Pickup,No,15,Bank Transfer,Quarterly,4,3.75,576,0,0.4,High,-1.5179138922722761,2.600352738755295,Low,Bronze
3092,68,Female,Dress,Clothing,81,Nevada,L,Orange,Winter,3.4,No,2-Day Shipping,No,46,Credit Card,Annually,1,10.0,3807,0,0.4,Medium,0.4493727660077206,2.1587232844165967,Medium,Platinum
3093,52,Female,Sunglasses,Accessories,54,Utah,L,Silver,Fall,3.5,No,Next Day Air,No,14,Bank Transfer,Bi-Weekly,26,0.5384615384615384,810,0,0.4,Medium,-0.2783594433796819,-0.21476029538573949,Medium,Silver
3094,29,Female,Socks,Clothing,63,Pennsylvania,L,Red,Summer,4.8,No,Store Pickup,No,17,Cash,Quarterly,4,4.25,1134,0,0.4,High,-1.3794780459428573,2.593049706432873,Low,Silver
3095,22,Female,Sandals,Footwear,59,Georgia,M,Gray,Summer,2.7,No,Store Pickup,No,9,Cash,Weekly,52,0.17307692307692307,590,0,0.4,Low,0.9222819259554027,-1.4329239551503443,High,Bronze
3096,62,Female,Hat,Accessories,53,Minnesota,S,Beige,Fall,3.4,No,Standard,No,13,Venmo,Fortnightly,26,0.5,742,0,0.4,Medium,-0.3475773665443914,-0.36511488380149393,Medium,Silver
3097,69,Female,Shirt,Clothing,63,Kansas,L,White,Winter,3.5,No,Next Day Air,No,20,Bank Transfer,Monthly,12,1.6666666666666667,1323,0,0.4,Medium,-0.6959070502460731,0.08496677452410117,Low,Silver
3098,48,Female,Shoes,Footwear,33,Delaware,M,Silver,Fall,3.7,No,Free Shipping,No,39,Bank Transfer,Quarterly,4,9.75,1320,0,0.4,Medium,0.14331626368075057,2.5127163508862407,Medium,Silver
3099,66,Female,Pants,Clothing,64,New Mexico,L,Cyan,Summer,3.3,No,Next Day Air,No,50,Bank Transfer,Quarterly,4,10.0,3264,0,0.4,Medium,0.9047134184925545,2.018586664293223,High,Platinum
3100,42,Female,Shirt,Clothing,98,Michigan,S,Maroon,Fall,2.9,No,Free Shipping,No,21,Bank Transfer,Bi-Weekly,26,0.8076923076923077,2156,0,0.4,Low,0.20616601877328422,-0.9840542380793131,Medium,Gold
3101,50,Female,Hat,Accessories,85,Vermont,L,Purple,Winter,3.9,No,Express,No,3,Bank Transfer,Weekly,52,0.057692307692307696,340,0,0.4,Medium,0.5069743869671459,0.2180615814529917,Medium,Bronze
3102,32,Female,Jewelry,Accessories,82,Idaho,S,Brown,Summer,2.7,No,Express,No,9,PayPal,Fortnightly,26,0.34615384615384615,820,0,0.4,Low,-0.6244490592032291,-1.3869430978346302,Low,Silver
3103,51,Female,Jacket,Outerwear,85,South Dakota,M,Green,Summer,4.3,No,Standard,No,29,Cash,Bi-Weekly,26,1.1153846153846154,2550,0,0.4,High,0.7599094040909598,1.0596021899869605,Medium,Platinum
3104,27,Female,Shirt,Clothing,37,Illinois,S,Peach,Winter,3.0,No,2-Day Shipping,No,42,Bank Transfer,Weekly,52,0.8076923076923077,1591,0,0.4,Low,3.2064733903908147,-0.8439176179559396,High,Gold
3105,43,Female,Pants,Clothing,56,Georgia,S,Turquoise,Summer,5.0,No,2-Day Shipping,No,41,Debit Card,Fortnightly,26,1.5769230769230769,2352,0,0.4,High,1.5905244820674733,2.163174150359145,High,Platinum
3106,48,Female,Skirt,Clothing,33,Oregon,M,Olive,Fall,2.7,No,Express,No,17,Debit Card,Monthly,12,1.4166666666666667,594,0,0.4,Low,-0.9035608197402014,-1.1025429803633608,Low,Bronze
3107,62,Female,Sandals,Footwear,57,Alabama,M,Yellow,Winter,4.7,No,Next Day Air,No,20,PayPal,Annually,1,10.0,1197,0,0.4,High,-1.3502932362747249,3.9804993460204496,Low,Silver
3108,65,Female,Blouse,Clothing,31,Hawaii,L,Gray,Winter,4.6,No,Standard,No,18,Credit Card,Bi-Weekly,26,0.6923076923076923,589,0,0.4,High,-0.001487750720844172,1.3676143991408898,Medium,Bronze
3109,50,Female,Socks,Clothing,69,Oregon,M,Purple,Fall,3.2,No,2-Day Shipping,No,7,PayPal,Monthly,12,0.5833333333333334,552,0,0.4,Medium,-1.595740051387296,-0.6232491927480814,Low,Bronze
3110,60,Female,Jacket,Outerwear,92,Illinois,M,Gray,Winter,4.3,No,Free Shipping,No,47,Bank Transfer,Fortnightly,26,1.8076923076923077,4416,0,0.4,High,2.00583202105573,1.2435256192498172,High,Platinum
3111,19,Female,Handbag,Accessories,46,Texas,L,Lavender,Fall,4.6,No,Next Day Air,No,2,Bank Transfer,Bi-Weekly,26,0.07692307692307693,138,0,0.4,High,-1.1089745213561955,1.2041269064627949,Low,Bronze
3112,21,Female,Belt,Accessories,81,Kansas,XL,Indigo,Spring,4.9,No,Free Shipping,No,25,Debit Card,Quarterly,4,6.25,2106,0,0.4,High,-0.8257346606251817,3.2645206777600553,Low,Gold
3113,19,Female,Blouse,Clothing,97,Texas,S,Green,Fall,3.8,No,Express,No,26,Venmo,Annually,1,10.0,2619,0,0.4,Medium,-0.9349856972864683,2.7192697649100896,Low,Platinum
3114,46,Female,Shirt,Clothing,93,Nebraska,L,Green,Summer,2.6,No,Express,No,2,Debit Card,Weekly,52,0.038461538461538464,279,0,0.4,Low,0.4377564638024365,-1.6088234642970511,Medium,Bronze
3115,21,Female,Handbag,Accessories,56,Arkansas,M,Olive,Spring,4.7,No,Store Pickup,No,45,Venmo,Bi-Weekly,26,1.7307692307692308,2576,0,0.4,High,1.867396174726311,1.783636163158549,High,Platinum
3116,26,Female,Scarf,Accessories,53,South Dakota,M,Charcoal,Fall,4.1,No,Free Shipping,No,9,Bank Transfer,Bi-Weekly,26,0.34615384615384615,530,0,0.4,High,-0.6244490592032291,0.574969583892595,Low,Bronze
3117,50,Female,Coat,Outerwear,66,Montana,L,Gray,Spring,3.7,No,Store Pickup,No,1,Venmo,Weekly,52,0.019230769230769232,132,0,0.4,Medium,0.36853854063772706,-0.07242962708613554,Medium,Bronze
3118,43,Female,Hoodie,Clothing,50,Florida,M,Olive,Fall,3.0,No,Free Shipping,No,4,PayPal,Bi-Weekly,26,0.15384615384615385,250,0,0.4,Low,-0.9705386750267765,-1.0176230789264156,Low,Bronze
3119,61,Female,Shorts,Clothing,97,Virginia,L,Blue,Summer,4.7,No,Standard,No,31,Debit Card,Quarterly,4,7.75,3104,0,0.4,High,-0.4104271216369251,3.382748200916165,Medium,Platinum
3120,63,Female,Sandals,Footwear,79,Louisiana,XL,Silver,Winter,4.7,No,2-Day Shipping,No,21,Credit Card,Quarterly,4,5.25,1738,0,0.4,High,-1.1026063532840196,2.7185802619114043,Low,Gold
3121,46,Female,Shirt,Clothing,76,Louisiana,M,Magenta,Fall,4.0,No,Store Pickup,No,32,Debit Card,Fortnightly,26,1.2307692307692308,2508,0,0.4,Medium,0.9675631735850881,0.6698462344939837,High,Platinum
3122,63,Female,Hoodie,Clothing,38,Louisiana,L,Black,Fall,2.6,No,Standard,No,16,Venmo,Weekly,52,0.3076923076923077,646,0,0.4,Low,1.4068073881083687,-1.5372976862503847,High,Bronze
3123,23,Female,Socks,Clothing,45,Georgia,M,Pink,Fall,3.0,No,Express,No,34,Credit Card,Fortnightly,26,1.3076923076923077,1575,0,0.4,Low,1.105999019914507,-0.7110840301549874,High,Gold
3124,57,Female,Handbag,Accessories,77,Iowa,XL,Red,Fall,3.3,No,Next Day Air,No,40,Venmo,Bi-Weekly,26,1.5384615384615385,3157,0,0.4,Medium,1.5213065589027637,-0.2293663600305822,High,Platinum
3125,57,Female,Jewelry,Accessories,51,California,M,Peach,Summer,3.4,No,Standard,No,4,Cash,Quarterly,4,1.0,255,0,0.4,Medium,-2.2793110470840805,-0.23228129600054181,Low,Bronze
3126,33,Female,Coat,Outerwear,26,Oregon,L,Lavender,Spring,4.0,No,Standard,No,3,Cash,Quarterly,4,0.75,104,0,0.4,Medium,-2.3485289702487897,0.542121630839222,Low,Bronze
3127,57,Female,Sunglasses,Accessories,76,Maine,L,Lavender,Winter,2.6,No,Store Pickup,No,28,Bank Transfer,Bi-Weekly,26,1.0769230769230769,2204,0,0.4,Low,0.6906914809262503,-1.332938320402766,Medium,Gold
3128,55,Female,Gloves,Accessories,94,Louisiana,M,Beige,Winter,3.4,No,Free Shipping,No,43,Credit Card,Quarterly,4,10.0,4136,0,0.4,Medium,0.4201879563395883,2.1587232844165967,Medium,Platinum
3129,65,Female,Jacket,Outerwear,32,Arkansas,S,Indigo,Fall,4.4,No,Standard,No,20,Cash,Annually,1,10.0,672,0,0.4,High,-1.3502932362747249,3.5600894856503302,Low,Silver
3130,60,Female,Sandals,Footwear,20,Maryland,S,Cyan,Summer,4.7,No,Express,No,40,Venmo,Quarterly,4,10.0,820,0,0.4,High,0.21253418684546,3.9804993460204496,Medium,Silver
3131,52,Female,Pants,Clothing,20,Vermont,M,Yellow,Summer,4.5,No,Store Pickup,No,34,Venmo,Quarterly,4,8.5,700,0,0.4,High,-0.20277335214279668,3.3017253423708466,Medium,Silver
3132,34,Female,Jacket,Outerwear,59,North Dakota,M,Peach,Fall,2.9,No,Store Pickup,No,11,Bank Transfer,Quarterly,4,2.75,708,0,0.4,Low,-1.794785584931114,-0.46804683931407576,Low,Silver
3133,33,Female,Sweater,Clothing,97,Michigan,M,Yellow,Summer,4.2,No,Express,No,26,Cash,Quarterly,4,6.5,2619,0,0.4,High,-0.7565167374604723,2.3499811307969183,Low,Platinum
3134,58,Female,T-shirt,Clothing,68,Arkansas,M,Orange,Spring,4.1,No,Next Day Air,No,29,Cash,Bi-Weekly,26,1.1153846153846154,2040,0,0.4,High,0.7599094040909598,0.7793289497402136,Medium,Gold
3135,35,Female,Boots,Footwear,66,Kentucky,L,Gray,Spring,4.4,No,Store Pickup,No,47,Bank Transfer,Weekly,52,0.9038461538461539,3168,0,0.4,High,3.5525630062143616,1.1435399845022394,High,Platinum
3136,68,Female,Shoes,Footwear,85,Indiana,L,Yellow,Spring,4.7,No,Free Shipping,No,48,Venmo,Fortnightly,26,1.8461538461538463,4165,0,0.4,High,2.0750499442204395,1.814290068035692,High,Platinum
3137,58,Female,Skirt,Clothing,32,Minnesota,M,Gray,Fall,3.1,No,Next Day Air,No,29,Cash,Bi-Weekly,26,1.1153846153846154,960,0,0.4,Medium,0.7599094040909598,-0.6220372514935186,Medium,Silver
3138,34,Female,Coat,Outerwear,44,Louisiana,M,Turquoise,Spring,2.7,No,2-Day Shipping,No,14,Bank Transfer,Monthly,12,1.1666666666666667,660,0,0.4,Low,-1.1112145892343297,-1.1689597742638371,Low,Bronze
3139,47,Female,Blouse,Clothing,95,Kentucky,L,Gray,Fall,4.6,No,Next Day Air,No,40,Cash,Quarterly,4,10.0,3895,0,0.4,High,0.21253418684546,3.8403627258970756,Medium,Platinum
3140,35,Female,Sunglasses,Accessories,85,Georgia,M,Olive,Winter,4.4,No,Next Day Air,No,4,Venmo,Weekly,52,0.07692307692307693,425,0,0.4,High,0.5761923101318553,0.9238536662160494,Medium,Bronze
3141,34,Female,Gloves,Accessories,44,Alaska,XL,Peach,Summer,4.6,No,Free Shipping,No,37,Bank Transfer,Weekly,52,0.7115384615384616,1672,0,0.4,High,2.8603837745672673,1.3727233832870804,High,Gold
3142,36,Female,Sunglasses,Accessories,30,Mississippi,S,Peach,Winter,4.9,No,Express,No,47,Credit Card,Bi-Weekly,26,1.8076923076923077,1440,0,0.4,High,2.00583202105573,2.0843453399900578,High,Gold
3143,23,Female,Sneakers,Footwear,21,Kansas,L,Magenta,Winter,4.0,No,2-Day Shipping,No,1,Venmo,Quarterly,4,0.25,42,0,0.4,Medium,-2.4869648165782086,0.40928804303826993,Low,Bronze
3144,68,Female,Hoodie,Clothing,22,Arizona,M,Purple,Summer,2.9,No,Store Pickup,No,26,Cash,Quarterly,4,6.5,594,0,0.4,Low,-0.7565167374604723,0.5282050691930651,Low,Bronze
3145,23,Female,Boots,Footwear,70,Maine,L,Beige,Spring,2.6,No,Free Shipping,No,12,Debit Card,Quarterly,4,3.0,910,0,0.4,Low,-1.7255676617664046,-0.8220399057837193,Low,Silver
3146,57,Female,Handbag,Accessories,29,Texas,XL,Purple,Spring,4.6,No,Standard,No,16,PayPal,Fortnightly,26,0.6153846153846154,493,0,0.4,High,-0.13992359705026303,1.347178462556128,Medium,Bronze
3147,21,Female,Shirt,Clothing,83,Virginia,S,Yellow,Winter,4.9,No,Free Shipping,No,19,PayPal,Annually,1,10.0,1660,0,0.4,High,-1.4195111594394345,4.260772586267197,Low,Gold
3148,45,Female,Sweater,Clothing,99,North Dakota,M,Pink,Winter,4.3,No,Express,No,21,Credit Card,Weekly,52,0.40384615384615385,2178,0,0.4,High,1.752897003931916,0.8705697765779132,High,Gold
3149,37,Female,Shorts,Clothing,35,West Virginia,L,Purple,Fall,4.3,No,Free Shipping,No,15,Venmo,Weekly,52,0.28846153846153844,560,0,0.4,High,1.3375894649436595,0.8399158717007704,High,Bronze
3150,18,Female,Belt,Accessories,40,North Carolina,M,Lavender,Winter,4.6,No,Free Shipping,No,9,Venmo,Annually,1,9.0,400,0,0.4,High,-2.111690391086529,3.5746955502951714,Low,Bronze
3151,55,Female,Blouse,Clothing,25,Georgia,M,Peach,Spring,2.6,No,Express,No,7,Bank Transfer,Bi-Weekly,26,0.2692307692307692,200,0,0.4,Low,-0.762884905532648,-1.5475156545427655,Low,Bronze
3152,52,Female,T-shirt,Clothing,64,New Mexico,L,Orange,Fall,3.1,No,2-Day Shipping,No,47,Bank Transfer,Quarterly,4,10.0,3072,0,0.4,Medium,0.6970596489984262,1.7383134240464768,Medium,Platinum
3153,49,Female,Belt,Accessories,90,North Carolina,M,Red,Fall,3.1,No,Store Pickup,No,17,PayPal,Monthly,12,1.4166666666666667,1620,0,0.4,Medium,-0.9035608197402014,-0.5419964998698679,Low,Gold
3154,56,Female,Socks,Clothing,88,Alabama,L,Red,Fall,3.1,No,Next Day Air,No,46,Venmo,Fortnightly,26,1.7692307692307692,4136,0,0.4,Medium,1.9366140978910202,-0.44833179052304284,High,Platinum
3155,27,Female,Belt,Accessories,55,Connecticut,M,Gold,Winter,4.4,No,Standard,No,32,Cash,Quarterly,4,8.0,1815,0,0.4,High,-0.34120919847221565,3.0287551344465213,Medium,Gold
3156,22,Female,Handbag,Accessories,90,Montana,M,Brown,Fall,4.3,No,Free Shipping,No,34,Cash,Annually,1,10.0,3150,0,0.4,High,-0.38124231196879266,3.419952865526956,Medium,Platinum
3157,18,Female,Shirt,Clothing,50,Montana,M,Black,Winter,3.1,No,2-Day Shipping,No,18,Cash,Monthly,12,1.5,950,0,0.4,Medium,-0.834342896575492,-0.5198575685697093,Low,Silver
3158,21,Female,Belt,Accessories,34,Maine,L,Red,Fall,3.1,No,Store Pickup,No,5,Debit Card,Fortnightly,26,0.19230769230769232,204,0,0.4,Medium,-0.9013207518620671,-0.8672684905106611,Low,Bronze
3159,30,Female,Jewelry,Accessories,77,Mississippi,M,Gray,Winter,4.9,No,2-Day Shipping,No,44,Credit Card,Monthly,12,3.6666666666666665,3465,0,0.4,High,0.9653231057069536,2.5782138074551364,High,Platinum
3160,62,Female,Hat,Accessories,89,Louisiana,L,Pink,Winter,2.9,No,Store Pickup,No,4,Bank Transfer,Quarterly,4,1.0,445,0,0.4,Low,-2.2793110470840805,-0.9329643966174084,Low,Bronze
3161,28,Female,Backpack,Accessories,87,Nebraska,XL,Turquoise,Fall,3.8,No,Next Day Air,No,37,Cash,Fortnightly,26,1.4230769230769231,3306,0,0.4,Medium,1.3136527894086354,0.44066283570914155,High,Platinum
3162,66,Female,Dress,Clothing,77,Massachusetts,S,Charcoal,Winter,4.2,No,2-Day Shipping,No,43,Cash,Monthly,12,3.5833333333333335,3388,0,0.4,High,0.8961051825422441,1.5751185352913644,High,Platinum
3163,66,Female,Shoes,Footwear,85,Wisconsin,L,Blue,Winter,3.9,No,Standard,No,28,Bank Transfer,Quarterly,4,7.0,2465,0,0.4,Medium,-0.6180808911310534,2.06240485822775,Low,Platinum
3164,49,Female,Pants,Clothing,66,Nebraska,XL,Turquoise,Summer,2.8,No,Express,No,36,Cash,Monthly,12,3.0,2442,0,0.4,Low,0.4115797203892781,-0.5417666655369731,Medium,Platinum
3165,40,Female,Dress,Clothing,32,Arizona,L,Silver,Winter,2.6,No,Standard,No,16,Credit Card,Annually,1,10.0,544,0,0.4,Low,-1.6271649289335628,1.0376303234296105,Low,Bronze
3166,49,Female,Jacket,Outerwear,92,Hawaii,M,Lavender,Spring,3.0,No,Store Pickup,No,38,Bank Transfer,Quarterly,4,9.5,3588,0,0.4,Low,0.07409834051604103,1.4653432161221513,Medium,Platinum
3167,19,Female,Shirt,Clothing,80,Georgia,M,Gold,Winter,2.7,No,Next Day Air,No,37,Bank Transfer,Fortnightly,26,1.4230769230769231,3040,0,0.4,Low,1.3136527894086354,-1.1008399856479638,High,Platinum
3168,24,Female,Dress,Clothing,78,Oregon,M,Blue,Fall,2.8,No,2-Day Shipping,No,9,Cash,Bi-Weekly,26,0.34615384615384615,780,0,0.4,Low,-0.6244490592032291,-1.2468064777112575,Low,Silver
3169,31,Female,Jeans,Clothing,24,Montana,M,Orange,Spring,2.9,No,2-Day Shipping,No,14,PayPal,Fortnightly,26,0.5384615384615384,360,0,0.4,Low,-0.2783594433796819,-1.0555800161259796,Medium,Bronze
3170,35,Female,T-shirt,Clothing,59,Georgia,M,White,Fall,3.8,No,Free Shipping,No,3,Venmo,Weekly,52,0.057692307692307696,236,0,0.4,Medium,0.5069743869671459,0.07792496132961835,Medium,Bronze
3171,65,Female,Sunglasses,Accessories,41,Rhode Island,XL,Charcoal,Spring,4.4,No,Express,No,10,Credit Card,Fortnightly,26,0.38461538461538464,451,0,0.4,High,-0.5552311360385197,1.0055974125550968,Low,Bronze
3172,68,Female,Jewelry,Accessories,26,Tennessee,M,Maroon,Spring,3.1,No,Express,No,26,Bank Transfer,Bi-Weekly,26,1.0,702,0,0.4,Medium,0.5522556345968315,-0.6526911563706614,Medium,Silver
3173,57,Female,Socks,Clothing,52,Missouri,M,Olive,Fall,3.7,No,Standard,No,30,Debit Card,Bi-Weekly,26,1.1538461538461537,1612,0,0.4,Medium,0.8291273272556693,0.22900043753910215,High,Gold
3174,69,Female,Skirt,Clothing,46,Washington,L,Teal,Summer,4.9,No,Next Day Air,No,32,PayPal,Fortnightly,26,1.2307692307692308,1518,0,0.4,High,0.9675631735850881,1.931075815604344,High,Gold
3175,45,Female,Pants,Clothing,52,Oklahoma,L,Orange,Winter,3.8,No,Store Pickup,No,35,PayPal,Monthly,12,2.9166666666666665,1872,0,0.4,Medium,0.34236179722456866,0.8374606043966011,Medium,Gold
3176,35,Female,Socks,Clothing,42,Connecticut,M,Maroon,Fall,3.4,No,Store Pickup,No,26,Debit Card,Quarterly,4,6.5,1134,0,0.4,Medium,-0.7565167374604723,1.2288881698099317,Low,Silver
3177,36,Female,Sandals,Footwear,37,Arkansas,XL,Turquoise,Spring,4.6,No,2-Day Shipping,No,39,Credit Card,Monthly,12,3.25,1480,0,0.4,High,0.6192334898834064,2.047109290584222,Medium,Gold
3178,55,Female,Belt,Accessories,52,Missouri,L,Beige,Fall,3.2,No,Standard,No,31,Credit Card,Monthly,12,2.5833333333333335,1664,0,0.4,Medium,0.06549010456573084,-0.09191484154427298,Medium,Gold
3179,66,Female,Sandals,Footwear,34,Washington,L,Beige,Spring,2.7,No,Free Shipping,No,28,Credit Card,Annually,1,10.0,986,0,0.4,Low,-0.7965498509570494,1.177766943552984,Low,Silver
3180,57,Female,Shorts,Clothing,88,Idaho,M,Olive,Spring,4.3,No,Free Shipping,No,12,Debit Card,Bi-Weekly,26,0.46153846153846156,1144,0,0.4,High,-0.41679528970910085,0.8858967290164848,Medium,Silver
3181,18,Female,Handbag,Accessories,88,Montana,L,Turquoise,Fall,3.8,No,Standard,No,46,PayPal,Weekly,52,0.8846153846153846,4136,0,0.4,Medium,3.4833450830496524,0.29761127961580847,High,Platinum
3182,31,Female,Jacket,Outerwear,51,Montana,M,Charcoal,Summer,4.4,No,Free Shipping,No,27,PayPal,Quarterly,4,6.75,1428,0,0.4,High,-0.6872988142957629,2.6966711649441413,Low,Gold
3183,50,Female,Sunglasses,Accessories,97,Georgia,L,Green,Fall,3.6,No,Free Shipping,No,4,Credit Card,Annually,1,4.0,485,0,0.4,Medium,-2.457780006910076,0.8449934710519178,Low,Bronze
3184,50,Female,Sneakers,Footwear,56,Mississippi,M,Green,Winter,3.5,No,Standard,No,14,Cash,Quarterly,4,3.5,840,0,0.4,Medium,-1.5871318154369858,0.5720232631275923,Low,Silver
3185,61,Female,Sweater,Clothing,53,Hawaii,L,Green,Spring,4.2,No,2-Day Shipping,No,30,Venmo,Quarterly,4,7.5,1643,0,0.4,High,-0.4796450448016345,2.6156483063988225,Medium,Gold
3186,52,Female,Skirt,Clothing,71,Ohio,L,Gold,Fall,4.7,No,Express,No,6,PayPal,Annually,1,6.0,497,0,0.4,High,-2.3193441605806573,2.9178306436128327,Low,Bronze
3187,38,Female,Jewelry,Accessories,93,Virginia,S,Cyan,Winter,4.8,No,Store Pickup,No,43,Venmo,Annually,1,10.0,4092,0,0.4,High,0.2417189965135923,4.120635966143823,Medium,Platinum
3188,67,Female,Blouse,Clothing,72,Texas,L,Indigo,Winter,3.2,No,Free Shipping,No,28,Debit Card,Weekly,52,0.5384615384615384,2088,0,0.4,Medium,2.2374224660848823,-0.6351701557558593,High,Gold
3189,42,Female,Blouse,Clothing,59,Vermont,M,Lavender,Winter,3.5,No,Standard,No,39,Bank Transfer,Monthly,12,3.25,2360,0,0.4,Medium,0.6192334898834064,0.5056064692271163,Medium,Platinum
3190,25,Female,Boots,Footwear,87,Kansas,M,Beige,Summer,4.2,No,Store Pickup,No,30,PayPal,Bi-Weekly,26,1.1538461538461537,2697,0,0.4,High,0.8291273272556693,0.9296835381559686,High,Platinum
3191,41,Female,Jeans,Clothing,78,California,S,Purple,Fall,3.4,No,Free Shipping,No,5,Credit Card,Fortnightly,26,0.19230769230769232,468,0,0.4,Medium,-0.9013207518620671,-0.4468586301405413,Low,Bronze
3192,62,Female,Hoodie,Clothing,68,Mississippi,XL,Maroon,Winter,4.7,No,Store Pickup,No,42,Credit Card,Quarterly,4,10.0,2924,0,0.4,High,0.35097003317487885,3.9804993460204496,Medium,Platinum
3193,19,Female,Sweater,Clothing,76,Iowa,S,Maroon,Fall,3.0,No,Free Shipping,No,20,Cash,Fortnightly,26,0.7692307692307693,1596,0,0.4,Low,0.1369480956085748,-0.8541355862483204,Medium,Gold
3194,63,Female,Gloves,Accessories,99,Virginia,L,Teal,Winter,4.0,No,Express,No,35,Credit Card,Fortnightly,26,1.3461538461538463,3564,0,0.4,Medium,1.1752169430792165,0.7005001393711265,High,Platinum
3195,43,Female,Sneakers,Footwear,52,Maryland,L,Gold,Summer,4.6,No,Standard,No,10,Credit Card,Bi-Weekly,26,0.38461538461538464,572,0,0.4,High,-0.5552311360385197,1.2858706528018424,Low,Bronze
3196,68,Female,Sunglasses,Accessories,58,Missouri,S,Red,Spring,4.9,No,Next Day Air,No,36,Credit Card,Quarterly,4,9.0,2146,0,0.4,High,-0.06433750581337783,3.995105410665292,Medium,Gold
3197,24,Female,Belt,Accessories,59,Wisconsin,L,Maroon,Winter,2.8,No,Express,No,21,Debit Card,Fortnightly,26,0.8076923076923077,1298,0,0.4,Low,0.20616601877328422,-1.1241908582026863,Medium,Silver
3198,27,Female,Sweater,Clothing,71,Maine,M,Teal,Spring,3.2,No,Free Shipping,No,29,Credit Card,Quarterly,4,7.25,2130,0,0.4,Medium,-0.5488629679663439,1.1478653112646136,Low,Gold
3199,61,Female,Gloves,Accessories,94,Pennsylvania,L,Peach,Winter,2.8,No,Free Shipping,No,39,Debit Card,Weekly,52,0.75,3760,0,0.4,Low,2.998819620896686,-1.1395178106412578,High,Platinum
3200,59,Female,Handbag,Accessories,40,Maine,XL,Pink,Winter,4.2,No,Express,No,16,PayPal,Monthly,12,1.3333333333333333,680,0,0.4,High,-0.9727787429049108,0.9773673901870796,Low,Silver
3201,67,Female,Socks,Clothing,24,Missouri,L,Black,Spring,4.8,No,Free Shipping,No,32,Credit Card,Monthly,12,2.6666666666666665,792,0,0.4,High,0.13470802773044027,2.172410011729858,Medium,Silver
3202,46,Female,Pants,Clothing,38,Vermont,S,Indigo,Fall,2.8,No,2-Day Shipping,No,34,Cash,Monthly,12,2.8333333333333335,1330,0,0.4,Low,0.27314387405985924,-0.5860445281372906,Medium,Silver
3203,65,Female,Scarf,Accessories,37,Wisconsin,L,Green,Fall,4.5,No,Standard,No,38,Venmo,Annually,1,10.0,1443,0,0.4,High,-0.10437061930995495,3.700226105773703,Medium,Gold
3204,63,Female,Coat,Outerwear,29,New Jersey,L,Teal,Spring,4.1,No,Express,No,14,Venmo,Annually,1,10.0,435,0,0.4,High,-1.7656007752629816,3.139679625280209,Low,Bronze
3205,57,Female,Jacket,Outerwear,92,New Mexico,XL,Lavender,Fall,4.3,No,Free Shipping,No,23,Debit Card,Bi-Weekly,26,0.8846153846153846,2208,0,0.4,High,0.34460186510270313,0.9982943802326749,Medium,Gold
3206,40,Female,Hoodie,Clothing,24,Colorado,XL,Magenta,Fall,4.4,No,2-Day Shipping,No,50,Bank Transfer,Quarterly,4,10.0,1224,0,0.4,High,0.9047134184925545,3.5600894856503302,High,Silver
3207,36,Female,Boots,Footwear,52,California,M,Brown,Winter,3.0,No,Free Shipping,No,49,PayPal,Monthly,12,4.083333333333333,2600,0,0.4,Low,1.311412721530501,0.02631268161183642,High,Platinum
3208,67,Female,Socks,Clothing,29,Arizona,XL,Beige,Summer,2.7,No,Next Day Air,No,14,PayPal,Annually,1,10.0,435,0,0.4,Low,-1.7656007752629816,1.177766943552984,Low,Bronze
3209,61,Female,Jewelry,Accessories,30,Indiana,L,Indigo,Winter,3.3,No,2-Day Shipping,No,42,PayPal,Weekly,52,0.8076923076923077,1290,0,0.4,Medium,3.2064733903908147,-0.42350775758581993,High,Silver
3210,64,Female,Shoes,Footwear,31,Arkansas,L,Peach,Fall,4.3,No,Standard,No,39,Debit Card,Annually,1,10.0,1240,0,0.4,High,-0.03515269614524541,3.419952865526956,Medium,Silver
3211,30,Female,Socks,Clothing,67,Nevada,M,Magenta,Summer,2.9,No,Express,No,43,Venmo,Bi-Weekly,26,1.6538461538461537,2948,0,0.4,Low,1.7289603283968922,-0.7592589356469324,High,Platinum
3212,53,Female,Pants,Clothing,65,Rhode Island,L,Turquoise,Winter,4.9,No,Standard,No,12,Cash,Monthly,12,1.0,845,0,0.4,High,-1.2496504355637488,1.8697680058500583,Low,Silver
3213,27,Female,Sneakers,Footwear,22,Wyoming,M,Indigo,Winter,3.6,No,2-Day Shipping,No,21,Debit Card,Weekly,52,0.40384615384615385,484,0,0.4,Medium,1.752897003931916,-0.11038656428569937,High,Bronze
3214,27,Female,Sunglasses,Accessories,56,Texas,M,Brown,Winter,3.3,No,Standard,No,33,Credit Card,Monthly,12,2.75,1904,0,0.4,Medium,0.2039259508951497,0.09249964117941722,Medium,Gold
3215,53,Female,Skirt,Clothing,78,Washington,M,Yellow,Spring,3.1,No,Free Shipping,No,6,Debit Card,Annually,1,6.0,546,0,0.4,Medium,-2.3193441605806573,0.6756447216388598,Low,Bronze
3216,34,Female,Coat,Outerwear,90,Rhode Island,M,Magenta,Summer,2.7,No,Free Shipping,No,10,PayPal,Quarterly,4,2.5,990,0,0.4,Low,-1.8640035080958235,-0.8147368734612979,Low,Silver
3217,39,Female,Hoodie,Clothing,85,Illinois,S,Olive,Winter,3.4,No,Next Day Air,No,18,Cash,Weekly,52,0.34615384615384615,1615,0,0.4,Medium,1.5452432344377875,-0.4059867569710176,High,Gold
3218,44,Female,Sunglasses,Accessories,58,Oregon,M,Silver,Fall,3.4,No,Express,No,46,Venmo,Weekly,52,0.8846153846153846,2726,0,0.4,Medium,3.4833450830496524,-0.2629352008776846,High,Platinum
3219,37,Female,Skirt,Clothing,34,Florida,M,Teal,Fall,3.9,No,Express,No,49,PayPal,Monthly,12,4.083333333333333,1700,0,0.4,Medium,1.311412721530501,1.287542262722196,High,Gold
3220,57,Female,Coat,Outerwear,40,Kansas,L,White,Summer,3.5,No,2-Day Shipping,No,39,Credit Card,Weekly,52,0.75,1600,0,0.4,Medium,2.998819620896686,-0.15856146977764451,High,Gold
3221,38,Female,Handbag,Accessories,29,North Dakota,M,Blue,Fall,4.1,No,Free Shipping,No,16,Cash,Monthly,12,1.3333333333333333,493,0,0.4,High,-0.9727787429049108,0.8372307700637056,Low,Bronze
3222,21,Female,T-shirt,Clothing,76,New Hampshire,M,Yellow,Winter,3.2,No,Standard,No,28,Cash,Annually,1,10.0,2204,0,0.4,Medium,-0.7965498509570494,1.8784500441698504,Low,Gold
3223,45,Female,Sunglasses,Accessories,84,Texas,S,Maroon,Fall,4.6,No,Store Pickup,No,22,PayPal,Quarterly,4,5.5,1932,0,0.4,High,-1.0333884301193101,2.644860435688506,Low,Gold
3224,68,Female,Shirt,Clothing,65,Montana,S,Gray,Spring,3.9,No,Standard,No,36,Venmo,Bi-Weekly,26,1.3846153846153846,2405,0,0.4,Medium,1.244434866243926,0.5705814875401339,High,Platinum
3225,37,Female,Hoodie,Clothing,80,Delaware,L,Indigo,Winter,2.7,No,Free Shipping,No,18,PayPal,Monthly,12,1.5,1520,0,0.4,Low,-0.834342896575492,-1.080404049063202,Low,Gold
3226,53,Female,Blouse,Clothing,98,New Hampshire,M,Pink,Fall,3.0,No,Store Pickup,No,31,Credit Card,Weekly,52,0.5961538461538461,3136,0,0.4,Low,2.4450762355790108,-0.9001164435640345,High,Platinum
3227,57,Female,Sneakers,Footwear,71,Minnesota,XL,Beige,Spring,3.3,No,Next Day Air,No,38,Bank Transfer,Fortnightly,26,1.4615384615384615,2769,0,0.4,Medium,1.3828707125733448,-0.24980229661534392,High,Platinum
3228,28,Female,Scarf,Accessories,69,Alaska,XL,White,Fall,2.7,No,Free Shipping,No,42,Debit Card,Quarterly,4,10.0,2967,0,0.4,Low,0.35097003317487885,1.177766943552984,Medium,Platinum
3229,37,Female,Jewelry,Accessories,95,Connecticut,M,Yellow,Spring,4.6,No,2-Day Shipping,No,27,PayPal,Annually,1,10.0,2660,0,0.4,High,-0.8657677741217589,3.8403627258970756,Low,Platinum
3230,54,Female,Pants,Clothing,67,Connecticut,M,Teal,Fall,2.7,No,Express,No,24,Cash,Monthly,12,2.0,1675,0,0.4,Low,-0.4190353575872353,-0.94757046126225,Medium,Gold
3231,49,Female,Sneakers,Footwear,49,Kansas,M,Olive,Summer,2.5,No,Next Day Air,No,38,Debit Card,Annually,1,10.0,1911,0,0.4,Low,-0.10437061930995495,0.8974937033062371,Medium,Gold
3232,62,Female,Shoes,Footwear,97,Nevada,M,Maroon,Winter,4.4,No,Free Shipping,No,9,Credit Card,Annually,1,9.0,970,0,0.4,High,-2.111690391086529,3.2944223100484256,Low,Silver
3233,45,Female,T-shirt,Clothing,34,Massachusetts,M,White,Spring,4.0,No,Next Day Air,No,19,Bank Transfer,Monthly,12,1.5833333333333333,680,0,0.4,Medium,-0.7651249734107826,0.7635109438408088,Low,Silver
3234,45,Female,Belt,Accessories,74,Indiana,M,Lavender,Fall,3.8,No,Express,No,11,Debit Card,Bi-Weekly,26,0.4230769230769231,888,0,0.4,Medium,-0.4860132128738103,0.17499566010723722,Low,Silver
3235,49,Female,Jewelry,Accessories,96,Washington,M,Black,Winter,2.5,No,2-Day Shipping,No,16,Debit Card,Quarterly,4,4.0,1632,0,0.4,Low,-1.448695969107567,-0.6965093503051885,Low,Gold
3236,27,Female,Belt,Accessories,68,Kansas,M,Green,Summer,4.0,No,Free Shipping,No,18,Venmo,Monthly,12,1.5,1292,0,0.4,Medium,-0.834342896575492,0.7413720125406502,Low,Silver
3237,63,Female,Belt,Accessories,84,South Carolina,L,Olive,Fall,4.1,No,Next Day Air,No,8,Cash,Monthly,12,0.6666666666666666,756,0,0.4,High,-1.5265221282225865,0.660119319662436,Low,Silver
3238,61,Female,T-shirt,Clothing,57,Vermont,M,Gray,Summer,2.8,No,Express,No,4,Cash,Weekly,52,0.07692307692307693,285,0,0.4,Low,0.5761923101318553,-1.318332255757924,Medium,Bronze
3239,25,Female,Sneakers,Footwear,84,Wyoming,XL,Teal,Fall,3.4,No,2-Day Shipping,No,37,Cash,Quarterly,4,9.25,3192,0,0.4,Medium,0.004880417351331601,1.9594729027151685,Medium,Platinum
3240,33,Female,Sunglasses,Accessories,32,Colorado,M,Charcoal,Fall,2.7,No,2-Day Shipping,No,30,Cash,Monthly,12,2.5,992,0,0.4,Low,-0.003727818598978583,-0.8147368734612979,Medium,Silver
3241,56,Female,Sandals,Footwear,37,West Virginia,M,Violet,Fall,3.8,No,2-Day Shipping,No,37,Bank Transfer,Monthly,12,3.0833333333333335,1406,0,0.4,Medium,0.4807976435539875,0.8817384669969185,Medium,Gold
3242,50,Female,Handbag,Accessories,58,Connecticut,M,Lavender,Summer,4.4,No,Store Pickup,No,30,PayPal,Quarterly,4,7.5,1798,0,0.4,High,-0.4796450448016345,2.8959215466455692,Medium,Gold
3243,45,Female,Socks,Clothing,74,Oregon,S,Beige,Fall,2.8,No,Express,No,17,Venmo,Weekly,52,0.3269230769230769,1332,0,0.4,Low,1.4760253112730783,-1.2519154618574477,High,Gold
3244,45,Female,Hoodie,Clothing,99,Idaho,L,Black,Summer,5.0,No,Store Pickup,No,11,Bank Transfer,Quarterly,4,2.75,1188,0,0.4,High,-1.794785584931114,2.474822183276763,Low,Silver
3245,65,Female,Sweater,Clothing,81,Arkansas,M,Black,Fall,4.7,No,Express,No,42,Credit Card,Annually,1,10.0,3483,0,0.4,High,0.17250107334888287,3.9804993460204496,Medium,Platinum
3246,63,Female,Pants,Clothing,76,Kansas,M,Purple,Fall,3.2,No,Next Day Air,No,20,Cash,Weekly,52,0.38461538461538464,1596,0,0.4,Medium,1.6836790807672066,-0.6760420289253828,High,Gold
3247,70,Female,Sneakers,Footwear,98,Michigan,M,Magenta,Summer,2.9,No,Store Pickup,No,37,Cash,Monthly,12,3.0833333333333335,3724,0,0.4,Low,0.4807976435539875,-0.37949111411344094,Medium,Platinum
3248,53,Female,Gloves,Accessories,91,Arkansas,M,Teal,Summer,3.7,No,Express,No,12,PayPal,Fortnightly,26,0.46153846153846156,1183,0,0.4,Medium,-0.41679528970910085,0.0450770082762455,Medium,Silver
3249,22,Female,T-shirt,Clothing,79,Pennsylvania,S,Teal,Summer,4.2,No,Free Shipping,No,41,Bank Transfer,Quarterly,4,10.0,3318,0,0.4,High,0.2817521100101694,3.279816245403583,Medium,Platinum
3250,26,Female,Backpack,Accessories,83,Virginia,M,Pink,Summer,3.4,No,Express,No,32,Credit Card,Quarterly,4,8.0,2739,0,0.4,Medium,-0.34120919847221565,1.627388933212788,Medium,Platinum
3251,23,Female,Coat,Outerwear,90,Minnesota,M,Teal,Spring,2.9,No,2-Day Shipping,No,15,Venmo,Weekly,52,0.28846153846153844,1440,0,0.4,Low,1.3375894649436595,-1.1219968100264555,High,Gold
3252,25,Female,Coat,Outerwear,20,Nevada,M,Gold,Winter,3.7,No,Standard,No,39,Venmo,Quarterly,4,9.75,800,0,0.4,Medium,0.14331626368075057,2.5127163508862407,Medium,Silver
3253,69,Female,Sandals,Footwear,21,Montana,L,Brown,Spring,2.7,No,Store Pickup,No,48,Credit Card,Fortnightly,26,1.8461538461538463,1029,0,0.4,Low,2.0750499442204395,-0.9884423344317739,High,Silver
3254,36,Female,Backpack,Accessories,60,Nebraska,M,Brown,Fall,3.2,No,2-Day Shipping,No,8,Venmo,Fortnightly,26,0.3076923076923077,540,0,0.4,Medium,-0.6936669823679386,-0.696477965510145,Low,Bronze
3255,21,Female,Sweater,Clothing,31,Indiana,S,Magenta,Winter,4.9,No,Store Pickup,No,11,Bank Transfer,Quarterly,4,2.75,372,0,0.4,High,-1.794785584931114,2.334685563153391,Low,Bronze
3256,57,Female,Shorts,Clothing,40,New Jersey,M,Black,Fall,2.8,No,Next Day Air,No,36,Bank Transfer,Monthly,12,3.0,1480,0,0.4,Low,0.4115797203892781,-0.5417666655369731,Medium,Gold
3257,60,Female,Sunglasses,Accessories,26,Wisconsin,L,Teal,Winter,4.7,No,Free Shipping,No,50,Venmo,Quarterly,4,10.0,1326,0,0.4,High,0.9047134184925545,3.9804993460204496,High,Silver
3258,44,Female,Shirt,Clothing,98,Minnesota,M,Brown,Fall,3.3,No,Express,No,39,Venmo,Quarterly,4,9.75,3920,0,0.4,Medium,0.14331626368075057,1.9521698703927473,Medium,Platinum
3259,31,Female,Shoes,Footwear,51,New Jersey,M,Magenta,Spring,4.3,No,Express,No,11,Credit Card,Bi-Weekly,26,0.4230769230769231,612,0,0.4,High,-0.4860132128738103,0.8756787607241037,Low,Bronze
3260,57,Female,Hat,Accessories,95,Oklahoma,XL,Indigo,Fall,3.7,No,2-Day Shipping,No,5,Debit Card,Quarterly,4,1.25,570,0,0.4,Medium,-2.210093123919371,0.25454535827005453,Low,Bronze
3261,39,Female,Scarf,Accessories,36,Wisconsin,M,Violet,Summer,4.5,No,2-Day Shipping,No,7,Credit Card,Annually,1,7.0,288,0,0.4,High,-2.2501262374159476,2.90322457896799,Low,Bronze
3262,48,Female,Belt,Accessories,52,Rhode Island,L,Cyan,Winter,3.4,No,Store Pickup,No,50,Debit Card,Weekly,52,0.9615384615384616,2652,0,0.4,Medium,3.76021677570849,-0.24249926429292268,High,Platinum
3263,42,Female,T-shirt,Clothing,35,Indiana,M,Violet,Spring,2.7,No,Standard,No,21,Cash,Quarterly,4,5.25,770,0,0.4,Low,-1.1026063532840196,-0.08415214055606124,Low,Silver
3264,56,Female,Shorts,Clothing,68,Vermont,S,Black,Fall,4.4,No,Express,No,31,Debit Card,Fortnightly,26,1.1923076923076923,2176,0,0.4,High,0.8983452504203787,1.2201747466950965,High,Gold
3265,28,Female,Pants,Clothing,50,Maine,S,Charcoal,Winter,4.0,No,Express,No,39,Cash,Bi-Weekly,26,1.5,2000,0,0.4,Medium,1.4520886357380545,0.7413720125406502,High,Gold
3266,40,Female,Sunglasses,Accessories,100,Alabama,M,White,Winter,3.2,No,Express,No,28,Credit Card,Fortnightly,26,1.0769230769230769,2900,0,0.4,Medium,0.6906914809262503,-0.49211859966252613,Medium,Platinum
3267,49,Female,Coat,Outerwear,74,Alabama,S,Gray,Winter,4.2,No,Next Day Air,No,33,Bank Transfer,Weekly,52,0.6346153846153846,2516,0,0.4,High,2.583512081908429,0.7917409662088261,High,Platinum
3268,37,Female,Hoodie,Clothing,45,Idaho,L,Pink,Winter,3.0,No,Store Pickup,No,42,Credit Card,Quarterly,4,10.0,1935,0,0.4,Low,0.35097003317487885,1.5981768039231035,Medium,Gold
3269,22,Female,Dress,Clothing,97,Arkansas,M,Cyan,Fall,2.8,No,Free Shipping,No,5,Bank Transfer,Quarterly,4,1.25,582,0,0.4,Low,-2.210093123919371,-1.0066842228403057,Low,Bronze
3270,27,Female,Blouse,Clothing,60,Ohio,M,Blue,Winter,4.9,No,Express,No,25,Cash,Monthly,12,2.0833333333333335,1560,0,0.4,High,-0.34981743442252583,2.1575741127521213,Medium,Gold
3271,59,Female,Socks,Clothing,25,Illinois,M,Indigo,Winter,4.7,No,Express,No,48,PayPal,Annually,1,10.0,1225,0,0.4,High,0.5878086123371397,3.9804993460204496,Medium,Silver
3272,35,Female,Socks,Clothing,55,Nevada,XL,Magenta,Spring,4.4,No,Standard,No,30,Credit Card,Weekly,52,0.5769230769230769,1705,0,0.4,High,2.375858312414301,1.0566872540170014,High,Gold
3273,58,Female,Shoes,Footwear,99,Texas,M,Lavender,Winter,3.1,No,Next Day Air,No,34,PayPal,Quarterly,4,8.5,3465,0,0.4,Medium,-0.20277335214279668,1.3398126606436205,Medium,Platinum
3274,58,Female,Belt,Accessories,45,Nevada,S,Orange,Summer,2.6,No,Free Shipping,No,34,PayPal,Quarterly,4,8.5,1575,0,0.4,Low,-0.20277335214279668,0.6391295600267539,Medium,Gold
3275,46,Female,Sweater,Clothing,20,Oklahoma,M,Cyan,Spring,3.9,No,Store Pickup,No,14,Cash,Fortnightly,26,0.5384615384615384,300,0,0.4,Medium,-0.2783594433796819,0.3457861851077534,Medium,Bronze
3276,43,Female,Pants,Clothing,88,Alabama,XL,Green,Summer,2.6,No,2-Day Shipping,No,2,Debit Card,Weekly,52,0.038461538461538464,264,0,0.4,Low,0.4377564638024365,-1.6088234642970511,Medium,Bronze
3277,39,Female,Scarf,Accessories,99,South Dakota,M,White,Summer,4.0,No,Store Pickup,No,41,PayPal,Quarterly,4,10.0,4158,0,0.4,Medium,0.2817521100101694,2.9995430051568364,Medium,Platinum
3278,59,Female,Skirt,Clothing,86,Texas,M,Blue,Spring,4.9,No,Store Pickup,No,3,Credit Card,Monthly,12,0.25,344,0,0.4,High,-1.8726117440461338,1.67051762414863,Low,Bronze
3279,59,Female,Dress,Clothing,70,Montana,M,Black,Summer,3.3,No,2-Day Shipping,No,18,Bank Transfer,Weekly,52,0.34615384615384615,1330,0,0.4,Medium,1.5452432344377875,-0.546123377094391,High,Silver
3280,59,Female,Hat,Accessories,50,Wyoming,S,Red,Fall,3.0,No,Express,No,1,Debit Card,Fortnightly,26,0.038461538461538464,100,0,0.4,Low,-1.1781924445209047,-1.0482769838035582,Low,Bronze
3281,45,Female,Handbag,Accessories,57,New York,L,Red,Winter,2.7,No,Next Day Air,No,5,PayPal,Monthly,12,0.4166666666666667,342,0,0.4,Low,-1.734175897716715,-1.368210155965265,Low,Bronze
3282,27,Female,Pants,Clothing,69,Oregon,L,Gold,Winter,3.1,No,Free Shipping,No,41,Bank Transfer,Annually,1,10.0,2898,0,0.4,Medium,0.10328315018417344,1.7383134240464768,Medium,Platinum
3283,24,Female,T-shirt,Clothing,94,California,M,Red,Fall,4.8,No,Next Day Air,No,5,Credit Card,Monthly,12,0.4166666666666667,564,0,0.4,High,-1.734175897716715,1.5746588666255734,Low,Bronze
3284,47,Female,Jacket,Outerwear,24,North Carolina,L,Purple,Spring,2.9,No,Express,No,10,Debit Card,Quarterly,4,2.5,264,0,0.4,Low,-1.8640035080958235,-0.5344636332145518,Low,Bronze
3285,70,Female,Scarf,Accessories,79,Kentucky,L,White,Spring,4.5,No,2-Day Shipping,No,20,Venmo,Annually,1,10.0,1659,0,0.4,High,-1.3502932362747249,3.700226105773703,Low,Gold
3286,58,Female,Hat,Accessories,31,Hawaii,XL,Magenta,Fall,4.6,No,Free Shipping,No,11,Cash,Weekly,52,0.21153846153846154,372,0,0.4,High,1.0607177722848216,1.239889795486128,High,Bronze
3287,45,Female,Jacket,Outerwear,67,Illinois,L,Pink,Winter,5.0,No,Express,No,4,Venmo,Fortnightly,26,0.15384615384615385,335,0,0.4,High,-0.9705386750267765,1.7851093235410502,Low,Bronze
3288,24,Female,Skirt,Clothing,63,West Virginia,L,Black,Spring,4.3,No,2-Day Shipping,No,38,Credit Card,Weekly,52,0.7307692307692307,2457,0,0.4,High,2.9296016977319765,0.9574225070631512,High,Platinum
3289,67,Female,Handbag,Accessories,61,South Carolina,XL,White,Spring,4.9,No,Next Day Air,No,19,Credit Card,Bi-Weekly,26,0.7307692307692307,1220,0,0.4,High,0.06773017244386531,1.7982422278033918,Medium,Silver
3290,31,Female,Backpack,Accessories,50,Montana,M,Maroon,Summer,4.0,No,2-Day Shipping,No,16,Venmo,Quarterly,4,4.0,850,0,0.4,Medium,-1.448695969107567,1.4055399515454108,Low,Silver
3291,52,Female,Coat,Outerwear,82,North Dakota,L,Black,Spring,3.1,No,Free Shipping,No,2,PayPal,Monthly,12,0.16666666666666666,246,0,0.4,Medium,-1.9418296672108433,-0.8740804693722484,Low,Bronze
3292,29,Female,Belt,Accessories,51,New Mexico,L,Olive,Fall,2.6,No,2-Day Shipping,No,11,Cash,Monthly,12,0.9166666666666666,612,0,0.4,Low,-1.3188683587284582,-1.3755131882876865,Low,Bronze
3293,62,Female,Handbag,Accessories,23,Missouri,L,Gray,Spring,4.9,No,Standard,No,18,Bank Transfer,Fortnightly,26,0.6923076923076923,437,0,0.4,High,-0.001487750720844172,1.7880242595110107,Medium,Bronze
3294,19,Female,Coat,Outerwear,91,West Virginia,M,Gold,Spring,3.5,No,2-Day Shipping,No,47,Credit Card,Fortnightly,26,1.8076923076923077,4368,0,0.4,Medium,2.00583202105573,0.12243265826283123,High,Platinum
3295,62,Female,Sweater,Clothing,60,South Carolina,S,Magenta,Spring,4.5,No,Store Pickup,No,15,Bank Transfer,Bi-Weekly,26,0.5769230769230769,960,0,0.4,High,-0.20914152021497245,1.196823874140374,Medium,Silver
3296,70,Female,Blouse,Clothing,34,West Virginia,S,Lavender,Summer,2.8,No,Next Day Air,No,15,Cash,Weekly,52,0.28846153846153844,544,0,0.4,Low,1.3375894649436595,-1.262133430149829,High,Bronze
3297,20,Female,Blouse,Clothing,23,Alaska,M,Green,Spring,4.2,No,Next Day Air,No,47,Venmo,Quarterly,4,10.0,1104,0,0.4,High,0.6970596489984262,3.279816245403583,Medium,Silver
3298,67,Female,Belt,Accessories,82,West Virginia,M,Violet,Fall,4.1,No,Free Shipping,No,47,PayPal,Monthly,12,3.9166666666666665,3936,0,0.4,High,1.172976875201082,1.523537640368625,High,Platinum
3299,65,Female,Jacket,Outerwear,73,New Mexico,M,Brown,Fall,3.5,No,Express,No,6,Bank Transfer,Quarterly,4,1.5,511,0,0.4,Medium,-2.140875200754661,0.040688911923783766,Low,Bronze
3300,45,Female,Shorts,Clothing,32,South Dakota,L,Teal,Spring,4.0,No,2-Day Shipping,No,18,Venmo,Monthly,12,1.5,608,0,0.4,Medium,-0.834342896575492,0.7413720125406502,Low,Bronze
3301,26,Female,Hat,Accessories,80,Oklahoma,M,Charcoal,Spring,4.0,No,Express,No,40,Bank Transfer,Bi-Weekly,26,1.5384615384615385,3280,0,0.4,Medium,1.5213065589027637,0.7515899808330311,High,Platinum
3302,36,Female,Pants,Clothing,58,Oklahoma,XL,Charcoal,Summer,2.5,No,Free Shipping,No,31,Credit Card,Fortnightly,26,1.1923076923076923,1856,0,0.4,Low,0.8983452504203787,-1.4424210356489966,High,Gold
3303,36,Female,Blouse,Clothing,82,Alabama,XL,Beige,Winter,4.2,No,Standard,No,31,Venmo,Bi-Weekly,26,1.1923076923076923,2624,0,0.4,High,0.8983452504203787,0.9399015064483497,High,Platinum
3304,20,Female,Belt,Accessories,60,Mississippi,S,Turquoise,Summer,3.4,No,Next Day Air,No,4,Credit Card,Fortnightly,26,0.15384615384615385,300,0,0.4,Medium,-0.9705386750267765,-0.45707659843292237,Low,Bronze
3305,30,Female,Handbag,Accessories,79,Mississippi,XL,Orange,Fall,4.8,No,Next Day Air,No,36,Bank Transfer,Quarterly,4,9.0,2923,0,0.4,High,-0.06433750581337783,3.854968790541918,Medium,Platinum
3306,34,Female,Hoodie,Clothing,41,Nebraska,L,Cyan,Summer,4.9,No,Standard,No,31,PayPal,Bi-Weekly,26,1.1923076923076923,1312,0,0.4,High,0.8983452504203787,1.920857847311963,High,Silver
3307,63,Female,Jacket,Outerwear,39,Colorado,L,Orange,Summer,3.6,No,Store Pickup,No,6,Venmo,Fortnightly,26,0.23076923076923078,273,0,0.4,Medium,-0.8321028286973574,-0.15636742160141348,Low,Bronze
3308,18,Female,Scarf,Accessories,36,Pennsylvania,S,Green,Winter,4.0,No,Store Pickup,No,1,Cash,Monthly,12,0.08333333333333333,72,0,0.4,Medium,-2.0110475903755525,0.3650101804379524,Low,Bronze
3309,55,Female,Jeans,Clothing,70,Utah,M,Pink,Fall,2.6,No,Express,No,29,Cash,Monthly,12,2.4166666666666665,2100,0,0.4,Low,-0.07294574176368807,-0.9770124248848302,Medium,Gold
3310,48,Female,Handbag,Accessories,47,Massachusetts,M,Blue,Summer,3.1,No,Store Pickup,No,19,PayPal,Monthly,12,1.5833333333333333,940,0,0.4,Medium,-0.7651249734107826,-0.4977186372695508,Low,Silver
3311,45,Female,Jacket,Outerwear,27,Iowa,M,Pink,Winter,3.6,No,Free Shipping,No,12,PayPal,Fortnightly,26,0.46153846153846156,351,0,0.4,Medium,-0.41679528970910085,-0.09505961184712786,Medium,Bronze
3312,29,Female,Hat,Accessories,52,Florida,L,Blue,Summer,4.0,No,Express,No,18,Bank Transfer,Annually,1,10.0,988,0,0.4,Medium,-1.488729082604144,2.9995430051568364,Low,Silver
3313,55,Female,Sneakers,Footwear,75,Louisiana,L,Black,Summer,3.9,No,Next Day Air,No,45,Cash,Quarterly,4,10.0,3450,0,0.4,Medium,0.5586238026690071,2.859406385033463,Medium,Platinum
3314,55,Female,Hat,Accessories,30,Kansas,XL,Black,Fall,3.9,No,Express,No,45,Credit Card,Monthly,12,3.75,1380,0,0.4,Medium,1.034541028871663,1.1989865375215614,High,Gold
3315,55,Female,Socks,Clothing,94,Kansas,M,Violet,Spring,3.3,No,Standard,No,8,Credit Card,Quarterly,4,2.0,846,0,0.4,Medium,-2.0024393544252423,-0.10675074052201095,Low,Silver
3316,48,Female,Scarf,Accessories,68,Kentucky,S,Gold,Summer,2.9,No,Standard,No,4,PayPal,Quarterly,4,1.0,340,0,0.4,Low,-2.2793110470840805,-0.9329643966174084,Low,Bronze
3317,42,Female,Socks,Clothing,45,New Mexico,M,Olive,Summer,3.1,No,Free Shipping,No,5,Debit Card,Fortnightly,26,0.19230769230769232,270,0,0.4,Medium,-0.9013207518620671,-0.8672684905106611,Low,Bronze
3318,21,Female,Hat,Accessories,67,North Carolina,XL,Pink,Summer,4.7,No,Standard,No,30,Cash,Quarterly,4,7.5,2077,0,0.4,High,-0.4796450448016345,3.316331407015689,Medium,Gold
3319,45,Female,Jacket,Outerwear,46,North Dakota,M,Olive,Summer,3.9,No,Free Shipping,No,15,PayPal,Monthly,12,1.25,736,0,0.4,Medium,-1.0419966660696203,0.5348185985168007,Low,Silver
3320,23,Female,Shorts,Clothing,31,North Dakota,M,Indigo,Summer,4.3,No,Next Day Air,No,17,Credit Card,Quarterly,4,4.25,558,0,0.4,High,-1.3794780459428573,1.8923666058160067,Low,Bronze
3321,66,Female,Blouse,Clothing,44,Illinois,XL,Silver,Fall,4.2,No,2-Day Shipping,No,45,Cash,Quarterly,4,10.0,2024,0,0.4,High,0.5586238026690071,3.279816245403583,Medium,Gold
3322,32,Female,Coat,Outerwear,100,Maine,S,Charcoal,Winter,4.3,No,Next Day Air,No,3,Venmo,Annually,1,3.0,400,0,0.4,High,-2.526997930074786,1.5602826363136262,Low,Bronze
3323,52,Female,Sweater,Clothing,92,Indiana,XL,Orange,Winter,4.6,No,Next Day Air,No,43,PayPal,Weekly,52,0.8269230769230769,4048,0,0.4,High,3.275691313555524,1.403377288164223,High,Platinum
3324,54,Female,Handbag,Accessories,78,North Dakota,M,Yellow,Winter,3.8,No,Free Shipping,No,4,Credit Card,Monthly,12,0.3333333333333333,390,0,0.4,Medium,-1.8033938208814244,0.15115373409168176,Low,Bronze
3325,37,Female,T-shirt,Clothing,32,Missouri,S,Red,Fall,3.3,No,Standard,No,41,Venmo,Weekly,52,0.7884615384615384,1344,0,0.4,Medium,3.137255467226105,-0.42861674173201036,High,Gold
3326,29,Female,Sandals,Footwear,97,Alaska,M,Maroon,Fall,3.7,No,2-Day Shipping,No,16,Venmo,Monthly,12,1.3333333333333333,1649,0,0.4,Medium,-0.9727787429049108,0.2766842895702132,Low,Gold
3327,47,Female,Gloves,Accessories,95,North Dakota,M,Magenta,Summer,4.3,No,Standard,No,10,Debit Card,Annually,1,10.0,1045,0,0.4,High,-2.0424724679218196,3.419952865526956,Low,Silver
3328,47,Female,Shorts,Clothing,64,Connecticut,M,Black,Spring,4.1,No,Express,No,2,Debit Card,Quarterly,4,0.5,192,0,0.4,High,-2.417746893413499,0.6158414570621187,Low,Bronze
3329,42,Female,Sandals,Footwear,35,Wisconsin,M,Violet,Spring,3.2,No,Free Shipping,No,11,Cash,Bi-Weekly,26,0.4230769230769231,420,0,0.4,Medium,-0.4860132128738103,-0.6658240606330019,Low,Bronze
3330,34,Female,Backpack,Accessories,54,New Jersey,M,Gray,Winter,3.8,No,Express,No,1,Debit Card,Bi-Weekly,26,0.038461538461538464,108,0,0.4,Medium,-1.1781924445209047,0.07281597718342792,Low,Bronze
3331,38,Female,Sneakers,Footwear,96,Missouri,M,Black,Spring,3.2,No,2-Day Shipping,No,41,Bank Transfer,Quarterly,4,10.0,4032,0,0.4,Medium,0.2817521100101694,1.8784500441698504,Medium,Platinum
3332,55,Female,Sunglasses,Accessories,58,California,M,Pink,Summer,3.5,No,Free Shipping,No,39,PayPal,Quarterly,4,9.75,2320,0,0.4,Medium,0.14331626368075057,2.232443110639494,Medium,Platinum
3333,27,Female,T-shirt,Clothing,23,Washington,M,Silver,Summer,3.1,No,2-Day Shipping,No,1,PayPal,Bi-Weekly,26,0.038461538461538464,46,0,0.4,Medium,-1.1781924445209047,-0.9081403636801848,Low,Bronze
3334,55,Female,Jeans,Clothing,35,Minnesota,M,Violet,Spring,4.2,No,Express,No,3,PayPal,Monthly,12,0.25,140,0,0.4,High,-1.8726117440461338,0.6895612832850168,Low,Bronze
3335,66,Female,Shirt,Clothing,23,California,M,Beige,Summer,3.4,No,Free Shipping,No,21,Credit Card,Annually,1,10.0,506,0,0.4,Medium,-1.2810753131100157,2.1587232844165967,Low,Bronze
3336,44,Female,Hat,Accessories,94,Texas,XL,Cyan,Winter,3.5,No,Express,No,48,Bank Transfer,Quarterly,4,10.0,4606,0,0.4,Medium,0.7662775721631356,2.2988599045399702,Medium,Platinum
3337,39,Female,Blouse,Clothing,45,Montana,M,Brown,Fall,4.0,No,Free Shipping,No,24,Debit Card,Annually,1,10.0,1125,0,0.4,Medium,-1.0734215436158872,2.9995430051568364,Low,Silver
3338,23,Female,Jacket,Outerwear,23,Arizona,L,Blue,Winter,4.4,No,2-Day Shipping,No,45,Bank Transfer,Bi-Weekly,26,1.7307692307692308,1058,0,0.4,High,1.867396174726311,1.3632263027884295,High,Silver
3339,29,Female,Skirt,Clothing,94,Minnesota,L,White,Winter,2.9,No,2-Day Shipping,No,46,Credit Card,Monthly,12,3.8333333333333335,4418,0,0.4,Low,1.1037589520363724,-0.18024073241201277,High,Platinum
3340,20,Female,Gloves,Accessories,99,Nebraska,M,Cyan,Fall,3.6,No,Store Pickup,No,35,Cash,Fortnightly,26,1.3461538461538463,3564,0,0.4,Medium,1.1752169430792165,0.13995365887763345,High,Platinum
3341,42,Female,T-shirt,Clothing,36,Virginia,XL,Maroon,Fall,4.4,No,Free Shipping,No,47,Credit Card,Fortnightly,26,1.8076923076923077,1728,0,0.4,High,2.00583202105573,1.3836622393731912,High,Gold
3342,55,Female,Jacket,Outerwear,50,Connecticut,XL,Olive,Summer,4.5,No,Standard,No,35,Credit Card,Monthly,12,2.9166666666666665,1800,0,0.4,High,0.34236179722456866,1.8184169452602144,Medium,Gold
3343,66,Female,Jacket,Outerwear,81,New Jersey,M,Violet,Spring,3.8,No,Free Shipping,No,45,Credit Card,Weekly,52,0.8653846153846154,3726,0,0.4,Medium,3.4141271598849428,0.29250229546961803,High,Platinum
3344,24,Female,Shorts,Clothing,31,Kentucky,XL,Green,Winter,3.6,No,2-Day Shipping,No,6,Cash,Bi-Weekly,26,0.23076923076923078,217,0,0.4,Medium,-0.8321028286973574,-0.15636742160141348,Low,Bronze
3345,62,Female,Hat,Accessories,48,Washington,XL,Magenta,Fall,4.3,No,Free Shipping,No,20,Cash,Annually,1,10.0,1008,0,0.4,High,-1.3502932362747249,3.419952865526956,Low,Silver
3346,28,Female,Handbag,Accessories,91,Florida,M,Turquoise,Summer,4.0,No,2-Day Shipping,No,3,Venmo,Bi-Weekly,26,0.11538461538461539,364,0,0.4,Medium,-1.0397565981914858,0.3735251540149367,Low,Bronze
3347,30,Female,Jeans,Clothing,99,Oklahoma,M,Black,Summer,3.4,No,Express,No,30,Venmo,Quarterly,4,7.5,3069,0,0.4,Medium,-0.4796450448016345,1.4945553454118359,Medium,Platinum
3348,22,Female,Shoes,Footwear,70,Iowa,XL,Cyan,Summer,4.4,No,Standard,No,28,PayPal,Bi-Weekly,26,1.0769230769230769,2030,0,0.4,High,0.6906914809262503,1.1895208418179535,Medium,Gold
3349,28,Female,T-shirt,Clothing,74,New Hampshire,L,Gray,Winter,2.8,No,Standard,No,15,Cash,Quarterly,4,3.75,1184,0,0.4,Low,-1.5179138922722761,-0.3425162838355449,Low,Silver
3350,35,Female,Jewelry,Accessories,79,Georgia,M,Red,Fall,2.8,No,Store Pickup,No,29,PayPal,Quarterly,4,7.25,2370,0,0.4,Low,-0.5488629679663439,0.58731883077112,Low,Platinum
3351,45,Female,Handbag,Accessories,33,Mississippi,S,Olive,Fall,4.9,No,2-Day Shipping,No,15,Cash,Bi-Weekly,26,0.5769230769230769,528,0,0.4,High,-0.20914152021497245,1.757370354633868,Medium,Bronze
3352,43,Female,Shirt,Clothing,49,New Hampshire,L,Cyan,Spring,4.2,No,2-Day Shipping,No,18,Bank Transfer,Fortnightly,26,0.6923076923076923,931,0,0.4,High,-0.001487750720844172,0.8070679186473975,Medium,Silver
3353,55,Female,Belt,Accessories,96,Washington,M,Teal,Summer,2.9,No,Next Day Air,No,7,Bank Transfer,Bi-Weekly,26,0.2692307692307692,768,0,0.4,Low,-0.762884905532648,-1.1271057941726461,Low,Silver
3354,31,Female,Dress,Clothing,66,Ohio,L,Teal,Fall,4.6,No,Free Shipping,No,19,Credit Card,Quarterly,4,4.75,1320,0,0.4,High,-1.2410421996134384,2.445610053987078,Low,Silver
3355,42,Female,Skirt,Clothing,45,Maryland,M,Orange,Fall,2.8,No,Next Day Air,No,15,PayPal,Weekly,52,0.28846153846153844,720,0,0.4,Low,1.3375894649436595,-1.262133430149829,High,Silver
3356,40,Female,Blouse,Clothing,28,Delaware,M,Peach,Spring,2.6,No,Store Pickup,No,3,Bank Transfer,Bi-Weekly,26,0.11538461538461539,112,0,0.4,Low,-1.0397565981914858,-1.5883875277122894,Low,Bronze
3357,39,Female,Jeans,Clothing,48,Tennessee,M,Silver,Summer,3.5,No,Store Pickup,No,13,PayPal,Bi-Weekly,26,0.5,672,0,0.4,Medium,-0.3475773665443914,-0.22497826367812035,Medium,Silver
3358,41,Female,Hoodie,Clothing,67,Arkansas,M,Pink,Winter,3.5,No,Free Shipping,No,37,Credit Card,Monthly,12,3.0833333333333335,2546,0,0.4,Medium,0.4807976435539875,0.46132860662679886,Medium,Platinum
3359,56,Female,T-shirt,Clothing,59,Tennessee,M,Magenta,Fall,3.4,No,2-Day Shipping,No,26,Cash,Annually,1,10.0,1593,0,0.4,Medium,-0.9349856972864683,2.1587232844165967,Low,Gold
3360,43,Female,Sunglasses,Accessories,74,New Hampshire,L,Red,Fall,3.9,No,Next Day Air,No,29,Debit Card,Monthly,12,2.4166666666666665,2220,0,0.4,Medium,-0.07294574176368807,0.8447636367190223,Medium,Gold
3361,22,Female,Jacket,Outerwear,81,Minnesota,M,Maroon,Spring,3.3,No,2-Day Shipping,No,47,Cash,Quarterly,4,10.0,3888,0,0.4,Medium,0.6970596489984262,2.018586664293223,Medium,Platinum
3362,47,Female,Shoes,Footwear,26,Florida,M,Silver,Spring,4.1,No,Free Shipping,No,47,Credit Card,Bi-Weekly,26,1.8076923076923077,1248,0,0.4,High,2.00583202105573,0.9632523790030705,High,Silver
3363,50,Female,Handbag,Accessories,61,Tennessee,M,Gray,Summer,3.0,No,Next Day Air,No,48,Venmo,Fortnightly,26,1.8461538461538463,2989,0,0.4,Low,2.0750499442204395,-0.5680324740616545,High,Platinum
3364,58,Female,Sweater,Clothing,23,California,M,Turquoise,Winter,3.0,No,Next Day Air,No,46,Bank Transfer,Bi-Weekly,26,1.7692307692307692,1081,0,0.4,Low,1.9366140978910202,-0.5884684106464162,High,Silver
3365,50,Female,Scarf,Accessories,33,Oregon,M,Peach,Fall,3.2,No,Standard,No,7,Credit Card,Monthly,12,0.5833333333333334,264,0,0.4,Medium,-1.595740051387296,-0.6232491927480814,Low,Bronze
3366,43,Female,Skirt,Clothing,58,Tennessee,L,Teal,Fall,3.9,No,Express,No,45,Credit Card,Quarterly,4,10.0,2668,0,0.4,Medium,0.5586238026690071,2.859406385033463,Medium,Platinum
3367,38,Female,Gloves,Accessories,65,North Carolina,M,Red,Spring,3.6,No,2-Day Shipping,No,47,Debit Card,Quarterly,4,10.0,3120,0,0.4,Medium,0.6970596489984262,2.4389965246633434,Medium,Platinum
3368,44,Female,T-shirt,Clothing,48,Tennessee,M,Blue,Summer,3.1,No,Store Pickup,No,6,Venmo,Fortnightly,26,0.23076923076923078,336,0,0.4,Medium,-0.8321028286973574,-0.85705052221828,Low,Bronze
3369,30,Female,Sandals,Footwear,25,Nebraska,M,Blue,Spring,4.8,No,Express,No,29,Bank Transfer,Quarterly,4,7.25,750,0,0.4,High,-0.5488629679663439,3.390051233238586,Low,Silver
3370,47,Female,Sweater,Clothing,51,Maine,M,Indigo,Winter,3.8,No,2-Day Shipping,No,42,Cash,Monthly,12,3.5,2193,0,0.4,Medium,0.8268872593775347,0.9924331234977118,Medium,Gold
3371,30,Female,Belt,Accessories,31,Illinois,M,Charcoal,Summer,2.8,No,Store Pickup,No,46,Cash,Fortnightly,26,1.7692307692307692,1457,0,0.4,Low,1.9366140978910202,-0.8687416508931629,High,Gold
3372,49,Female,Hoodie,Clothing,99,Colorado,S,Turquoise,Winter,4.0,No,Next Day Air,No,28,PayPal,Annually,1,10.0,2871,0,0.4,Medium,-0.7965498509570494,2.9995430051568364,Low,Platinum
3373,56,Female,Socks,Clothing,25,Pennsylvania,M,Maroon,Winter,4.6,No,Free Shipping,No,14,Credit Card,Quarterly,4,3.5,375,0,0.4,High,-1.5871318154369858,2.1135260844846977,Low,Bronze
3374,70,Female,Sandals,Footwear,52,Minnesota,M,Purple,Spring,3.5,No,Store Pickup,No,12,Debit Card,Quarterly,4,3.0,676,0,0.4,Medium,-1.7255676617664046,0.4391896753266402,Low,Silver
3375,22,Female,Blouse,Clothing,47,Nevada,S,Lavender,Spring,3.7,No,2-Day Shipping,No,41,Debit Card,Annually,1,10.0,1974,0,0.4,Medium,0.10328315018417344,2.5791331447867165,Medium,Gold
3376,51,Female,Boots,Footwear,98,Connecticut,XL,Yellow,Fall,4.9,No,Express,No,8,Credit Card,Annually,1,8.0,882,0,0.4,High,-2.1809083142512384,3.729438235063388,Low,Silver
3377,22,Female,Hat,Accessories,46,Ohio,M,Green,Winter,4.1,No,Store Pickup,No,24,Cash,Quarterly,4,6.0,1150,0,0.4,High,-0.8949525837898912,2.077010922872592,Low,Silver
3378,37,Female,Shirt,Clothing,32,Kentucky,M,Yellow,Winter,4.6,No,Next Day Air,No,18,PayPal,Fortnightly,26,0.6923076923076923,608,0,0.4,High,-0.001487750720844172,1.3676143991408898,Medium,Bronze
3379,49,Female,Shorts,Clothing,75,Minnesota,L,Gold,Fall,4.5,No,Next Day Air,No,6,Cash,Quarterly,4,1.5,525,0,0.4,High,-2.140875200754661,1.4420551131575166,Low,Bronze
3380,61,Female,Handbag,Accessories,51,Tennessee,L,Turquoise,Summer,5.0,No,Store Pickup,No,40,Cash,Weekly,52,0.7692307692307693,2091,0,0.4,High,3.0680375440613954,1.9485968162191454,High,Gold
3381,41,Female,Dress,Clothing,52,North Dakota,L,Blue,Summer,3.8,No,Standard,No,6,PayPal,Quarterly,4,1.5,364,0,0.4,Medium,-2.140875200754661,0.4610987722939034,Low,Bronze
3382,57,Female,Hat,Accessories,66,Minnesota,L,Turquoise,Winter,4.7,No,Standard,No,27,Credit Card,Quarterly,4,6.75,1848,0,0.4,High,-0.6872988142957629,3.1170810253142607,Low,Gold
3383,34,Female,Sweater,Clothing,35,Nebraska,M,Maroon,Spring,2.8,No,Express,No,2,Bank Transfer,Weekly,52,0.038461538461538464,105,0,0.4,Low,0.4377564638024365,-1.3285502240503049,Medium,Bronze
3384,27,Female,Coat,Outerwear,43,Delaware,M,Pink,Fall,2.6,No,Next Day Air,No,39,Venmo,Bi-Weekly,26,1.5,1720,0,0.4,Low,1.4520886357380545,-1.2205406691865757,High,Gold
3385,39,Female,Hoodie,Clothing,24,Minnesota,L,Maroon,Summer,3.8,No,Free Shipping,No,9,Venmo,Quarterly,4,2.25,240,0,0.4,Medium,-1.933221431260533,0.6603491539953316,Low,Bronze
3386,62,Female,Jewelry,Accessories,83,Rhode Island,M,Olive,Winter,2.8,No,Standard,No,16,Credit Card,Quarterly,4,4.0,1411,0,0.4,Low,-1.448695969107567,-0.27609948993506883,Low,Gold
3387,34,Female,T-shirt,Clothing,62,Michigan,M,Lavender,Fall,2.6,No,2-Day Shipping,No,36,Cash,Quarterly,4,9.0,2294,0,0.4,Low,-0.06433750581337783,0.771963147827706,Medium,Platinum
3388,53,Female,Pants,Clothing,78,New Jersey,S,Pink,Spring,3.4,No,2-Day Shipping,No,2,Credit Card,Bi-Weekly,26,0.07692307692307693,234,0,0.4,Medium,-1.1089745213561955,-0.4775125350176841,Low,Bronze
3389,35,Female,Sweater,Clothing,61,South Dakota,M,Cyan,Spring,4.5,No,Store Pickup,No,21,Credit Card,Weekly,52,0.40384615384615385,1342,0,0.4,High,1.752897003931916,1.15084301682466,High,Gold
3390,38,Female,Pants,Clothing,57,North Carolina,L,Maroon,Fall,3.8,No,Free Shipping,No,39,Venmo,Annually,1,10.0,2280,0,0.4,Medium,-0.03515269614524541,2.7192697649100896,Medium,Gold
3391,32,Female,Socks,Clothing,70,Oregon,S,Red,Summer,3.0,No,Next Day Air,No,38,PayPal,Annually,1,10.0,2730,0,0.4,Low,-0.10437061930995495,1.5981768039231035,Medium,Platinum
3392,47,Female,Hoodie,Clothing,57,Montana,M,Silver,Fall,3.7,No,2-Day Shipping,No,6,Debit Card,Quarterly,4,1.5,399,0,0.4,Medium,-2.140875200754661,0.3209621521705306,Low,Bronze
3393,53,Female,Scarf,Accessories,74,New Jersey,XL,Blue,Winter,4.4,No,Free Shipping,No,6,Venmo,Bi-Weekly,26,0.23076923076923078,518,0,0.4,High,-0.8321028286973574,0.9647255393855731,Low,Bronze
3394,60,Female,Dress,Clothing,90,Arizona,M,Gold,Fall,3.1,No,Next Day Air,No,50,Debit Card,Monthly,12,4.166666666666667,4590,0,0.4,Medium,1.3806306446952104,0.18858823303536876,High,Platinum
3395,31,Female,Sandals,Footwear,98,Vermont,S,Yellow,Spring,4.2,No,Store Pickup,No,9,PayPal,Annually,1,9.0,980,0,0.4,High,-2.111690391086529,3.014149069801679,Low,Silver
3396,44,Female,Dress,Clothing,43,Colorado,M,Silver,Winter,3.1,No,Free Shipping,No,15,Debit Card,Quarterly,4,3.75,688,0,0.4,Medium,-1.5179138922722761,0.07789357653457529,Low,Silver
3397,29,Female,Pants,Clothing,37,Tennessee,XL,Black,Winter,5.0,No,Next Day Air,No,5,PayPal,Quarterly,4,1.25,222,0,0.4,High,-2.210093123919371,2.076321419873907,Low,Bronze
3398,19,Female,Blouse,Clothing,38,New Jersey,L,Yellow,Summer,2.7,No,Standard,No,13,Bank Transfer,Bi-Weekly,26,0.5,532,0,0.4,Low,-0.3475773665443914,-1.3460712246651063,Medium,Bronze
3399,54,Female,Jeans,Clothing,60,Montana,L,Pink,Winter,3.8,No,Standard,No,44,Cash,Fortnightly,26,1.6923076923076923,2700,0,0.4,Medium,1.7981782515616014,0.5121886137558082,High,Platinum
3400,40,Female,Pants,Clothing,55,Montana,XL,Yellow,Winter,3.3,No,Standard,No,36,Debit Card,Annually,1,10.0,2035,0,0.4,Medium,-0.2428064656393738,2.018586664293223,Medium,Gold
3401,39,Female,Sunglasses,Accessories,51,Nevada,M,Lavender,Fall,4.8,No,Free Shipping,No,18,Venmo,Fortnightly,26,0.6923076923076923,969,0,0.4,High,-0.001487750720844172,1.6478876393876367,Medium,Silver
3402,44,Female,Backpack,Accessories,71,Nevada,L,Peach,Winter,3.4,No,Standard,No,39,Credit Card,Weekly,52,0.75,2840,0,0.4,Medium,2.998819620896686,-0.29869808990101787,High,Platinum
3403,22,Female,Hoodie,Clothing,61,Louisiana,M,Black,Spring,4.4,No,2-Day Shipping,No,11,PayPal,Quarterly,4,2.75,732,0,0.4,High,-1.794785584931114,1.6340024625365241,Low,Silver
3404,30,Female,Boots,Footwear,65,Illinois,M,Olive,Summer,3.9,No,Standard,No,1,Cash,Bi-Weekly,26,0.038461538461538464,130,0,0.4,Medium,-1.1781924445209047,0.21295259730680127,Low,Bronze
3405,69,Female,Gloves,Accessories,34,South Carolina,L,Olive,Fall,3.9,No,2-Day Shipping,No,34,Credit Card,Annually,1,10.0,1190,0,0.4,Medium,-0.38124231196879266,2.859406385033463,Medium,Silver
3406,28,Female,Blouse,Clothing,87,Washington,M,White,Summer,4.2,No,Store Pickup,No,47,Bank Transfer,Bi-Weekly,26,1.8076923076923077,4176,0,0.4,High,2.00583202105573,1.1033889991264445,High,Platinum
3407,57,Female,Sweater,Clothing,79,Nebraska,M,Red,Spring,4.0,No,Store Pickup,No,24,Venmo,Quarterly,4,6.0,1975,0,0.4,Medium,-0.8949525837898912,1.9368743027492192,Low,Gold
3408,46,Female,Dress,Clothing,46,Alabama,S,Purple,Spring,2.6,No,Store Pickup,No,20,Cash,Quarterly,4,5.0,966,0,0.4,Low,-1.171824276448729,-0.2907055545799109,Low,Silver
3409,48,Female,Socks,Clothing,72,Montana,L,Purple,Summer,4.4,No,Standard,No,11,Bank Transfer,Annually,1,10.0,864,0,0.4,High,-1.97325454475711,3.5600894856503302,Low,Silver
3410,24,Female,Shirt,Clothing,93,Minnesota,M,Teal,Summer,3.2,No,Next Day Air,No,3,Credit Card,Quarterly,4,0.75,372,0,0.4,Medium,-2.3485289702487897,-0.5789713301477639,Low,Bronze
3411,50,Female,Sandals,Footwear,76,Ohio,L,Teal,Summer,4.3,No,Free Shipping,No,38,Bank Transfer,Bi-Weekly,26,1.4615384615384615,2964,0,0.4,High,1.3828707125733448,1.151563904618389,High,Platinum
3412,29,Female,Shoes,Footwear,56,New York,L,Gray,Winter,4.9,No,2-Day Shipping,No,45,Cash,Weekly,52,0.8653846153846154,2576,0,0.4,High,3.4141271598849428,1.834005116826725,High,Platinum
3413,61,Female,Sandals,Footwear,83,Indiana,M,Magenta,Fall,3.8,No,Store Pickup,No,31,Venmo,Quarterly,4,7.75,2656,0,0.4,Medium,-0.4104271216369251,2.121518619805805,Medium,Platinum
3414,34,Female,Gloves,Accessories,90,Delaware,XL,Black,Winter,2.5,No,Express,No,16,PayPal,Bi-Weekly,26,0.6153846153846154,1530,0,0.4,Low,-0.13992359705026303,-1.5956905600347104,Medium,Gold
3415,27,Female,Boots,Footwear,94,Connecticut,M,Maroon,Spring,4.9,No,Next Day Air,No,3,Bank Transfer,Quarterly,4,0.75,376,0,0.4,High,-2.3485289702487897,1.803351211949582,Low,Bronze
3416,38,Female,Blouse,Clothing,68,New York,M,Gold,Fall,3.0,No,2-Day Shipping,No,15,Bank Transfer,Annually,1,10.0,1088,0,0.4,Low,-1.6963828520982722,1.5981768039231035,Low,Silver
3417,25,Female,Sandals,Footwear,53,Alabama,M,Purple,Spring,3.2,No,Store Pickup,No,11,Bank Transfer,Quarterly,4,2.75,636,0,0.4,Medium,-1.794785584931114,-0.047636978943955466,Low,Bronze
3418,54,Female,Coat,Outerwear,35,Massachusetts,M,Blue,Summer,2.9,No,2-Day Shipping,No,22,Debit Card,Fortnightly,26,0.8461538461538461,805,0,0.4,Low,0.27538394193799365,-0.9738362697869318,Medium,Silver
3419,53,Female,Jacket,Outerwear,30,South Carolina,M,Beige,Summer,2.8,No,Free Shipping,No,35,Debit Card,Annually,1,10.0,1080,0,0.4,Low,-0.31202438880408323,1.3179035636763567,Medium,Silver
3420,23,Female,Jewelry,Accessories,26,West Virginia,L,Indigo,Winter,3.1,No,Store Pickup,No,5,Venmo,Bi-Weekly,26,0.19230769230769232,156,0,0.4,Medium,-0.9013207518620671,-0.8672684905106611,Low,Bronze
3421,19,Female,Hat,Accessories,60,Kentucky,M,Purple,Winter,3.4,No,Express,No,35,PayPal,Bi-Weekly,26,1.3461538461538463,2160,0,0.4,Medium,1.1752169430792165,-0.14031958136911338,High,Gold
3422,57,Female,Shoes,Footwear,30,New Jersey,M,Maroon,Summer,2.9,No,Free Shipping,No,27,PayPal,Weekly,52,0.5192307692307693,840,0,0.4,Low,2.1682045429201726,-1.0606890002721698,High,Silver
3423,19,Female,Coat,Outerwear,91,New York,L,Beige,Winter,3.2,No,Next Day Air,No,9,Venmo,Monthly,12,0.75,910,0,0.4,Medium,-1.457304205057877,-0.5789713301477639,Low,Silver
3424,33,Female,Boots,Footwear,71,Massachusetts,M,Brown,Spring,3.8,No,Next Day Air,No,21,PayPal,Bi-Weekly,26,0.8076923076923077,1562,0,0.4,Medium,0.20616601877328422,0.2771753430310465,Medium,Gold
3425,33,Female,Scarf,Accessories,64,Florida,L,Green,Summer,3.6,No,2-Day Shipping,No,23,Credit Card,Monthly,12,1.9166666666666667,1536,0,0.4,Medium,-0.48825328075194474,0.2915201885479506,Low,Gold
3426,38,Female,Hat,Accessories,54,Michigan,M,Blue,Summer,4.3,No,Next Day Air,No,3,Debit Card,Bi-Weekly,26,0.11538461538461539,216,0,0.4,High,-1.0397565981914858,0.7939350143850563,Low,Bronze
3427,47,Female,Socks,Clothing,35,Oregon,XL,Magenta,Fall,4.8,No,2-Day Shipping,No,31,Credit Card,Annually,1,10.0,1120,0,0.4,High,-0.588896081462921,4.120635966143823,Low,Silver
3428,39,Female,T-shirt,Clothing,38,Michigan,XL,Turquoise,Winter,2.5,No,Store Pickup,No,44,Cash,Annually,1,10.0,1710,0,0.4,Low,0.3109369196783017,0.8974937033062371,Medium,Gold
3429,32,Female,Jewelry,Accessories,69,Washington,M,Gray,Fall,2.5,No,Next Day Air,No,20,Venmo,Monthly,12,1.6666666666666667,1449,0,0.4,Low,-0.6959070502460731,-1.3163994267096317,Low,Gold
3430,27,Female,Skirt,Clothing,96,Alaska,S,Purple,Winter,4.6,No,Express,No,34,Debit Card,Weekly,52,0.6538461538461539,3360,0,0.4,High,2.652730005073139,1.357396430848509,High,Platinum
3431,67,Female,Socks,Clothing,73,Montana,M,Lavender,Winter,4.2,No,Next Day Air,No,17,Bank Transfer,Quarterly,4,4.25,1314,0,0.4,High,-1.3794780459428573,1.7522299856926338,Low,Silver
3432,46,Female,Belt,Accessories,49,New Mexico,S,Green,Summer,4.2,No,Express,No,20,Venmo,Annually,1,10.0,1029,0,0.4,High,-1.3502932362747249,3.279816245403583,Low,Silver
3433,36,Female,Boots,Footwear,44,Connecticut,M,Gray,Summer,4.8,No,2-Day Shipping,No,46,PayPal,Quarterly,4,10.0,2068,0,0.4,High,0.6278417258337166,4.120635966143823,Medium,Gold
3434,62,Female,Socks,Clothing,93,Alaska,M,Yellow,Spring,4.5,No,Free Shipping,No,28,PayPal,Annually,1,10.0,2697,0,0.4,High,-0.7965498509570494,3.700226105773703,Low,Platinum
3435,31,Female,Pants,Clothing,72,Ohio,S,Orange,Summer,3.3,No,2-Day Shipping,No,6,Venmo,Fortnightly,26,0.23076923076923078,504,0,0.4,Medium,-0.8321028286973574,-0.5767772819715338,Low,Bronze
3436,68,Female,Socks,Clothing,91,Montana,M,Beige,Summer,2.7,No,2-Day Shipping,No,50,Debit Card,Bi-Weekly,26,1.9230769230769231,4641,0,0.4,Low,2.2134857905498584,-0.9680063978470119,High,Platinum
3437,57,Female,Belt,Accessories,83,Nebraska,L,Peach,Winter,2.8,No,2-Day Shipping,No,41,Bank Transfer,Monthly,12,3.4166666666666665,3486,0,0.4,Low,0.7576693362128253,-0.4310720090361797,Medium,Platinum
3438,22,Female,Jacket,Outerwear,62,Oklahoma,S,Green,Winter,3.5,No,2-Day Shipping,No,50,PayPal,Annually,1,10.0,3162,0,0.4,Medium,0.7262444586665585,2.2988599045399702,Medium,Platinum
3439,26,Female,Shirt,Clothing,71,Kentucky,M,Violet,Fall,3.0,No,Store Pickup,No,33,Credit Card,Monthly,12,2.75,2414,0,0.4,Low,0.2039259508951497,-0.3279102191907024,Medium,Platinum
3440,43,Female,Gloves,Accessories,93,Idaho,M,Gray,Summer,4.5,No,Express,No,25,Venmo,Quarterly,4,6.25,2418,0,0.4,High,-0.8257346606251817,2.703974197266562,Low,Platinum
3441,45,Female,Handbag,Accessories,63,Maryland,L,Magenta,Fall,4.3,No,2-Day Shipping,No,2,PayPal,Weekly,52,0.038461538461538464,189,0,0.4,High,0.4377564638024365,0.7734990778002944,Medium,Bronze
3442,64,Female,Sweater,Clothing,96,Tennessee,XL,Charcoal,Fall,4.1,No,Standard,No,15,Credit Card,Annually,1,10.0,1536,0,0.4,High,-1.6963828520982722,3.139679625280209,Low,Gold
3443,28,Female,Skirt,Clothing,78,Michigan,M,Violet,Spring,4.3,No,Next Day Air,No,12,PayPal,Weekly,52,0.23076923076923078,1014,0,0.4,High,1.129935695449531,0.8245889192621991,High,Silver
3444,47,Female,Dress,Clothing,24,Tennessee,L,Silver,Summer,5.0,No,Free Shipping,No,28,Cash,Bi-Weekly,26,1.0769230769230769,696,0,0.4,High,0.6906914809262503,2.0303405625581927,Medium,Silver
3445,53,Female,Pants,Clothing,63,Rhode Island,S,Green,Summer,3.8,No,2-Day Shipping,No,12,Bank Transfer,Bi-Weekly,26,0.46153846153846156,819,0,0.4,Medium,-0.41679528970910085,0.1852136283996183,Medium,Silver
3446,42,Female,Hat,Accessories,58,Florida,M,Magenta,Fall,4.9,No,Standard,No,3,Debit Card,Annually,1,3.0,232,0,0.4,High,-2.526997930074786,2.4011023570538668,Low,Bronze
3447,51,Female,Boots,Footwear,55,Louisiana,S,Purple,Spring,5.0,No,2-Day Shipping,No,20,Cash,Weekly,52,0.38461538461538464,1155,0,0.4,High,1.6836790807672066,1.8464171332953359,High,Silver
3448,62,Female,Sandals,Footwear,58,Arkansas,M,Blue,Fall,4.3,No,Express,No,3,Bank Transfer,Bi-Weekly,26,0.11538461538461539,232,0,0.4,High,-1.0397565981914858,0.7939350143850563,Low,Bronze
3449,18,Female,Coat,Outerwear,28,Kentucky,S,Yellow,Winter,4.1,No,Express,No,32,Bank Transfer,Fortnightly,26,1.2307692307692308,924,0,0.4,High,0.9675631735850881,0.8099828546173564,High,Silver
3450,48,Female,Blouse,Clothing,37,Kansas,M,Brown,Spring,4.5,No,Standard,No,35,Cash,Monthly,12,2.9166666666666665,1332,0,0.4,High,0.34236179722456866,1.8184169452602144,Medium,Gold
3451,20,Female,Shorts,Clothing,78,Vermont,M,Pink,Spring,3.6,No,Store Pickup,No,31,PayPal,Monthly,12,2.5833333333333335,2496,0,0.4,Medium,0.06549010456573084,0.4686316389492201,Medium,Platinum
3452,32,Female,Blouse,Clothing,73,Nevada,XL,Silver,Fall,3.0,No,Free Shipping,No,13,Credit Card,Annually,1,10.0,1022,0,0.4,Low,-1.834818698427691,1.5981768039231035,Low,Silver
3453,26,Female,Jacket,Outerwear,20,Oklahoma,M,Indigo,Spring,3.7,No,Next Day Air,No,3,Venmo,Fortnightly,26,0.11538461538461539,80,0,0.4,Medium,-1.0397565981914858,-0.04688470635518294,Low,Bronze
3454,31,Female,Shirt,Clothing,60,Alabama,L,Pink,Winter,4.3,No,Standard,No,48,Venmo,Bi-Weekly,26,1.8461538461538463,2940,0,0.4,High,2.0750499442204395,1.2537435875421983,High,Platinum
3455,55,Female,Handbag,Accessories,71,Louisiana,S,Lavender,Fall,4.6,No,Store Pickup,No,15,PayPal,Bi-Weekly,26,0.5769230769230769,1136,0,0.4,High,-0.20914152021497245,1.3369604942637467,Medium,Silver
3456,49,Female,T-shirt,Clothing,89,Ohio,M,Orange,Fall,4.7,No,Standard,No,13,Venmo,Annually,1,10.0,1246,0,0.4,High,-1.834818698427691,3.9804993460204496,Low,Silver
3457,42,Female,Hoodie,Clothing,53,Texas,M,Red,Fall,4.6,No,Express,No,21,Venmo,Monthly,12,1.75,1166,0,0.4,High,-0.6266891270813637,1.6486085271813655,Low,Silver
3458,64,Female,Jewelry,Accessories,87,Maryland,M,Gray,Summer,3.0,No,Express,No,29,Cash,Fortnightly,26,1.1153846153846154,2610,0,0.4,Low,0.7599094040909598,-0.7621738716168922,Medium,Platinum
3459,68,Female,Jewelry,Accessories,37,West Virginia,L,Violet,Spring,3.4,No,Standard,No,24,Venmo,Quarterly,4,6.0,925,0,0.4,Medium,-0.8949525837898912,1.0960545820089795,Low,Silver
3460,68,Female,Hoodie,Clothing,37,Ohio,L,Green,Fall,3.8,No,Express,No,21,PayPal,Annually,1,10.0,814,0,0.4,Medium,-1.2810753131100157,2.7192697649100896,Low,Silver
3461,41,Female,Scarf,Accessories,78,Indiana,M,Gold,Spring,3.1,No,Express,No,5,Bank Transfer,Bi-Weekly,26,0.19230769230769232,468,0,0.4,Medium,-0.9013207518620671,-0.8672684905106611,Low,Bronze
3462,51,Female,Shoes,Footwear,23,Wyoming,S,Maroon,Spring,4.4,No,Standard,No,47,Cash,Quarterly,4,10.0,1104,0,0.4,High,0.6970596489984262,3.5600894856503302,Medium,Silver
3463,44,Female,Jeans,Clothing,73,Michigan,L,Olive,Spring,4.5,No,Standard,No,34,Credit Card,Quarterly,4,8.5,2555,0,0.4,High,-0.20277335214279668,3.3017253423708466,Medium,Platinum
3464,27,Female,Jewelry,Accessories,27,Maine,M,Yellow,Fall,2.8,No,2-Day Shipping,No,45,PayPal,Fortnightly,26,1.7307692307692308,1242,0,0.4,Low,1.867396174726311,-0.8789596191855438,High,Silver
3465,36,Female,Coat,Outerwear,59,Utah,S,Peach,Winter,2.7,No,Next Day Air,No,12,PayPal,Annually,1,10.0,767,0,0.4,Low,-1.9040366215924007,1.177766943552984,Low,Silver
3466,19,Female,Backpack,Accessories,53,Iowa,M,Gold,Spring,3.4,No,Standard,No,31,Debit Card,Weekly,52,0.5961538461538461,1696,0,0.4,Medium,2.4450762355790108,-0.33956996307054155,High,Gold
3467,49,Female,Socks,Clothing,42,Maryland,S,Purple,Summer,4.6,No,Standard,No,43,Bank Transfer,Annually,1,10.0,1848,0,0.4,High,0.2417189965135923,3.8403627258970756,Medium,Gold
3468,18,Female,Scarf,Accessories,45,Texas,M,Charcoal,Fall,5.0,No,Next Day Air,No,5,Credit Card,Annually,1,5.0,270,0,0.4,High,-2.388562083745367,3.072573328381048,Low,Bronze
3469,36,Female,Sunglasses,Accessories,89,Ohio,S,Indigo,Winter,3.5,No,Standard,No,36,Debit Card,Quarterly,4,9.0,3293,0,0.4,Medium,-0.06433750581337783,2.0331927289380656,Medium,Platinum
3470,36,Female,Socks,Clothing,85,North Dakota,L,Magenta,Fall,3.3,No,Store Pickup,No,12,Cash,Annually,1,10.0,1105,0,0.4,Medium,-1.9040366215924007,2.018586664293223,Low,Silver
3471,19,Female,Coat,Outerwear,69,West Virginia,S,Olive,Summer,4.5,No,Free Shipping,No,31,Cash,Bi-Weekly,26,1.1923076923076923,2208,0,0.4,High,0.8983452504203787,1.3603113668184692,High,Gold
3472,43,Female,Sandals,Footwear,66,North Carolina,S,Blue,Spring,3.1,No,Store Pickup,No,31,Cash,Bi-Weekly,26,1.1923076923076923,2112,0,0.4,Medium,0.8983452504203787,-0.6016013149087567,High,Gold
3473,31,Female,Blouse,Clothing,42,Georgia,S,White,Summer,4.0,No,Free Shipping,No,15,Debit Card,Weekly,52,0.28846153846153844,672,0,0.4,Medium,1.3375894649436595,0.4195060113306508,High,Silver
3474,63,Female,Dress,Clothing,40,Kansas,M,Cyan,Spring,2.5,No,Express,No,11,Cash,Weekly,52,0.21153846153846154,480,0,0.4,Low,1.0607177722848216,-1.7029792271047102,High,Bronze
3475,41,Female,Pants,Clothing,82,Maine,M,Cyan,Winter,4.4,No,Store Pickup,No,18,Venmo,Monthly,12,1.5,1558,0,0.4,High,-0.834342896575492,1.3019184930341439,Low,Gold
3476,48,Female,Sneakers,Footwear,88,South Carolina,M,Orange,Spring,4.4,No,Express,No,9,Cash,Quarterly,4,2.25,880,0,0.4,High,-1.933221431260533,1.501168874735572,Low,Silver
3477,68,Female,Boots,Footwear,99,South Carolina,XL,Orange,Summer,3.2,No,Free Shipping,No,11,Cash,Weekly,52,0.21153846153846154,1188,0,0.4,Medium,1.0607177722848216,-0.7220228862410971,High,Silver
3478,53,Female,Handbag,Accessories,85,Kentucky,S,Teal,Spring,3.8,No,Store Pickup,No,38,Debit Card,Bi-Weekly,26,1.4615384615384615,3315,0,0.4,Medium,1.3828707125733448,0.45088080400152253,High,Platinum
3479,36,Female,Handbag,Accessories,57,Arizona,M,Magenta,Fall,4.6,No,Store Pickup,No,42,PayPal,Quarterly,4,10.0,2451,0,0.4,High,0.35097003317487885,3.8403627258970756,Medium,Platinum
3480,46,Female,Sweater,Clothing,56,New York,S,Orange,Summer,4.9,No,Standard,No,41,Cash,Monthly,12,3.4166666666666665,2352,0,0.4,High,0.7576693362128253,2.51179701355466,Medium,Platinum
3481,21,Female,Sandals,Footwear,79,New Hampshire,L,Peach,Winter,3.5,No,Free Shipping,No,45,PayPal,Monthly,12,3.75,3634,0,0.4,Medium,1.034541028871663,0.6384400570280684,High,Platinum
3482,52,Female,Socks,Clothing,67,Ohio,S,Maroon,Summer,3.4,No,Store Pickup,No,41,Debit Card,Bi-Weekly,26,1.5769230769230769,2814,0,0.4,Medium,1.5905244820674733,-0.07901177161482775,High,Platinum
3483,66,Female,Gloves,Accessories,61,Hawaii,M,Gold,Winter,3.9,No,Next Day Air,No,35,Debit Card,Weekly,52,0.6730769230769231,2196,0,0.4,Medium,2.7219479282378485,0.38154907413108674,High,Gold
3484,19,Female,Hoodie,Clothing,37,Texas,L,White,Winter,3.9,No,Express,No,21,Credit Card,Quarterly,4,5.25,814,0,0.4,Medium,-1.1026063532840196,1.5974873009244177,Low,Silver
3485,44,Female,Dress,Clothing,75,Illinois,L,Gray,Fall,4.2,No,Free Shipping,No,13,Credit Card,Bi-Weekly,26,0.5,1050,0,0.4,High,-0.3475773665443914,0.7559780771854928,Medium,Silver
3486,50,Female,Shirt,Clothing,21,Massachusetts,XL,Brown,Winter,3.4,No,Standard,No,23,Debit Card,Fortnightly,26,0.8846153846153846,504,0,0.4,Medium,0.34460186510270313,-0.2629352008776846,Medium,Bronze
3487,51,Female,Shorts,Clothing,89,North Carolina,L,Charcoal,Winter,4.9,No,Standard,No,6,PayPal,Weekly,52,0.11538461538461539,623,0,0.4,High,0.7146281564612744,1.6347547351252967,Medium,Bronze
3488,25,Female,Sandals,Footwear,24,West Virginia,L,Beige,Fall,2.9,No,Store Pickup,No,39,Bank Transfer,Annually,1,10.0,960,0,0.4,Low,-0.03515269614524541,1.45804018379973,Medium,Silver
3489,62,Female,Sweater,Clothing,27,Delaware,XL,Teal,Spring,4.9,No,Store Pickup,No,7,Cash,Quarterly,4,1.75,216,0,0.4,High,-2.071657277589952,2.0690183875514863,Low,Bronze
3490,48,Female,Dress,Clothing,26,Idaho,L,Black,Summer,4.6,No,2-Day Shipping,No,32,PayPal,Quarterly,4,8.0,858,0,0.4,High,-0.34120919847221565,3.309028374693267,Medium,Silver
3491,62,Female,Boots,Footwear,82,Oregon,M,Violet,Spring,3.6,No,Store Pickup,No,43,Credit Card,Quarterly,4,10.0,3608,0,0.4,Medium,0.4201879563395883,2.4389965246633434,Medium,Platinum
3492,22,Female,Pants,Clothing,28,Maine,M,Orange,Winter,4.3,No,Express,No,15,Cash,Monthly,12,1.25,448,0,0.4,High,-1.0419966660696203,1.0953650790102938,Low,Bronze
3493,48,Female,Gloves,Accessories,65,South Dakota,M,Turquoise,Fall,4.6,No,Standard,No,48,Bank Transfer,Annually,1,10.0,3185,0,0.4,High,0.5878086123371397,3.8403627258970756,Medium,Platinum
3494,48,Female,Pants,Clothing,82,New Mexico,XL,Black,Winter,4.7,No,Store Pickup,No,35,Credit Card,Weekly,52,0.6730769230769231,2952,0,0.4,High,2.7219479282378485,1.5026420351180734,High,Platinum
3495,62,Female,Scarf,Accessories,38,Washington,M,Silver,Winter,3.5,No,Free Shipping,No,41,PayPal,Quarterly,4,10.0,1596,0,0.4,Medium,0.2817521100101694,2.2988599045399702,Medium,Gold
3496,24,Female,Shorts,Clothing,33,Georgia,XL,Gray,Spring,2.8,No,Free Shipping,No,14,Cash,Weekly,52,0.2692307692307692,495,0,0.4,Low,1.2683715417789498,-1.2672424142960192,High,Bronze
3497,39,Female,Shoes,Footwear,38,Idaho,M,Pink,Summer,4.0,No,Free Shipping,No,22,PayPal,Monthly,12,1.8333333333333333,874,0,0.4,Medium,-0.5574712039166542,0.8299277377412848,Low,Silver
3498,35,Female,Handbag,Accessories,48,Colorado,M,Red,Spring,4.3,No,Store Pickup,No,16,Venmo,Quarterly,4,4.0,816,0,0.4,High,-1.448695969107567,1.8259498119155304,Low,Silver
3499,47,Female,Sandals,Footwear,35,Kentucky,M,Lavender,Summer,3.8,No,Standard,No,2,Bank Transfer,Bi-Weekly,26,0.07692307692307693,105,0,0.4,Medium,-1.1089745213561955,0.08303394547580889,Low,Bronze
3500,22,Female,Socks,Clothing,29,New Jersey,L,Indigo,Fall,3.0,No,Next Day Air,No,13,PayPal,Quarterly,4,3.25,406,0,0.4,Low,-1.6563497386016952,-0.1950766313897503,Low,Bronze
3501,38,Female,Shirt,Clothing,48,Oregon,S,Silver,Fall,4.6,No,Next Day Air,No,38,Debit Card,Fortnightly,26,1.4615384615384615,1872,0,0.4,High,1.3828707125733448,1.5719737649885084,High,Gold
3502,53,Female,Shoes,Footwear,87,Nebraska,M,Silver,Fall,4.8,No,Standard,No,43,Bank Transfer,Weekly,52,0.8269230769230769,3828,0,0.4,High,3.275691313555524,1.6836505284109697,High,Platinum
3503,31,Female,Backpack,Accessories,62,Massachusetts,M,Green,Fall,4.7,No,Next Day Air,No,26,Bank Transfer,Quarterly,4,6.5,1674,0,0.4,High,-0.7565167374604723,3.0506642314137844,Low,Gold
3504,31,Female,Shirt,Clothing,96,Nebraska,M,Pink,Spring,3.9,No,Free Shipping,No,39,Cash,Weekly,52,0.75,3840,0,0.4,Medium,2.998819620896686,0.4019850107158486,High,Platinum
3505,65,Female,Handbag,Accessories,41,Hawaii,S,Violet,Fall,4.0,No,Next Day Air,No,50,Venmo,Monthly,12,4.166666666666667,2091,0,0.4,Medium,1.3806306446952104,1.4498178141457283,High,Gold
3506,48,Female,Jewelry,Accessories,42,Indiana,L,Red,Winter,3.7,No,2-Day Shipping,No,40,Bank Transfer,Quarterly,4,10.0,1722,0,0.4,Medium,0.21253418684546,2.5791331447867165,Medium,Gold
3507,18,Female,Shirt,Clothing,57,Illinois,L,Olive,Winter,3.7,No,2-Day Shipping,No,12,Cash,Fortnightly,26,0.46153846153846156,741,0,0.4,Medium,-0.41679528970910085,0.0450770082762455,Medium,Silver
3508,46,Female,Handbag,Accessories,65,Colorado,S,Purple,Spring,4.2,No,Store Pickup,No,33,Credit Card,Quarterly,4,8.25,2210,0,0.4,High,-0.2719912753075062,2.814898688100251,Medium,Gold
3509,52,Female,Pants,Clothing,54,Pennsylvania,M,Gray,Fall,4.7,No,Standard,No,49,Bank Transfer,Weekly,52,0.9423076923076923,2700,0,0.4,High,3.690998852543781,1.5741678131647399,High,Platinum
3510,50,Female,T-shirt,Clothing,22,Ohio,L,Brown,Winter,4.3,No,Next Day Air,No,43,Venmo,Bi-Weekly,26,1.6538461538461537,968,0,0.4,High,1.7289603283968922,1.2026537460802935,High,Silver
3511,49,Female,Sneakers,Footwear,96,Pennsylvania,S,Orange,Fall,4.9,No,2-Day Shipping,No,14,Venmo,Monthly,12,1.1666666666666667,1440,0,0.4,High,-1.1112145892343297,1.9140458684503756,Low,Gold
3512,69,Female,Jewelry,Accessories,81,Mississippi,M,Blue,Summer,3.9,No,2-Day Shipping,No,21,Credit Card,Quarterly,4,5.25,1782,0,0.4,Medium,-1.1026063532840196,1.5974873009244177,Low,Gold
3513,36,Female,Shirt,Clothing,46,Kentucky,M,White,Fall,3.4,No,Free Shipping,No,31,Debit Card,Quarterly,4,7.75,1472,0,0.4,Medium,-0.4104271216369251,1.560972139312312,Medium,Gold
3514,30,Female,Blouse,Clothing,74,Alaska,XL,Charcoal,Spring,4.2,No,Store Pickup,No,29,Credit Card,Fortnightly,26,1.1153846153846154,2220,0,0.4,High,0.7599094040909598,0.9194655698635877,Medium,Gold
3515,25,Female,Sneakers,Footwear,50,Georgia,XL,Gray,Winter,4.7,No,Express,No,32,Cash,Monthly,12,2.6666666666666665,1650,0,0.4,High,0.13470802773044027,2.032273391606485,Medium,Gold
3516,19,Female,Dress,Clothing,80,South Dakota,XL,Charcoal,Winter,4.0,No,Next Day Air,No,16,Debit Card,Bi-Weekly,26,0.6153846153846154,1360,0,0.4,Medium,-0.13992359705026303,0.5063587418158888,Medium,Gold
3517,34,Female,Boots,Footwear,56,South Carolina,S,White,Summer,4.0,No,Free Shipping,No,38,PayPal,Bi-Weekly,26,1.4615384615384615,2184,0,0.4,Medium,1.3828707125733448,0.7311540442482694,High,Gold
3518,29,Female,Skirt,Clothing,69,Tennessee,M,Orange,Winter,3.1,No,Next Day Air,No,34,Debit Card,Quarterly,4,8.5,2415,0,0.4,Medium,-0.20277335214279668,1.3398126606436205,Medium,Platinum
3519,50,Female,Shirt,Clothing,97,Colorado,M,Black,Spring,4.2,No,Standard,No,30,PayPal,Quarterly,4,7.5,3007,0,0.4,High,-0.4796450448016345,2.6156483063988225,Medium,Platinum
3520,31,Female,Shorts,Clothing,66,Wisconsin,M,White,Winter,3.7,No,Next Day Air,No,14,Bank Transfer,Fortnightly,26,0.5384615384615384,990,0,0.4,Medium,-0.2783594433796819,0.06551294486100723,Medium,Silver
3521,41,Female,Hat,Accessories,70,Georgia,S,Brown,Spring,3.1,No,Express,No,33,Bank Transfer,Monthly,12,2.75,2380,0,0.4,Medium,0.2039259508951497,-0.18777359906732904,Medium,Platinum
3522,52,Female,Shoes,Footwear,50,Maryland,M,Pink,Winter,3.7,No,Store Pickup,No,35,Venmo,Weekly,52,0.6730769230769231,1800,0,0.4,Medium,2.7219479282378485,0.10127583388434058,High,Gold
3523,27,Female,Pants,Clothing,85,New Jersey,M,Yellow,Spring,3.2,No,Store Pickup,No,13,Cash,Quarterly,4,3.25,1190,0,0.4,Medium,-1.6563497386016952,0.08519660885699665,Low,Silver
3524,49,Female,Backpack,Accessories,59,Nevada,M,Cyan,Summer,2.8,No,Standard,No,30,Cash,Fortnightly,26,1.1538461538461537,1829,0,0.4,Low,0.8291273272556693,-1.032229143571258,High,Gold
3525,69,Female,Pants,Clothing,74,Michigan,L,Silver,Summer,2.9,No,Free Shipping,No,30,Credit Card,Monthly,12,2.5,2294,0,0.4,Low,-0.003727818598978583,-0.5344636332145518,Medium,Platinum
3526,45,Female,Sunglasses,Accessories,38,Wyoming,L,Olive,Winter,3.5,No,Standard,No,47,Bank Transfer,Annually,1,10.0,1824,0,0.4,Medium,0.5185906891724302,2.2988599045399702,Medium,Gold
3527,20,Female,Sweater,Clothing,99,Massachusetts,M,Olive,Spring,3.8,No,Express,No,1,PayPal,Quarterly,4,0.25,198,0,0.4,Medium,-2.4869648165782086,0.1290148027915231,Low,Bronze
3528,25,Female,Blouse,Clothing,97,Washington,S,Charcoal,Spring,4.7,No,Free Shipping,No,1,Cash,Weekly,52,0.019230769230769232,194,0,0.4,High,0.36853854063772706,1.3289365741475974,Medium,Bronze
3529,38,Female,Scarf,Accessories,67,Maine,L,Gray,Summer,4.5,No,Free Shipping,No,33,PayPal,Annually,1,10.0,2278,0,0.4,High,-0.4504602351335022,3.700226105773703,Medium,Gold
3530,55,Female,T-shirt,Clothing,20,Montana,S,Maroon,Winter,3.9,No,Next Day Air,No,43,Bank Transfer,Weekly,52,0.8269230769230769,880,0,0.4,Medium,3.275691313555524,0.4224209473006103,High,Silver
3531,62,Female,Sunglasses,Accessories,45,Oklahoma,L,Black,Spring,3.4,No,Express,No,37,PayPal,Weekly,52,0.7115384615384616,1710,0,0.4,Medium,2.8603837745672673,-0.30891605819339873,High,Gold
3532,54,Female,Shoes,Footwear,52,North Dakota,XL,Violet,Winter,4.6,No,2-Day Shipping,No,23,Cash,Quarterly,4,5.75,1248,0,0.4,High,-0.9641705069546007,2.7112772295889824,Low,Silver
3533,61,Female,Pants,Clothing,68,Connecticut,L,Indigo,Fall,4.6,No,Standard,No,12,Credit Card,Annually,1,10.0,884,0,0.4,High,-1.9040366215924007,3.8403627258970756,Low,Silver
3534,50,Female,Sneakers,Footwear,98,Texas,L,Yellow,Fall,4.7,No,Standard,No,30,Venmo,Fortnightly,26,1.1538461538461537,3038,0,0.4,High,0.8291273272556693,1.630366638772835,High,Platinum
3535,65,Female,Shoes,Footwear,83,Delaware,M,Gray,Fall,3.2,No,Express,No,7,Cash,Weekly,52,0.1346153846153846,664,0,0.4,Medium,0.7838460796259838,-0.7424588228258591,Medium,Silver
3536,68,Female,Shorts,Clothing,51,Mississippi,M,Red,Summer,5.0,No,Express,No,20,Debit Card,Monthly,12,1.6666666666666667,1071,0,0.4,High,-0.6959070502460731,2.1870160763747,Low,Silver
3537,55,Female,Handbag,Accessories,21,Minnesota,L,Peach,Spring,4.5,No,Express,No,10,Venmo,Monthly,12,0.8333333333333334,231,0,0.4,High,-1.3880862818931676,1.2649436627562474,Low,Bronze
3538,57,Female,Handbag,Accessories,92,Georgia,M,Gray,Spring,3.5,No,Standard,No,40,Credit Card,Quarterly,4,10.0,3772,0,0.4,Medium,0.21253418684546,2.2988599045399702,Medium,Platinum
3539,56,Female,Shoes,Footwear,63,Iowa,S,White,Spring,4.5,No,Store Pickup,No,21,Venmo,Monthly,12,1.75,1386,0,0.4,High,-0.6266891270813637,1.5084719070579928,Low,Gold
3540,29,Female,Jewelry,Accessories,56,New York,S,Green,Spring,3.2,No,Express,No,17,Credit Card,Bi-Weekly,26,0.6538461538461539,1008,0,0.4,Medium,-0.0707056738855536,-0.6045162508787163,Medium,Silver
3541,24,Female,Shorts,Clothing,95,Nevada,M,Magenta,Spring,4.6,No,Free Shipping,No,5,Bank Transfer,Weekly,52,0.09615384615384616,570,0,0.4,High,0.6454102332965648,1.2092358906089853,Medium,Bronze
3542,59,Female,Blouse,Clothing,66,Virginia,M,Olive,Winter,4.0,No,Next Day Air,No,22,PayPal,Annually,1,10.0,1518,0,0.4,Medium,-1.211857389945306,2.9995430051568364,Low,Gold
3543,62,Female,Coat,Outerwear,28,Idaho,S,Olive,Spring,4.2,No,Express,No,5,Venmo,Weekly,52,0.09615384615384616,168,0,0.4,High,0.6454102332965648,0.648689410115493,Medium,Bronze
3544,58,Female,Hat,Accessories,83,Colorado,M,Blue,Winter,4.1,No,Standard,No,18,PayPal,Quarterly,4,4.5,1577,0,0.4,High,-1.310260122778148,1.6785101594697358,Low,Gold
3545,64,Female,Socks,Clothing,55,Wisconsin,XL,Charcoal,Fall,3.6,No,2-Day Shipping,No,42,Cash,Quarterly,4,10.0,2365,0,0.4,Medium,0.35097003317487885,2.4389965246633434,Medium,Platinum
3546,48,Female,Sandals,Footwear,28,Connecticut,M,Yellow,Spring,3.7,No,2-Day Shipping,No,22,Debit Card,Annually,1,10.0,644,0,0.4,Medium,-1.211857389945306,2.5791331447867165,Low,Bronze
3547,60,Female,Scarf,Accessories,79,Kansas,M,Violet,Summer,3.6,No,Free Shipping,No,37,Bank Transfer,Bi-Weekly,26,1.4230769230769231,3002,0,0.4,Medium,1.3136527894086354,0.16038959546239528,High,Platinum
3548,52,Female,Scarf,Accessories,31,Pennsylvania,L,Magenta,Summer,3.8,No,Standard,No,23,Credit Card,Annually,1,10.0,744,0,0.4,Medium,-1.1426394667805966,2.7192697649100896,Low,Silver
3549,63,Female,Blouse,Clothing,37,Utah,M,Red,Fall,3.0,No,Standard,No,47,Debit Card,Fortnightly,26,1.8076923076923077,1776,0,0.4,Low,2.00583202105573,-0.5782504423540353,High,Gold
3550,44,Female,T-shirt,Clothing,34,Oregon,M,Cyan,Summer,3.4,No,2-Day Shipping,No,11,Bank Transfer,Fortnightly,26,0.4230769230769231,408,0,0.4,Medium,-0.4860132128738103,-0.3855508203862559,Low,Bronze
3551,63,Female,Shoes,Footwear,74,West Virginia,S,Orange,Winter,4.8,No,Standard,No,32,Cash,Weekly,52,0.6153846153846154,2442,0,0.4,High,2.51429415874372,1.6274517028028748,High,Platinum
3552,66,Female,Gloves,Accessories,31,Montana,L,Black,Spring,2.6,No,Store Pickup,No,20,Venmo,Weekly,52,0.38461538461538464,651,0,0.4,Low,1.6836790807672066,-1.516861749665623,High,Bronze
3553,22,Female,Sunglasses,Accessories,66,Kentucky,M,Blue,Winter,2.9,No,Next Day Air,No,3,PayPal,Quarterly,4,0.75,264,0,0.4,Low,-2.3485289702487897,-0.9993811905178842,Low,Bronze
3554,62,Female,Shoes,Footwear,99,Minnesota,M,Charcoal,Spring,4.9,No,Free Shipping,No,32,Bank Transfer,Weekly,52,0.6153846153846154,3267,0,0.4,High,2.51429415874372,1.7675883229262488,High,Platinum
3555,39,Female,Dress,Clothing,55,Louisiana,M,Indigo,Spring,5.0,No,Free Shipping,No,5,Credit Card,Fortnightly,26,0.19230769230769232,330,0,0.4,High,-0.9013207518620671,1.7953272918334313,Low,Bronze
3556,25,Female,Blouse,Clothing,23,Delaware,L,Silver,Spring,4.6,No,Next Day Air,No,45,Cash,Quarterly,4,10.0,1058,0,0.4,High,0.5586238026690071,3.8403627258970756,Medium,Silver
3557,70,Female,Sweater,Clothing,88,Arizona,M,Brown,Fall,4.2,No,Express,No,43,Cash,Bi-Weekly,26,1.6538461538461537,3872,0,0.4,High,1.7289603283968922,1.0625171259569206,High,Platinum
3558,52,Female,Jacket,Outerwear,26,Nevada,M,Peach,Summer,4.9,No,Next Day Air,No,1,PayPal,Quarterly,4,0.25,52,0,0.4,High,-2.4869648165782086,1.67051762414863,Low,Bronze
3559,68,Female,Backpack,Accessories,94,Alaska,L,Magenta,Summer,4.8,No,Standard,No,9,Venmo,Quarterly,4,2.25,940,0,0.4,High,-1.933221431260533,2.0617153552290644,Low,Silver
3560,18,Female,Shorts,Clothing,25,Utah,M,Beige,Fall,3.0,No,Next Day Air,No,13,Venmo,Quarterly,4,3.25,350,0,0.4,Low,-1.6563497386016952,-0.1950766313897503,Low,Bronze
3561,18,Female,Socks,Clothing,96,Kansas,XL,Violet,Fall,3.5,No,Express,No,5,Credit Card,Annually,1,5.0,576,0,0.4,Medium,-2.388562083745367,0.9705240265304487,Low,Bronze
3562,63,Female,Sneakers,Footwear,29,North Carolina,L,Black,Spring,3.4,No,Standard,No,39,Credit Card,Fortnightly,26,1.5,1160,0,0.4,Medium,1.4520886357380545,-0.0994477081995897,High,Silver
3563,47,Female,Sneakers,Footwear,36,Maryland,M,Cyan,Winter,3.4,No,Free Shipping,No,7,Bank Transfer,Weekly,52,0.1346153846153846,288,0,0.4,Medium,0.7838460796259838,-0.4621855825791128,Medium,Bronze
3564,43,Female,Blouse,Clothing,90,Maine,M,Green,Summer,4.9,No,Standard,No,8,Credit Card,Quarterly,4,2.0,810,0,0.4,High,-2.0024393544252423,2.1354351814519625,Low,Silver
3565,60,Female,Gloves,Accessories,38,Illinois,S,Brown,Summer,4.4,No,Free Shipping,No,40,Venmo,Annually,1,10.0,1558,0,0.4,High,0.03406522701946402,3.5600894856503302,Medium,Gold
3566,49,Female,Handbag,Accessories,52,Pennsylvania,S,Gray,Spring,4.2,No,Store Pickup,No,35,PayPal,Monthly,12,2.9166666666666665,1872,0,0.4,High,0.34236179722456866,1.3980070848900947,Medium,Gold
3567,28,Female,Jeans,Clothing,88,Alaska,S,Orange,Spring,3.1,No,Next Day Air,No,14,Venmo,Monthly,12,1.1666666666666667,1320,0,0.4,Medium,-1.1112145892343297,-0.6084132937703441,Low,Silver
3568,32,Female,Scarf,Accessories,56,New Mexico,S,Silver,Summer,4.0,No,Next Day Air,No,26,Credit Card,Monthly,12,2.1666666666666665,1512,0,0.4,Medium,-0.2805995112578164,0.9184834629419196,Medium,Gold
3569,29,Female,Sandals,Footwear,71,Arkansas,M,Purple,Spring,4.8,No,Next Day Air,No,14,PayPal,Quarterly,4,3.5,1065,0,0.4,High,-1.5871318154369858,2.393799324731445,Low,Silver
3570,35,Female,Sandals,Footwear,94,Alaska,M,Olive,Fall,3.3,No,Express,No,9,Bank Transfer,Fortnightly,26,0.34615384615384615,940,0,0.4,Medium,-0.6244490592032291,-0.546123377094391,Low,Silver
3571,23,Female,Dress,Clothing,97,Louisiana,XL,Teal,Winter,4.7,No,Standard,No,32,Debit Card,Annually,1,10.0,3201,0,0.4,High,-0.5196781582982116,3.9804993460204496,Low,Platinum
3572,70,Female,Skirt,Clothing,27,North Dakota,M,White,Summer,3.2,No,Standard,No,15,Bank Transfer,Quarterly,4,3.75,432,0,0.4,Medium,-1.5179138922722761,0.21803019665794876,Low,Bronze
3573,23,Female,Shorts,Clothing,28,Rhode Island,M,Black,Spring,5.0,No,Standard,No,25,Credit Card,Monthly,12,2.0833333333333335,728,0,0.4,High,-0.34981743442252583,2.297710732875494,Medium,Silver
3574,43,Female,Jeans,Clothing,67,Connecticut,L,Maroon,Fall,4.9,No,Free Shipping,No,27,PayPal,Monthly,12,2.25,1876,0,0.4,High,-0.21138158809310695,2.2018519753524384,Medium,Gold
3575,29,Female,Socks,Clothing,70,New York,M,Cyan,Fall,4.9,No,Express,No,39,Bank Transfer,Quarterly,4,9.75,2800,0,0.4,High,0.14331626368075057,4.1943557923667205,Medium,Platinum
3576,61,Female,Coat,Outerwear,95,Kentucky,M,Violet,Fall,3.7,No,Express,No,49,Venmo,Bi-Weekly,26,1.8846153846153846,4750,0,0.4,Medium,2.1442678673851487,0.4231418350943399,High,Platinum
3577,29,Female,Boots,Footwear,24,Maine,L,Yellow,Spring,3.0,No,Express,No,12,Venmo,Bi-Weekly,26,0.46153846153846156,312,0,0.4,Low,-0.41679528970910085,-0.9358793325873678,Medium,Bronze
3578,66,Female,Belt,Accessories,35,Missouri,S,Yellow,Winter,2.6,No,Standard,No,13,Bank Transfer,Weekly,52,0.25,490,0,0.4,Low,1.1991536186142404,-1.5526246386889562,High,Bronze
3579,46,Female,Shoes,Footwear,22,Georgia,L,Olive,Winter,2.6,No,Standard,No,22,Bank Transfer,Quarterly,4,5.5,506,0,0.4,Low,-1.0333884301193101,-0.15787196677895876,Low,Bronze
3580,34,Female,Scarf,Accessories,66,Arizona,L,Olive,Fall,4.8,No,Standard,No,19,Credit Card,Quarterly,4,4.75,1320,0,0.4,High,-1.2410421996134384,2.7258832942338254,Low,Silver
3581,51,Female,Blouse,Clothing,83,New Hampshire,M,Magenta,Summer,3.2,No,2-Day Shipping,No,3,Cash,Bi-Weekly,26,0.11538461538461539,332,0,0.4,Medium,-1.0397565981914858,-0.7475678069720493,Low,Bronze
3582,26,Female,Dress,Clothing,95,Georgia,M,Orange,Fall,4.9,No,Next Day Air,No,50,Credit Card,Weekly,52,0.9615384615384616,4845,0,0.4,High,3.76021677570849,1.8595500375576774,High,Platinum
3583,23,Female,Shorts,Clothing,41,California,S,Beige,Summer,3.4,No,2-Day Shipping,No,15,PayPal,Annually,1,10.0,656,0,0.4,Medium,-1.6963828520982722,2.1587232844165967,Low,Bronze
3584,52,Female,Blouse,Clothing,77,Arizona,L,Brown,Summer,2.7,No,Store Pickup,No,44,Credit Card,Quarterly,4,10.0,3465,0,0.4,Low,0.4894058795042977,1.177766943552984,Medium,Platinum
3585,39,Female,Sneakers,Footwear,52,Florida,L,Indigo,Fall,4.8,No,Express,No,48,Debit Card,Monthly,12,4.0,2548,0,0.4,High,1.2421947983657915,2.526632912532397,High,Platinum
3586,39,Female,Gloves,Accessories,41,New York,XL,Gray,Winter,4.1,No,Standard,No,4,Venmo,Bi-Weekly,26,0.15384615384615385,205,0,0.4,High,-0.9705386750267765,0.5238797424306902,Low,Bronze
3587,33,Female,Hoodie,Clothing,28,Idaho,M,Yellow,Winter,4.6,No,Store Pickup,No,12,PayPal,Bi-Weekly,26,0.46153846153846156,364,0,0.4,High,-0.41679528970910085,1.3063065893866042,Medium,Bronze
3588,33,Female,Sweater,Clothing,90,Virginia,S,Violet,Summer,4.4,No,Standard,No,33,Debit Card,Annually,1,10.0,3060,0,0.4,High,-0.4504602351335022,3.5600894856503302,Medium,Platinum
3589,23,Female,Sunglasses,Accessories,55,Michigan,M,Magenta,Spring,3.5,No,2-Day Shipping,No,40,Cash,Annually,1,10.0,2255,0,0.4,Medium,0.03406522701946402,2.2988599045399702,Medium,Gold
3590,31,Female,Belt,Accessories,73,New Hampshire,M,Blue,Spring,4.8,No,Next Day Air,No,38,Cash,Quarterly,4,9.5,2847,0,0.4,High,0.07409834051604103,3.98780237834287,Medium,Platinum
3591,27,Female,Dress,Clothing,87,South Dakota,M,Gray,Fall,2.9,No,2-Day Shipping,No,19,Venmo,Quarterly,4,4.75,1740,0,0.4,Low,-1.2410421996134384,0.0632875118897327,Low,Gold
3592,48,Female,Jacket,Outerwear,89,South Dakota,M,Gold,Winter,3.2,No,2-Day Shipping,No,38,Bank Transfer,Quarterly,4,9.5,3471,0,0.4,Medium,0.07409834051604103,1.7456164563688983,Medium,Platinum
3593,61,Female,Boots,Footwear,82,New Jersey,L,Lavender,Spring,4.4,No,2-Day Shipping,No,18,Venmo,Fortnightly,26,0.6923076923076923,1558,0,0.4,High,-0.001487750720844172,1.0873411588941444,Medium,Gold
3594,63,Female,Sandals,Footwear,80,Wyoming,M,Black,Spring,4.6,No,Next Day Air,No,24,PayPal,Monthly,12,2.0,2000,0,0.4,High,-0.4190353575872353,1.7150253210818414,Medium,Gold
3595,19,Female,Scarf,Accessories,87,Alabama,L,Charcoal,Summer,2.6,No,2-Day Shipping,No,29,Venmo,Quarterly,4,7.25,2610,0,0.4,Low,-0.5488629679663439,0.30704559052437375,Low,Platinum
3596,21,Female,Blouse,Clothing,41,South Dakota,M,Violet,Spring,3.1,No,Store Pickup,No,14,PayPal,Annually,1,10.0,615,0,0.4,Medium,-1.7656007752629816,1.7383134240464768,Low,Bronze
3597,28,Female,Hoodie,Clothing,83,South Carolina,M,Charcoal,Spring,4.3,No,Standard,No,44,Cash,Fortnightly,26,1.6923076923076923,3735,0,0.4,High,1.7981782515616014,1.2128717143726746,High,Platinum
3598,29,Female,Sunglasses,Accessories,71,New Mexico,M,Maroon,Summer,3.1,No,Standard,No,18,Bank Transfer,Quarterly,4,4.5,1349,0,0.4,Medium,-1.310260122778148,0.27714395823600346,Low,Gold
3599,23,Female,Hoodie,Clothing,76,Connecticut,XL,Purple,Spring,4.6,No,Store Pickup,No,19,Bank Transfer,Bi-Weekly,26,0.7307692307692307,1520,0,0.4,High,0.06773017244386531,1.3778323674332706,Medium,Gold
3600,37,Female,Scarf,Accessories,34,Kansas,S,Peach,Spring,4.6,No,Express,No,4,Cash,Weekly,52,0.07692307692307693,170,0,0.4,High,0.5761923101318553,1.2041269064627949,Medium,Bronze
3601,67,Female,Dress,Clothing,81,South Carolina,XL,Olive,Spring,2.7,No,Free Shipping,No,25,Cash,Bi-Weekly,26,0.9615384615384616,2106,0,0.4,Low,0.48303771143212204,-1.223455605156535,Medium,Gold
3602,34,Female,T-shirt,Clothing,47,North Carolina,M,Indigo,Summer,3.0,No,Next Day Air,No,3,PayPal,Monthly,12,0.25,188,0,0.4,Low,-1.8726117440461338,-0.9920781581954632,Low,Bronze
3603,58,Female,Skirt,Clothing,36,Wyoming,S,Magenta,Summer,3.3,No,Store Pickup,No,40,Debit Card,Quarterly,4,10.0,1476,0,0.4,Medium,0.21253418684546,2.018586664293223,Medium,Gold
3604,45,Female,Jeans,Clothing,51,Louisiana,M,Gold,Spring,2.7,No,Free Shipping,No,5,Cash,Weekly,52,0.09615384615384616,306,0,0.4,Low,0.6454102332965648,-1.453359891735106,Medium,Bronze
3605,63,Female,Hoodie,Clothing,86,Louisiana,M,Orange,Fall,3.3,No,Standard,No,17,Debit Card,Annually,1,10.0,1548,0,0.4,Medium,-1.5579470057688534,2.018586664293223,Low,Gold
3606,68,Female,Jeans,Clothing,41,Alabama,M,Gold,Fall,4.3,No,Store Pickup,No,36,Bank Transfer,Quarterly,4,9.0,1517,0,0.4,High,-0.06433750581337783,3.1542856899250515,Medium,Gold
3607,41,Female,Sandals,Footwear,90,Minnesota,XL,Purple,Fall,4.8,No,Express,No,41,Venmo,Annually,1,10.0,3780,0,0.4,High,0.10328315018417344,4.120635966143823,Medium,Platinum
3608,50,Female,Hat,Accessories,93,New Mexico,L,Charcoal,Fall,3.3,No,Standard,No,20,Venmo,Bi-Weekly,26,0.7692307692307693,1953,0,0.4,Medium,0.1369480956085748,-0.4337257258782008,Medium,Gold
3609,24,Female,Gloves,Accessories,56,Tennessee,M,Cyan,Fall,4.3,No,Next Day Air,No,2,Cash,Quarterly,4,0.5,168,0,0.4,High,-2.417746893413499,0.8961146973088656,Low,Bronze
3610,21,Female,Socks,Clothing,39,New Mexico,M,Cyan,Summer,3.0,No,2-Day Shipping,No,31,Debit Card,Monthly,12,2.5833333333333335,1248,0,0.4,Low,0.06549010456573084,-0.3721880817910197,Medium,Silver
3611,18,Female,Jacket,Outerwear,86,Texas,XL,Green,Fall,4.8,No,2-Day Shipping,No,23,Bank Transfer,Fortnightly,26,0.8846153846153846,2064,0,0.4,High,0.34460186510270313,1.6989774808495413,Medium,Gold
3612,63,Female,T-shirt,Clothing,82,Washington,M,Silver,Spring,2.9,No,Standard,No,30,Credit Card,Annually,1,10.0,2542,0,0.4,Low,-0.6581140046276305,1.45804018379973,Low,Platinum
3613,47,Female,Sandals,Footwear,29,Michigan,M,Teal,Summer,3.6,No,Standard,No,26,Cash,Quarterly,4,6.5,783,0,0.4,Medium,-0.7565167374604723,1.5091614100566784,Low,Silver
3614,58,Female,Hat,Accessories,27,Minnesota,M,Magenta,Fall,3.5,No,Store Pickup,No,40,Venmo,Annually,1,10.0,1107,0,0.4,Medium,0.03406522701946402,2.2988599045399702,Medium,Silver
3615,46,Female,Gloves,Accessories,25,Delaware,L,Maroon,Spring,4.7,No,2-Day Shipping,No,19,Bank Transfer,Annually,1,10.0,500,0,0.4,High,-1.4195111594394345,3.9804993460204496,Low,Bronze
3616,35,Female,Dress,Clothing,31,California,M,Gold,Winter,4.4,No,Free Shipping,No,4,Credit Card,Monthly,12,0.3333333333333333,155,0,0.4,High,-1.8033938208814244,0.9919734548319222,Low,Bronze
3617,42,Female,Hoodie,Clothing,23,Wisconsin,L,Purple,Winter,3.3,No,Store Pickup,No,33,Debit Card,Fortnightly,26,1.2692307692307692,782,0,0.4,Medium,1.0367810967497975,-0.3008921380772487,High,Silver
3618,48,Female,Belt,Accessories,47,Kentucky,M,Lavender,Fall,4.3,No,Express,No,29,Debit Card,Monthly,12,2.4166666666666665,1410,0,0.4,High,-0.07294574176368807,1.4053101172125153,Medium,Gold
3619,28,Female,Gloves,Accessories,67,Nevada,M,Maroon,Fall,4.0,No,2-Day Shipping,No,47,PayPal,Bi-Weekly,26,1.8076923076923077,3216,0,0.4,Medium,2.00583202105573,0.8231157588796976,High,Platinum
3620,44,Female,Scarf,Accessories,75,North Carolina,S,Magenta,Winter,4.9,No,2-Day Shipping,No,50,Venmo,Weekly,52,0.9615384615384616,3825,0,0.4,High,3.76021677570849,1.8595500375576774,High,Platinum
3621,60,Female,Sandals,Footwear,82,Louisiana,M,Turquoise,Summer,2.9,No,Express,No,28,Credit Card,Fortnightly,26,1.0769230769230769,2378,0,0.4,Low,0.6906914809262503,-0.9125284600326464,Medium,Platinum
3622,38,Female,Sneakers,Footwear,32,New Jersey,XL,Silver,Summer,4.0,No,2-Day Shipping,No,5,Cash,Fortnightly,26,0.19230769230769232,192,0,0.4,Medium,-0.9013207518620671,0.3939610905996984,Low,Bronze
3623,46,Female,Dress,Clothing,41,Wisconsin,M,Purple,Fall,4.3,No,Store Pickup,No,12,Credit Card,Annually,1,10.0,533,0,0.4,High,-1.9040366215924007,3.419952865526956,Low,Bronze
3624,39,Female,Jewelry,Accessories,89,Arkansas,M,Violet,Winter,2.7,No,2-Day Shipping,No,4,PayPal,Weekly,52,0.07692307692307693,445,0,0.4,Low,0.5761923101318553,-1.4584688758812967,Medium,Bronze
3625,22,Female,Hat,Accessories,82,Texas,XL,Peach,Fall,5.0,No,Store Pickup,No,22,Bank Transfer,Bi-Weekly,26,0.8461538461538461,1886,0,0.4,High,0.27538394193799365,1.969032752803907,Medium,Gold
3626,44,Female,Scarf,Accessories,99,Illinois,L,Green,Winter,4.4,No,Express,No,32,PayPal,Weekly,52,0.6153846153846154,3267,0,0.4,High,2.51429415874372,1.0669052223093825,High,Platinum
3627,69,Female,Blouse,Clothing,98,Mississippi,L,Teal,Fall,3.5,No,Express,No,32,Venmo,Quarterly,4,8.0,3234,0,0.4,Medium,-0.34120919847221565,1.7675255533361613,Medium,Platinum
3628,39,Female,Belt,Accessories,54,Delaware,M,Silver,Winter,3.3,No,Next Day Air,No,48,Cash,Quarterly,4,10.0,2646,0,0.4,Medium,0.7662775721631356,2.018586664293223,Medium,Platinum
3629,53,Female,Blouse,Clothing,88,Georgia,L,Purple,Summer,3.8,No,Free Shipping,No,35,Credit Card,Monthly,12,2.9166666666666665,3168,0,0.4,Medium,0.34236179722456866,0.8374606043966011,Medium,Platinum
3630,52,Female,T-shirt,Clothing,43,Kansas,L,Lavender,Summer,4.5,No,Standard,No,44,Debit Card,Fortnightly,26,1.6923076923076923,1935,0,0.4,High,1.7981782515616014,1.4931449546194213,High,Gold
3631,65,Female,Hat,Accessories,73,Oklahoma,M,Lavender,Winter,4.8,No,Store Pickup,No,29,Cash,Weekly,52,0.5576923076923077,2190,0,0.4,High,2.3066403892495915,1.6121247503643032,High,Gold
3632,48,Female,Hat,Accessories,50,New Jersey,M,Peach,Fall,2.9,No,Store Pickup,No,26,Credit Card,Monthly,12,2.1666666666666665,1350,0,0.4,Low,-0.2805995112578164,-0.6230193584151866,Medium,Gold
3633,27,Female,Sneakers,Footwear,73,Utah,L,Green,Spring,3.2,No,Express,No,3,Debit Card,Quarterly,4,0.75,292,0,0.4,Medium,-2.3485289702487897,-0.5789713301477639,Low,Bronze
3634,39,Female,Gloves,Accessories,51,Montana,M,Orange,Spring,2.8,No,Free Shipping,No,1,Bank Transfer,Bi-Weekly,26,0.038461538461538464,102,0,0.4,Low,-1.1781924445209047,-1.3285502240503049,Low,Bronze
3635,59,Female,Socks,Clothing,22,Ohio,M,Pink,Winter,3.3,No,Standard,No,17,PayPal,Annually,1,10.0,396,0,0.4,Medium,-1.5579470057688534,2.018586664293223,Low,Bronze
3636,52,Female,Sandals,Footwear,32,Colorado,L,Cyan,Fall,3.3,No,Free Shipping,No,17,Credit Card,Fortnightly,26,0.6538461538461539,576,0,0.4,Medium,-0.0707056738855536,-0.4643796307553436,Medium,Bronze
3637,50,Female,Sandals,Footwear,38,California,L,Lavender,Summer,4.2,No,2-Day Shipping,No,36,Cash,Weekly,52,0.6923076923076923,1406,0,0.4,High,2.7911658514025577,0.8070679186473975,High,Gold
3638,32,Female,Boots,Footwear,66,Utah,L,Yellow,Winter,3.6,No,Express,No,32,Credit Card,Fortnightly,26,1.2307692307692308,2178,0,0.4,Medium,0.9675631735850881,0.10929975400049063,High,Gold
3639,40,Female,Backpack,Accessories,20,Kansas,M,Olive,Spring,4.6,No,Express,No,50,PayPal,Bi-Weekly,26,1.9230769230769231,1020,0,0.4,High,2.2134857905498584,1.6945893844970796,High,Silver
3640,26,Female,Coat,Outerwear,44,Illinois,M,Brown,Summer,3.6,No,2-Day Shipping,No,39,Venmo,Annually,1,10.0,1760,0,0.4,Medium,-0.03515269614524541,2.4389965246633434,Medium,Gold
3641,47,Female,Sunglasses,Accessories,31,Minnesota,L,Pink,Spring,4.0,No,Next Day Air,No,17,PayPal,Monthly,12,1.4166666666666667,558,0,0.4,Medium,-0.9035608197402014,0.7192330812404915,Low,Bronze
3642,51,Female,Jacket,Outerwear,45,New York,M,Cyan,Fall,2.7,No,Free Shipping,No,39,Bank Transfer,Quarterly,4,9.75,1800,0,0.4,Low,0.14331626368075057,1.111350149652508,Medium,Gold
3643,47,Female,Dress,Clothing,71,Arizona,L,Maroon,Summer,4.4,No,Store Pickup,No,5,PayPal,Annually,1,5.0,426,0,0.4,High,-2.388562083745367,2.2317536076408087,Low,Bronze
3644,53,Female,Scarf,Accessories,96,Tennessee,XL,Magenta,Fall,3.2,No,Standard,No,47,Debit Card,Annually,1,10.0,4608,0,0.4,Medium,0.5185906891724302,1.8784500441698504,Medium,Platinum
3645,35,Female,Blouse,Clothing,32,Arkansas,M,Violet,Winter,2.6,No,Next Day Air,No,18,Venmo,Weekly,52,0.34615384615384615,608,0,0.4,Low,1.5452432344377875,-1.5270797179580038,High,Bronze
3646,38,Female,Backpack,Accessories,90,Colorado,L,Silver,Summer,3.4,No,Free Shipping,No,31,Credit Card,Quarterly,4,7.75,2880,0,0.4,Medium,-0.4104271216369251,1.560972139312312,Medium,Platinum
3647,69,Female,Jewelry,Accessories,68,Nevada,M,Maroon,Spring,5.0,No,2-Day Shipping,No,39,Debit Card,Fortnightly,26,1.5,2720,0,0.4,High,1.4520886357380545,2.142738213774383,High,Platinum
3648,47,Female,Shorts,Clothing,45,Kansas,M,Gray,Winter,2.9,No,Store Pickup,No,12,Bank Transfer,Weekly,52,0.23076923076923078,585,0,0.4,Low,1.129935695449531,-1.137323762465027,High,Bronze
3649,31,Female,Skirt,Clothing,67,New York,M,White,Winter,5.0,No,Free Shipping,No,45,Cash,Bi-Weekly,26,1.7307692307692308,3082,0,0.4,High,1.867396174726311,2.2040460235286687,High,Platinum
3650,68,Female,Skirt,Clothing,57,Minnesota,M,Brown,Fall,4.4,No,Standard,No,33,Credit Card,Fortnightly,26,1.2692307692307692,1938,0,0.4,High,1.0367810967497975,1.2406106832798582,High,Gold
3651,51,Female,Jeans,Clothing,60,Ohio,M,Silver,Summer,3.5,No,2-Day Shipping,No,3,PayPal,Annually,1,3.0,240,0,0.4,Medium,-2.526997930074786,0.4391896753266402,Low,Bronze
3652,20,Female,Handbag,Accessories,32,Arizona,M,Yellow,Spring,3.8,No,Express,No,5,Venmo,Quarterly,4,1.25,192,0,0.4,Medium,-2.210093123919371,0.39468197839342734,Low,Bronze
3653,27,Female,Handbag,Accessories,29,Kentucky,S,Magenta,Fall,3.8,No,Store Pickup,No,23,Debit Card,Monthly,12,1.9166666666666667,696,0,0.4,Medium,-0.48825328075194474,0.5717934287946969,Low,Silver
3654,67,Female,Coat,Outerwear,20,Minnesota,M,Blue,Spring,3.9,No,Next Day Air,No,39,Credit Card,Fortnightly,26,1.5,800,0,0.4,Medium,1.4520886357380545,0.6012353924172767,High,Silver
3655,21,Female,Jewelry,Accessories,98,Arkansas,M,Green,Winter,3.3,No,Next Day Air,No,10,Credit Card,Annually,1,10.0,1078,0,0.4,Medium,-2.0424724679218196,2.018586664293223,Low,Silver
3656,20,Female,Sweater,Clothing,27,Wyoming,M,Yellow,Fall,2.9,No,Next Day Air,No,4,Credit Card,Bi-Weekly,26,0.15384615384615385,135,0,0.4,Low,-0.9705386750267765,-1.1577596990497887,Low,Bronze
3657,35,Female,Jacket,Outerwear,67,North Dakota,XL,Cyan,Spring,3.7,No,2-Day Shipping,No,18,Credit Card,Monthly,12,1.5,1273,0,0.4,Medium,-0.834342896575492,0.3209621521705306,Low,Silver
3658,58,Female,Shoes,Footwear,82,Alabama,L,Gold,Winter,3.7,No,Express,No,1,Debit Card,Quarterly,4,0.25,164,0,0.4,Medium,-2.4869648165782086,-0.011121817331849693,Low,Bronze
3659,28,Female,T-shirt,Clothing,72,Mississippi,M,Magenta,Fall,4.6,No,Standard,No,18,PayPal,Fortnightly,26,0.6923076923076923,1368,0,0.4,High,-0.001487750720844172,1.3676143991408898,Medium,Gold
3660,27,Female,Sandals,Footwear,77,Illinois,S,Gray,Fall,4.9,No,Store Pickup,No,46,Bank Transfer,Annually,1,10.0,3619,0,0.4,High,0.4493727660077206,4.260772586267197,Medium,Platinum
3661,19,Female,Shoes,Footwear,74,Arkansas,L,Indigo,Winter,3.1,No,2-Day Shipping,No,13,Bank Transfer,Fortnightly,26,0.5,1036,0,0.4,Medium,-0.3475773665443914,-0.7855247441716136,Medium,Silver
3662,63,Female,Sandals,Footwear,39,Kansas,S,White,Winter,3.5,No,Next Day Air,No,5,Credit Card,Fortnightly,26,0.19230769230769232,234,0,0.4,Medium,-0.9013207518620671,-0.3067220100171679,Low,Bronze
3663,69,Female,Shorts,Clothing,80,Rhode Island,M,Indigo,Spring,4.9,No,Next Day Air,No,11,Debit Card,Weekly,52,0.21153846153846154,960,0,0.4,High,1.0607177722848216,1.660299655856249,High,Silver
3664,65,Female,Backpack,Accessories,59,Florida,M,Green,Summer,4.4,No,Express,No,49,Credit Card,Weekly,52,0.9423076923076923,2950,0,0.4,High,3.690998852543781,1.1537579527946202,High,Platinum
3665,63,Female,Jacket,Outerwear,68,Missouri,M,Turquoise,Fall,4.4,No,Store Pickup,No,1,Debit Card,Fortnightly,26,0.038461538461538464,136,0,0.4,High,-1.1781924445209047,0.9136356979236684,Low,Bronze
3666,28,Female,Socks,Clothing,77,North Carolina,M,Peach,Fall,3.4,No,Next Day Air,No,11,Credit Card,Quarterly,4,2.75,924,0,0.4,Medium,-1.794785584931114,0.2326362613027907,Low,Silver
3667,67,Female,Jewelry,Accessories,50,Alabama,M,Olive,Winter,3.0,No,2-Day Shipping,No,47,Cash,Quarterly,4,10.0,2400,0,0.4,Low,0.6970596489984262,1.5981768039231035,Medium,Platinum
3668,51,Female,Pants,Clothing,45,Washington,L,Cyan,Fall,2.6,No,Next Day Air,No,20,Venmo,Monthly,12,1.6666666666666667,945,0,0.4,Low,-0.6959070502460731,-1.1762628065862586,Low,Silver
3669,59,Female,Blouse,Clothing,71,Michigan,XL,Magenta,Summer,3.2,No,Store Pickup,No,18,Venmo,Annually,1,10.0,1349,0,0.4,Medium,-1.488729082604144,1.8784500441698504,Low,Gold
3670,25,Female,Socks,Clothing,52,Washington,S,Silver,Fall,4.6,No,Store Pickup,No,43,PayPal,Quarterly,4,10.0,2288,0,0.4,High,0.4201879563395883,3.8403627258970756,Medium,Platinum
3671,31,Female,Shoes,Footwear,50,Vermont,S,White,Winter,3.8,No,Free Shipping,No,4,PayPal,Quarterly,4,1.0,250,0,0.4,Medium,-2.2793110470840805,0.3282651844929513,Low,Bronze
3672,62,Female,Handbag,Accessories,66,Illinois,L,Pink,Summer,4.8,No,2-Day Shipping,No,20,Venmo,Quarterly,4,5.0,1386,0,0.4,High,-1.171824276448729,2.792300088134301,Low,Gold
3673,51,Female,Sandals,Footwear,81,New York,S,Pink,Fall,4.5,No,Free Shipping,No,7,PayPal,Monthly,12,0.5833333333333334,648,0,0.4,High,-1.595740051387296,1.198526868855771,Low,Bronze
3674,32,Female,Socks,Clothing,28,Rhode Island,M,Pink,Summer,4.2,No,2-Day Shipping,No,31,Bank Transfer,Fortnightly,26,1.1923076923076923,896,0,0.4,High,0.8983452504203787,0.9399015064483497,High,Silver
3675,35,Female,Handbag,Accessories,65,Washington,M,Blue,Winter,2.7,No,2-Day Shipping,No,41,Venmo,Fortnightly,26,1.5769230769230769,2730,0,0.4,Low,1.5905244820674733,-1.0599681124784404,High,Platinum
3676,70,Female,Hat,Accessories,80,Virginia,M,White,Winter,4.5,No,Express,No,3,Bank Transfer,Monthly,12,0.25,320,0,0.4,High,-1.8726117440461338,1.1099711436551365,Low,Bronze
3677,19,Female,Jewelry,Accessories,94,Wisconsin,S,Teal,Spring,4.9,No,Free Shipping,No,16,PayPal,Monthly,12,1.3333333333333333,1598,0,0.4,High,-0.9727787429049108,1.958323731050693,Low,Gold
3678,32,Female,Backpack,Accessories,30,Michigan,M,Gray,Fall,2.8,No,Standard,No,43,Cash,Annually,1,10.0,1320,0,0.4,Low,0.2417189965135923,1.3179035636763567,Medium,Silver
3679,56,Female,Shirt,Clothing,45,Texas,S,Beige,Fall,3.5,No,Standard,No,29,Bank Transfer,Fortnightly,26,1.1153846153846154,1350,0,0.4,Medium,0.7599094040909598,-0.061490771000025646,Medium,Gold
3680,53,Female,Coat,Outerwear,91,Idaho,M,Violet,Summer,2.5,No,Store Pickup,No,5,Cash,Bi-Weekly,26,0.19230769230769232,546,0,0.4,Low,-0.9013207518620671,-1.7080882112509008,Low,Bronze
3681,22,Female,Sunglasses,Accessories,36,Iowa,S,Blue,Winter,2.9,No,Standard,No,30,Debit Card,Quarterly,4,7.5,1116,0,0.4,Low,-0.4796450448016345,0.7938722447949694,Medium,Silver
3682,26,Female,Gloves,Accessories,73,Connecticut,XL,Magenta,Fall,4.2,No,Next Day Air,No,33,Debit Card,Monthly,12,2.75,2482,0,0.4,High,0.2039259508951497,1.3537292222897774,Medium,Platinum
3683,42,Female,Shirt,Clothing,60,Wyoming,M,Maroon,Fall,4.6,No,Store Pickup,No,46,Venmo,Bi-Weekly,26,1.7692307692307692,2820,0,0.4,High,1.9366140978910202,1.6537175113275557,High,Platinum
3684,30,Female,Socks,Clothing,77,Mississippi,M,Purple,Winter,3.0,No,Free Shipping,No,17,Venmo,Fortnightly,26,0.6538461538461539,1386,0,0.4,Low,-0.0707056738855536,-0.8847894911254635,Medium,Gold
3685,29,Female,Skirt,Clothing,86,Pennsylvania,L,Charcoal,Spring,4.4,No,Free Shipping,No,47,Credit Card,Bi-Weekly,26,1.8076923076923077,4128,0,0.4,High,2.00583202105573,1.3836622393731912,High,Platinum
3686,47,Female,Shorts,Clothing,42,Tennessee,L,Red,Summer,2.6,No,Standard,No,17,Cash,Bi-Weekly,26,0.6538461538461539,756,0,0.4,Low,-0.0707056738855536,-1.4453359716189564,Medium,Silver
3687,59,Female,Sandals,Footwear,70,Louisiana,M,Charcoal,Spring,4.8,No,Free Shipping,No,17,Cash,Bi-Weekly,26,0.6538461538461539,1260,0,0.4,High,-0.0707056738855536,1.6376696710952556,Medium,Silver
3688,34,Female,Shirt,Clothing,44,Arkansas,L,Lavender,Summer,2.9,No,Next Day Air,No,28,Bank Transfer,Quarterly,4,7.0,1276,0,0.4,Low,-0.6180808911310534,0.6610386569940172,Low,Silver
3689,52,Female,Sunglasses,Accessories,91,West Virginia,L,White,Spring,3.0,No,Next Day Air,No,8,Cash,Monthly,12,0.6666666666666666,819,0,0.4,Low,-1.5265221282225865,-0.8813835016946698,Low,Silver
3690,47,Female,Jewelry,Accessories,30,South Carolina,L,Red,Fall,4.5,No,Standard,No,8,Bank Transfer,Quarterly,4,2.0,270,0,0.4,High,-2.0024393544252423,1.5748887009584687,Low,Bronze
3691,24,Female,Blouse,Clothing,23,Kansas,S,Violet,Fall,3.7,No,Store Pickup,No,4,Bank Transfer,Bi-Weekly,26,0.15384615384615385,115,0,0.4,Medium,-0.9705386750267765,-0.03666673806280207,Low,Bronze
3692,63,Female,Sandals,Footwear,21,Michigan,XL,Orange,Summer,4.8,No,Next Day Air,No,24,PayPal,Weekly,52,0.46153846153846156,525,0,0.4,High,1.9605507734260443,1.5865798296333513,High,Bronze
3693,59,Female,Coat,Outerwear,34,Alabama,L,Turquoise,Spring,4.8,No,Free Shipping,No,29,Cash,Fortnightly,26,1.1153846153846154,1020,0,0.4,High,0.7599094040909598,1.7602852906038269,Medium,Silver
3694,66,Female,Blouse,Clothing,46,South Dakota,M,Violet,Summer,4.7,No,2-Day Shipping,No,10,Venmo,Weekly,52,0.19230769230769232,506,0,0.4,High,0.9914998491201121,1.3749174314633117,High,Bronze
3695,45,Female,Sweater,Clothing,41,Rhode Island,M,Blue,Winter,2.6,No,Express,No,11,PayPal,Bi-Weekly,26,0.4230769230769231,492,0,0.4,Low,-0.4860132128738103,-1.506643781373242,Low,Bronze
3696,38,Female,Skirt,Clothing,33,Florida,M,White,Fall,4.6,No,Standard,No,18,Bank Transfer,Fortnightly,26,0.6923076923076923,627,0,0.4,High,-0.001487750720844172,1.3676143991408898,Medium,Bronze
3697,63,Female,Blouse,Clothing,48,Connecticut,L,Turquoise,Fall,3.4,No,Next Day Air,No,26,Bank Transfer,Annually,1,10.0,1296,0,0.4,Medium,-0.9349856972864683,2.1587232844165967,Low,Silver
3698,55,Female,Hoodie,Clothing,66,Pennsylvania,L,Pink,Winter,3.0,No,Standard,No,39,Cash,Weekly,52,0.75,2640,0,0.4,Low,2.998819620896686,-0.8592445703945111,High,Platinum
3699,25,Female,Skirt,Clothing,54,California,XL,Maroon,Spring,4.0,No,2-Day Shipping,No,4,Venmo,Annually,1,4.0,270,0,0.4,Medium,-2.457780006910076,1.4055399515454108,Low,Bronze
3700,51,Female,Backpack,Accessories,55,Oklahoma,M,Olive,Fall,2.6,No,Store Pickup,No,24,Bank Transfer,Weekly,52,0.46153846153846156,1375,0,0.4,Low,1.9605507734260443,-1.4964258130808608,High,Gold
3701,28,Female,Handbag,Accessories,84,North Dakota,XL,Charcoal,Summer,3.4,No,Store Pickup,No,2,Bank Transfer,Quarterly,4,0.5,252,0,0.4,Medium,-2.417746893413499,-0.36511488380149393,Low,Bronze
3702,46,Female,Sandals,Footwear,66,New Mexico,M,Charcoal,Spring,4.5,No,Store Pickup,No,36,Cash,Annually,1,10.0,2442,0,0.4,High,-0.2428064656393738,3.700226105773703,Medium,Platinum
3703,58,Female,Shoes,Footwear,65,South Carolina,M,Indigo,Spring,2.7,No,Store Pickup,No,36,Venmo,Weekly,52,0.6923076923076923,2405,0,0.4,Low,2.7911658514025577,-1.2949813832032016,High,Platinum
3704,30,Female,Sandals,Footwear,83,Michigan,S,Teal,Fall,2.9,No,Standard,No,23,PayPal,Quarterly,4,5.75,1992,0,0.4,Low,-0.9641705069546007,0.3289546874916369,Low,Gold
3705,68,Female,Sunglasses,Accessories,61,Missouri,L,Black,Winter,4.0,No,Store Pickup,No,36,Credit Card,Quarterly,4,9.0,2257,0,0.4,Medium,-0.06433750581337783,2.7338758295549317,Medium,Gold
3706,28,Female,Skirt,Clothing,65,Colorado,L,Teal,Summer,3.2,No,Free Shipping,No,2,Debit Card,Annually,1,2.0,195,0,0.4,Medium,-2.596215853239495,-0.24688736064538386,Low,Bronze
3707,26,Female,Sandals,Footwear,55,Kansas,M,Green,Spring,4.0,No,Store Pickup,No,17,Cash,Bi-Weekly,26,0.6538461538461539,990,0,0.4,Medium,-0.0707056738855536,0.5165767101082697,Medium,Silver
3708,35,Female,Gloves,Accessories,79,Illinois,M,Gold,Fall,3.4,No,2-Day Shipping,No,19,Venmo,Weekly,52,0.36538461538461536,1580,0,0.4,Medium,1.6144611576024972,-0.40087777282482717,High,Gold
3709,40,Female,Hoodie,Clothing,96,South Carolina,M,Red,Fall,4.9,No,Express,No,41,PayPal,Monthly,12,3.4166666666666665,4032,0,0.4,High,0.7576693362128253,2.51179701355466,Medium,Platinum
3710,31,Female,Socks,Clothing,43,Utah,M,Silver,Fall,3.6,No,Free Shipping,No,27,PayPal,Quarterly,4,6.75,1204,0,0.4,Medium,-0.6872988142957629,1.5755782039571544,Low,Silver
3711,60,Female,Jewelry,Accessories,40,Hawaii,M,Yellow,Summer,3.6,No,2-Day Shipping,No,32,Bank Transfer,Fortnightly,26,1.2307692307692308,1320,0,0.4,Medium,0.9675631735850881,0.10929975400049063,High,Silver
3712,69,Female,Hat,Accessories,62,Texas,XL,Peach,Fall,3.2,No,Free Shipping,No,33,Cash,Annually,1,10.0,2108,0,0.4,Medium,-0.4504602351335022,1.8784500441698504,Medium,Gold
3713,51,Female,Blouse,Clothing,72,Oregon,M,Turquoise,Spring,3.7,No,2-Day Shipping,No,24,PayPal,Quarterly,4,6.0,1800,0,0.4,Medium,-0.8949525837898912,1.5164644423790996,Low,Gold
3714,49,Female,Shoes,Footwear,87,Arizona,M,Peach,Spring,2.6,No,Express,No,31,Debit Card,Quarterly,4,7.75,2784,0,0.4,Low,-0.4104271216369251,0.43987917832532575,Medium,Platinum
3715,18,Female,Hat,Accessories,31,New York,S,Peach,Winter,3.9,No,Express,No,35,Credit Card,Weekly,52,0.6730769230769231,1116,0,0.4,Medium,2.7219479282378485,0.38154907413108674,High,Silver
3716,63,Female,Sunglasses,Accessories,34,Nebraska,S,Orange,Fall,3.4,No,Free Shipping,No,2,Bank Transfer,Monthly,12,0.16666666666666666,102,0,0.4,Medium,-1.9418296672108433,-0.45367060900212874,Low,Bronze
3717,57,Female,Shirt,Clothing,53,Vermont,M,Charcoal,Fall,3.4,No,Next Day Air,No,42,Debit Card,Quarterly,4,10.0,2279,0,0.4,Medium,0.35097003317487885,2.1587232844165967,Medium,Gold
3718,45,Female,T-shirt,Clothing,85,Maryland,XL,White,Summer,4.2,No,Express,No,47,Bank Transfer,Quarterly,4,10.0,4080,0,0.4,High,0.6970596489984262,3.279816245403583,Medium,Platinum
3719,36,Female,Pants,Clothing,50,Tennessee,L,Turquoise,Fall,2.9,No,Standard,No,44,Bank Transfer,Bi-Weekly,26,1.6923076923076923,2250,0,0.4,Low,1.7981782515616014,-0.7490409673545515,High,Gold
3720,20,Female,Pants,Clothing,91,Pennsylvania,M,Red,Summer,4.1,No,Free Shipping,No,8,Bank Transfer,Quarterly,4,2.0,819,0,0.4,High,-2.0024393544252423,1.014342220464975,Low,Silver
3721,21,Female,Hat,Accessories,56,South Carolina,M,Peach,Fall,3.6,No,Free Shipping,No,13,Credit Card,Quarterly,4,3.25,784,0,0.4,Medium,-1.6563497386016952,0.6457430893504896,Low,Silver
3722,62,Female,Coat,Outerwear,60,Connecticut,L,Pink,Fall,4.0,No,Next Day Air,No,10,Cash,Annually,1,10.0,660,0,0.4,Medium,-2.0424724679218196,2.9995430051568364,Low,Bronze
3723,23,Female,Jacket,Outerwear,34,Kentucky,XL,Yellow,Fall,4.0,No,Standard,No,1,Credit Card,Fortnightly,26,0.038461538461538464,68,0,0.4,Medium,-1.1781924445209047,0.35308921743017474,Low,Bronze
3724,26,Female,Sandals,Footwear,30,Rhode Island,M,Beige,Spring,3.6,No,Free Shipping,No,1,Debit Card,Monthly,12,0.08333333333333333,60,0,0.4,Medium,-2.0110475903755525,-0.19553630005554057,Low,Bronze
3725,30,Female,Gloves,Accessories,71,Colorado,L,Green,Winter,3.1,No,Express,No,18,Bank Transfer,Annually,1,10.0,1349,0,0.4,Medium,-1.488729082604144,1.7383134240464768,Low,Gold
3726,18,Female,Dress,Clothing,100,Oklahoma,S,Turquoise,Winter,4.4,No,Next Day Air,No,2,PayPal,Annually,1,2.0,300,0,0.4,High,-2.596215853239495,1.434752080835096,Low,Bronze
3727,47,Female,Belt,Accessories,85,Idaho,XL,Orange,Fall,4.3,No,Next Day Air,No,36,Debit Card,Quarterly,4,9.0,3145,0,0.4,High,-0.06433750581337783,3.1542856899250515,Medium,Platinum
3728,41,Female,Socks,Clothing,83,Maine,M,Gold,Summer,3.5,No,Next Day Air,No,17,Debit Card,Bi-Weekly,26,0.6538461538461539,1494,0,0.4,Medium,-0.0707056738855536,-0.1841063905085969,Medium,Gold
3729,62,Female,Jacket,Outerwear,31,Vermont,L,Red,Winter,3.0,No,Standard,No,1,Debit Card,Annually,1,1.0,62,0,0.4,Low,-2.6654337764042046,-0.7928277764940348,Low,Bronze
3730,28,Female,Boots,Footwear,82,Rhode Island,M,Teal,Spring,4.7,No,2-Day Shipping,No,50,Cash,Quarterly,4,10.0,4182,0,0.4,High,0.9047134184925545,3.9804993460204496,High,Platinum
3731,46,Female,Shirt,Clothing,79,Florida,M,Teal,Summer,2.5,No,2-Day Shipping,No,3,Credit Card,Bi-Weekly,26,0.11538461538461539,316,0,0.4,Low,-1.0397565981914858,-1.7285241478356625,Low,Bronze
3732,54,Female,Hat,Accessories,62,West Virginia,M,Lavender,Spring,3.1,No,2-Day Shipping,No,45,PayPal,Quarterly,4,10.0,2852,0,0.4,Medium,0.5586238026690071,1.7383134240464768,Medium,Platinum
3733,36,Female,Shoes,Footwear,92,Indiana,L,Pink,Spring,3.3,No,Free Shipping,No,28,PayPal,Annually,1,10.0,2668,0,0.4,Medium,-0.7965498509570494,2.018586664293223,Low,Platinum
3734,25,Female,Socks,Clothing,58,Illinois,M,Maroon,Fall,4.7,No,Next Day Air,No,6,Debit Card,Quarterly,4,1.5,406,0,0.4,High,-2.140875200754661,1.7223283534042633,Low,Bronze
3735,38,Female,Hoodie,Clothing,88,California,M,Beige,Spring,3.4,No,Next Day Air,No,33,Debit Card,Quarterly,4,8.25,2992,0,0.4,Medium,-0.2719912753075062,1.693805727113264,Medium,Platinum
3736,38,Female,Sandals,Footwear,44,Massachusetts,L,Orange,Spring,3.1,No,2-Day Shipping,No,29,PayPal,Annually,1,10.0,1320,0,0.4,Medium,-0.72733192779234,1.7383134240464768,Low,Silver
3737,42,Female,Jeans,Clothing,56,Idaho,M,Red,Spring,4.6,No,Store Pickup,No,2,PayPal,Quarterly,4,0.5,168,0,0.4,High,-2.417746893413499,1.316524557678985,Low,Bronze
3738,19,Female,Jewelry,Accessories,23,Kentucky,S,Maroon,Winter,4.9,No,Free Shipping,No,43,PayPal,Bi-Weekly,26,1.6538461538461537,1012,0,0.4,High,1.7289603283968922,2.043473466820534,High,Silver
3739,34,Female,Shorts,Clothing,45,Delaware,M,Brown,Spring,2.7,No,Free Shipping,No,48,Cash,Fortnightly,26,1.8461538461538463,2205,0,0.4,Low,2.0750499442204395,-0.9884423344317739,High,Gold
3740,38,Female,Sunglasses,Accessories,31,Idaho,M,Olive,Fall,4.2,No,Free Shipping,No,43,Credit Card,Weekly,52,0.8269230769230769,1364,0,0.4,High,3.275691313555524,0.8428308076707306,High,Gold
3741,42,Female,Pants,Clothing,96,Virginia,M,Silver,Summer,2.6,No,Store Pickup,No,26,Debit Card,Bi-Weekly,26,1.0,2592,0,0.4,Low,0.5522556345968315,-1.3533742569875278,Medium,Platinum
3742,58,Female,Shirt,Clothing,96,Arizona,M,Purple,Spring,3.2,No,2-Day Shipping,No,26,Debit Card,Bi-Weekly,26,1.0,2592,0,0.4,Medium,0.5522556345968315,-0.5125545362472881,Medium,Platinum
3743,56,Female,Shirt,Clothing,80,Maryland,M,Gray,Fall,4.4,No,Standard,No,50,Credit Card,Bi-Weekly,26,1.9230769230769231,4080,0,0.4,High,2.2134857905498584,1.4143161442503343,High,Platinum
3744,62,Female,Pants,Clothing,28,Idaho,L,Cyan,Fall,3.6,No,Free Shipping,No,36,Debit Card,Quarterly,4,9.0,1036,0,0.4,Medium,-0.06433750581337783,2.173329349061439,Medium,Silver
3745,24,Female,Hoodie,Clothing,51,New Jersey,M,Gray,Summer,2.7,No,Next Day Air,No,26,Bank Transfer,Fortnightly,26,1.0,1377,0,0.4,Low,0.5522556345968315,-1.2132376368641542,Medium,Gold
3746,60,Female,Socks,Clothing,41,Washington,L,Gold,Spring,4.3,No,Express,No,2,Debit Card,Monthly,12,0.16666666666666666,123,0,0.4,High,-1.9418296672108433,0.8075589721082308,Low,Bronze
3747,53,Female,Coat,Outerwear,99,Idaho,XL,Cyan,Summer,2.6,No,Next Day Air,No,49,PayPal,Monthly,12,4.083333333333333,4950,0,0.4,Low,1.311412721530501,-0.5342337988816566,High,Platinum
3748,26,Female,Sweater,Clothing,53,Rhode Island,L,Olive,Spring,4.3,No,Store Pickup,No,32,Bank Transfer,Bi-Weekly,26,1.2307692307692308,1749,0,0.4,High,0.9675631735850881,1.0902560948641034,High,Gold
3749,34,Female,Backpack,Accessories,25,Delaware,M,Violet,Fall,3.9,No,2-Day Shipping,No,3,Venmo,Annually,1,3.0,100,0,0.4,Medium,-2.526997930074786,0.9997361558201332,Low,Bronze
3750,24,Female,Blouse,Clothing,95,Alaska,L,Yellow,Winter,2.9,No,2-Day Shipping,No,38,Venmo,Quarterly,4,9.5,3705,0,0.4,Low,0.07409834051604103,1.325206595998778,Medium,Platinum
3751,42,Female,Hoodie,Clothing,88,Arizona,M,Gold,Fall,3.1,No,Free Shipping,No,5,PayPal,Monthly,12,0.4166666666666667,528,0,0.4,Medium,-1.734175897716715,-0.8076636754717723,Low,Bronze
3752,36,Female,Jewelry,Accessories,97,Alabama,S,Silver,Fall,4.2,No,Free Shipping,No,8,Credit Card,Quarterly,4,2.0,873,0,0.4,High,-2.0024393544252423,1.1544788405883493,Low,Silver
3753,24,Female,Coat,Outerwear,81,Washington,L,Pink,Winter,4.1,No,2-Day Shipping,No,43,Venmo,Weekly,52,0.8269230769230769,3564,0,0.4,High,3.275691313555524,0.7026941875473565,High,Platinum
3754,39,Female,Sunglasses,Accessories,26,Louisiana,S,Turquoise,Winter,4.2,No,Next Day Air,No,22,Bank Transfer,Fortnightly,26,0.8461538461538461,598,0,0.4,High,0.27538394193799365,0.8479397918169213,Medium,Bronze
3755,46,Female,Shoes,Footwear,41,Nebraska,M,Turquoise,Summer,4.4,No,Express,No,10,Cash,Quarterly,4,2.5,451,0,0.4,High,-1.8640035080958235,1.567585668636048,Low,Bronze
3756,64,Female,Skirt,Clothing,93,Pennsylvania,M,Peach,Fall,3.4,No,Free Shipping,No,26,Credit Card,Monthly,12,2.1666666666666665,2511,0,0.4,Medium,-0.2805995112578164,0.07766374220167982,Medium,Platinum
3757,64,Female,Skirt,Clothing,69,South Carolina,L,Teal,Spring,4.8,No,Express,No,42,Debit Card,Bi-Weekly,26,1.6153846153846154,2967,0,0.4,High,1.6597424052321825,1.893118878404779,High,Platinum
3758,61,Female,Skirt,Clothing,44,California,L,Red,Fall,4.5,No,2-Day Shipping,No,33,Cash,Weekly,52,0.6346153846153846,1496,0,0.4,High,2.583512081908429,1.2121508265789456,High,Gold
3759,61,Female,Sandals,Footwear,54,Indiana,S,Black,Spring,2.7,No,Store Pickup,No,23,Bank Transfer,Quarterly,4,5.75,1296,0,0.4,Low,-0.9641705069546007,0.048681447244890874,Low,Silver
3760,44,Female,Sneakers,Footwear,61,Missouri,M,Pink,Spring,3.5,No,Store Pickup,No,30,Venmo,Quarterly,4,7.5,1891,0,0.4,Medium,-0.4796450448016345,1.6346919655352092,Medium,Gold
3761,65,Female,Socks,Clothing,80,Connecticut,M,Peach,Fall,3.1,No,Next Day Air,No,36,PayPal,Weekly,52,0.6923076923076923,2960,0,0.4,Medium,2.7911658514025577,-0.734434902709709,High,Platinum
3762,60,Female,Backpack,Accessories,30,Nevada,M,Green,Summer,2.8,No,Next Day Air,No,3,Venmo,Quarterly,4,0.75,120,0,0.4,Low,-2.3485289702487897,-1.1395178106412578,Low,Bronze
3763,65,Female,Shorts,Clothing,94,New York,L,Green,Fall,2.9,No,Store Pickup,No,13,PayPal,Annually,1,10.0,1316,0,0.4,Low,-1.834818698427691,1.45804018379973,Low,Silver
3764,27,Female,Shirt,Clothing,24,Oklahoma,XL,Red,Winter,4.5,No,Standard,No,38,Cash,Quarterly,4,9.5,936,0,0.4,High,0.07409834051604103,3.567392517972751,Medium,Silver
3765,36,Female,Socks,Clothing,21,South Dakota,M,Maroon,Fall,3.5,No,Next Day Air,No,19,Venmo,Monthly,12,1.5833333333333333,420,0,0.4,Medium,-0.7651249734107826,0.06282784322394241,Low,Bronze
3766,22,Female,Jewelry,Accessories,52,Missouri,M,Green,Summer,4.3,No,Standard,No,14,Bank Transfer,Bi-Weekly,26,0.5384615384615384,780,0,0.4,High,-0.2783594433796819,0.9063326656012465,Medium,Silver
3767,62,Female,Handbag,Accessories,59,Texas,M,Black,Fall,4.9,No,Next Day Air,No,43,Debit Card,Annually,1,10.0,2596,0,0.4,High,0.2417189965135923,4.260772586267197,Medium,Platinum
3768,59,Female,Shorts,Clothing,51,New York,XL,Black,Summer,3.1,No,Free Shipping,No,10,Bank Transfer,Fortnightly,26,0.38461538461538464,561,0,0.4,Medium,-0.5552311360385197,-0.8161786490487564,Low,Bronze
3769,50,Female,Sweater,Clothing,35,Vermont,M,Yellow,Winter,4.0,No,Free Shipping,No,34,Bank Transfer,Quarterly,4,8.5,1225,0,0.4,Medium,-0.20277335214279668,2.60104224175398,Medium,Silver
3770,51,Female,Gloves,Accessories,87,Arizona,L,Green,Summer,3.6,No,Standard,No,31,Venmo,Annually,1,10.0,2784,0,0.4,Medium,-0.588896081462921,2.4389965246633434,Low,Platinum
3771,23,Female,Pants,Clothing,42,Montana,L,Black,Summer,4.0,No,Store Pickup,No,34,Bank Transfer,Weekly,52,0.6538461538461539,1470,0,0.4,Medium,2.652730005073139,0.5165767101082697,High,Gold
3772,21,Female,T-shirt,Clothing,86,Oklahoma,M,Red,Winter,2.6,No,Express,No,28,Venmo,Bi-Weekly,26,1.0769230769230769,2494,0,0.4,Low,0.6906914809262503,-1.332938320402766,Medium,Platinum
3773,44,Female,Pants,Clothing,26,New Hampshire,L,Yellow,Fall,3.1,No,Next Day Air,No,35,Cash,Annually,1,10.0,936,0,0.4,Medium,-0.31202438880408323,1.7383134240464768,Medium,Silver
3774,25,Female,Sweater,Clothing,60,Wisconsin,M,Violet,Summer,3.5,No,Store Pickup,No,41,Cash,Quarterly,4,10.0,2520,0,0.4,Medium,0.2817521100101694,2.2988599045399702,Medium,Platinum
3775,57,Female,Gloves,Accessories,83,Alaska,S,Cyan,Winter,3.9,No,Standard,No,48,PayPal,Fortnightly,26,1.8461538461538463,4067,0,0.4,Medium,2.0750499442204395,0.6931971070487052,High,Platinum
3776,41,Female,Belt,Accessories,63,South Dakota,S,Pink,Spring,2.7,No,2-Day Shipping,No,45,Cash,Quarterly,4,10.0,2898,0,0.4,Low,0.5586238026690071,1.177766943552984,Medium,Platinum
3777,19,Female,Sneakers,Footwear,25,Alaska,L,Olive,Spring,4.1,No,Standard,No,10,Credit Card,Fortnightly,26,0.38461538461538464,275,0,0.4,High,-0.5552311360385197,0.5851875521849759,Low,Bronze
3778,43,Female,Shorts,Clothing,65,Utah,M,Maroon,Fall,4.3,No,Express,No,9,Cash,Weekly,52,0.17307692307692307,650,0,0.4,High,0.9222819259554027,0.8092619668236276,High,Bronze
3779,25,Female,Sneakers,Footwear,60,South Dakota,M,Cyan,Fall,2.9,No,Free Shipping,No,30,Debit Card,Annually,1,10.0,1860,0,0.4,Low,-0.6581140046276305,1.45804018379973,Low,Gold
3780,60,Female,Jeans,Clothing,75,California,XL,Lavender,Spring,4.0,No,Express,No,45,PayPal,Annually,1,10.0,3450,0,0.4,Medium,0.38015484284301115,2.9995430051568364,Medium,Platinum
3781,54,Female,Sneakers,Footwear,57,Mississippi,L,Yellow,Fall,4.1,No,Free Shipping,No,41,Venmo,Quarterly,4,10.0,2394,0,0.4,High,0.2817521100101694,3.139679625280209,Medium,Platinum
3782,52,Female,Boots,Footwear,99,Tennessee,M,Pink,Winter,3.7,No,Standard,No,40,PayPal,Fortnightly,26,1.5384615384615385,4059,0,0.4,Medium,1.5213065589027637,0.33118012046291145,High,Platinum
3783,40,Female,Jacket,Outerwear,45,Alabama,L,Orange,Spring,2.8,No,Free Shipping,No,42,PayPal,Fortnightly,26,1.6153846153846154,1935,0,0.4,Low,1.6597424052321825,-0.9096135240626868,High,Gold
3784,39,Female,Gloves,Accessories,66,Maine,XL,Orange,Summer,3.2,No,Free Shipping,No,17,Debit Card,Fortnightly,26,0.6538461538461539,1188,0,0.4,Medium,-0.0707056738855536,-0.6045162508787163,Medium,Silver
3785,54,Female,Socks,Clothing,53,Virginia,M,Violet,Winter,4.5,No,Next Day Air,No,4,Venmo,Annually,1,4.0,265,0,0.4,High,-2.457780006910076,2.106223052162277,Low,Bronze
3786,64,Female,Jeans,Clothing,94,New Hampshire,L,Lavender,Winter,3.8,No,Standard,No,6,Cash,Monthly,12,0.5,658,0,0.4,Medium,-1.6649579745520053,0.19543159669199917,Low,Bronze
3787,31,Female,Boots,Footwear,47,Tennessee,L,Yellow,Fall,3.6,No,2-Day Shipping,No,22,Venmo,Weekly,52,0.4230769230769231,1081,0,0.4,Medium,1.8221149270966255,-0.10527758013950894,High,Silver
3788,37,Female,Blouse,Clothing,80,New York,M,Pink,Fall,3.6,No,2-Day Shipping,No,46,PayPal,Quarterly,4,10.0,3760,0,0.4,Medium,0.6278417258337166,2.4389965246633434,Medium,Platinum
3789,43,Female,Hat,Accessories,65,Kansas,XL,Teal,Spring,3.2,No,Next Day Air,No,27,Debit Card,Monthly,12,2.25,1820,0,0.4,Medium,-0.21138158809310695,-0.18047056674490758,Medium,Gold
3790,56,Female,Shirt,Clothing,75,North Dakota,M,Magenta,Summer,3.8,No,Express,No,18,Bank Transfer,Quarterly,4,4.5,1425,0,0.4,Medium,-1.310260122778148,1.2581002990996162,Low,Gold
3791,27,Female,Handbag,Accessories,45,Alaska,XL,Beige,Summer,4.4,No,Standard,No,31,Credit Card,Weekly,52,0.5961538461538461,1440,0,0.4,High,2.4450762355790108,1.061796238163192,High,Gold
3792,40,Female,Sunglasses,Accessories,51,Texas,M,Gray,Spring,3.7,No,Store Pickup,No,1,Venmo,Weekly,52,0.019230769230769232,102,0,0.4,Medium,0.36853854063772706,-0.07242962708613554,Medium,Bronze
3793,43,Female,Scarf,Accessories,58,Massachusetts,S,Turquoise,Summer,2.6,No,Express,No,2,PayPal,Fortnightly,26,0.07692307692307693,174,0,0.4,Low,-1.1089745213561955,-1.5986054960046703,Low,Bronze
3794,62,Female,Sunglasses,Accessories,20,Delaware,M,Pink,Fall,4.0,No,Standard,No,46,Bank Transfer,Annually,1,10.0,940,0,0.4,Medium,0.4493727660077206,2.9995430051568364,Medium,Silver
3795,44,Female,Scarf,Accessories,82,South Dakota,M,Violet,Summer,3.6,No,2-Day Shipping,No,27,Venmo,Weekly,52,0.5192307692307693,2296,0,0.4,Medium,2.1682045429201726,-0.07973265940855656,High,Platinum
3796,45,Female,Gloves,Accessories,92,Arkansas,M,Charcoal,Spring,2.5,No,Express,No,3,Cash,Weekly,52,0.057692307692307696,368,0,0.4,Low,0.5069743869671459,-1.743851100274234,Medium,Bronze
3797,40,Female,Shorts,Clothing,81,Utah,M,Lavender,Fall,3.2,No,Free Shipping,No,47,Bank Transfer,Quarterly,4,10.0,3888,0,0.4,Medium,0.6970596489984262,1.8784500441698504,Medium,Platinum
3798,68,Female,Sunglasses,Accessories,44,California,M,Gray,Summer,2.5,No,Next Day Air,No,20,Cash,Quarterly,4,5.0,924,0,0.4,Low,-1.171824276448729,-0.43084217470328423,Low,Silver
3799,63,Female,Jewelry,Accessories,72,Rhode Island,S,Brown,Winter,3.2,No,Next Day Air,No,23,Credit Card,Annually,1,10.0,1728,0,0.4,Medium,-1.1426394667805966,1.8784500441698504,Low,Gold
3800,60,Female,Jacket,Outerwear,26,Oklahoma,L,Violet,Winter,2.6,No,Store Pickup,No,13,Credit Card,Monthly,12,1.0833333333333333,364,0,0.4,Low,-1.1804325123990393,-1.331235325687369,Low,Bronze
3801,19,Female,Sweater,Clothing,26,Vermont,M,Turquoise,Fall,4.8,No,Next Day Air,No,12,Venmo,Bi-Weekly,26,0.46153846153846156,338,0,0.4,High,-0.41679528970910085,1.5865798296333513,Medium,Bronze
3802,26,Female,Blouse,Clothing,84,Kentucky,M,Peach,Spring,5.0,No,Store Pickup,No,36,PayPal,Fortnightly,26,1.3846153846153846,3108,0,0.4,High,1.244434866243926,2.11208430889724,High,Platinum
3803,70,Female,Scarf,Accessories,72,Illinois,S,Turquoise,Spring,3.2,No,2-Day Shipping,No,1,Bank Transfer,Monthly,12,0.08333333333333333,144,0,0.4,Medium,-2.0110475903755525,-0.7560827805490336,Low,Bronze
3804,48,Female,Handbag,Accessories,55,Connecticut,M,Violet,Spring,3.6,No,Standard,No,14,Debit Card,Weekly,52,0.2692307692307692,825,0,0.4,Medium,1.2683715417789498,-0.14614945330903262,High,Silver
3805,37,Female,Hat,Accessories,77,Florida,M,Olive,Fall,2.7,No,2-Day Shipping,No,45,Cash,Annually,1,10.0,3542,0,0.4,Low,0.38015484284301115,1.177766943552984,Medium,Platinum
3806,48,Female,Scarf,Accessories,57,New Jersey,M,Green,Fall,3.1,No,Standard,No,31,Credit Card,Quarterly,4,7.75,1824,0,0.4,Medium,-0.4104271216369251,1.140562278942192,Medium,Gold
3807,18,Female,Boots,Footwear,71,Missouri,M,Teal,Spring,3.0,No,Standard,No,41,PayPal,Weekly,52,0.7884615384615384,2982,0,0.4,Low,3.137255467226105,-0.8490266021021302,High,Platinum
3808,38,Female,Blouse,Clothing,39,Michigan,L,Peach,Spring,2.9,No,Next Day Air,No,36,PayPal,Annually,1,10.0,1443,0,0.4,Low,-0.2428064656393738,1.45804018379973,Medium,Gold
3809,33,Female,Socks,Clothing,28,Washington,M,Pink,Winter,4.7,No,Express,No,6,Debit Card,Bi-Weekly,26,0.23076923076923078,196,0,0.4,High,-0.8321028286973574,1.3851353997556926,Low,Bronze
3810,57,Female,Shoes,Footwear,33,New York,S,Maroon,Winter,3.7,No,Standard,No,28,Credit Card,Annually,1,10.0,957,0,0.4,Medium,-0.7965498509570494,2.5791331447867165,Low,Silver
3811,46,Female,Skirt,Clothing,79,Wisconsin,L,Peach,Fall,3.9,No,Free Shipping,No,29,Venmo,Monthly,12,2.4166666666666665,2370,0,0.4,Medium,-0.07294574176368807,0.8447636367190223,Medium,Platinum
3812,46,Female,Belt,Accessories,30,Idaho,M,Maroon,Winter,4.0,No,Standard,No,14,Cash,Monthly,12,1.1666666666666667,450,0,0.4,Medium,-1.1112145892343297,0.6528162873400154,Low,Bronze
3813,50,Female,Skirt,Clothing,75,Michigan,M,Pink,Spring,2.8,No,Next Day Air,No,7,Bank Transfer,Quarterly,4,1.75,600,0,0.4,Low,-2.071657277589952,-0.8738506350393536,Low,Bronze
3814,61,Female,Pants,Clothing,89,Georgia,M,Orange,Summer,4.1,No,Express,No,31,Venmo,Bi-Weekly,26,1.1923076923076923,2848,0,0.4,High,0.8983452504203787,0.7997648863249756,High,Platinum
3815,45,Female,Dress,Clothing,95,Michigan,M,Orange,Winter,4.2,No,Free Shipping,No,26,Bank Transfer,Quarterly,4,6.5,2565,0,0.4,High,-0.7565167374604723,2.3499811307969183,Low,Platinum
3816,32,Female,Hat,Accessories,44,Maine,M,Brown,Fall,4.3,No,Express,No,12,Venmo,Fortnightly,26,0.46153846153846156,572,0,0.4,High,-0.41679528970910085,0.8858967290164848,Medium,Bronze
3817,29,Female,Coat,Outerwear,86,Maryland,S,Silver,Summer,4.3,No,Store Pickup,No,45,Credit Card,Fortnightly,26,1.7307692307692308,3956,0,0.4,High,1.867396174726311,1.2230896826650555,High,Platinum
3818,66,Female,Scarf,Accessories,91,Missouri,M,Magenta,Fall,2.6,No,Express,No,40,PayPal,Annually,1,10.0,3731,0,0.4,Low,0.03406522701946402,1.0376303234296105,Medium,Platinum
3819,70,Female,Sneakers,Footwear,41,Oregon,XL,Indigo,Winter,3.8,No,Free Shipping,No,42,Cash,Monthly,12,3.5,1763,0,0.4,Medium,0.8268872593775347,0.9924331234977118,Medium,Gold
3820,36,Female,Pants,Clothing,99,Arkansas,S,Gold,Spring,2.9,No,Express,No,45,Cash,Quarterly,4,10.0,4554,0,0.4,Low,0.5586238026690071,1.45804018379973,Medium,Platinum
3821,34,Female,Belt,Accessories,65,New Hampshire,M,Purple,Winter,5.0,No,Standard,No,34,Debit Card,Quarterly,4,8.5,2275,0,0.4,High,-0.20277335214279668,4.002408442987713,Medium,Gold
3822,20,Female,Sneakers,Footwear,48,Oregon,M,Gold,Summer,4.6,No,Free Shipping,No,34,Credit Card,Quarterly,4,8.5,1680,0,0.4,High,-0.20277335214279668,3.441861962494219,Medium,Gold
3823,70,Female,Hat,Accessories,41,Kansas,S,Gold,Spring,3.2,No,Free Shipping,No,17,PayPal,Quarterly,4,4.25,738,0,0.4,Medium,-1.3794780459428573,0.3508637844589009,Low,Silver
3824,50,Female,Shirt,Clothing,42,California,M,Gold,Summer,3.0,No,Standard,No,27,Bank Transfer,Weekly,52,0.5192307692307693,1176,0,0.4,Low,2.1682045429201726,-0.9205523801487967,High,Silver
3825,54,Female,Shorts,Clothing,26,Georgia,M,Olive,Summer,4.0,No,Free Shipping,No,31,Credit Card,Quarterly,4,7.75,832,0,0.4,Medium,-0.4104271216369251,2.4017918600525516,Medium,Silver
3826,49,Female,Shorts,Clothing,35,Hawaii,L,Green,Fall,4.1,No,Express,No,47,Debit Card,Fortnightly,26,1.8076923076923077,1680,0,0.4,High,2.00583202105573,0.9632523790030705,High,Gold
3827,50,Female,Jacket,Outerwear,31,Montana,M,Gray,Summer,4.0,No,Express,No,25,Bank Transfer,Annually,1,10.0,806,0,0.4,Medium,-1.0042036204511777,2.9995430051568364,Low,Silver
3828,62,Female,Jewelry,Accessories,73,Montana,M,Red,Summer,4.1,No,Standard,No,47,Cash,Fortnightly,26,1.8076923076923077,3504,0,0.4,High,2.00583202105573,0.9632523790030705,High,Platinum
3829,42,Female,Blouse,Clothing,82,Mississippi,M,Charcoal,Spring,3.4,No,Free Shipping,No,8,Cash,Weekly,52,0.15384615384615385,738,0,0.4,Medium,0.8530640027906933,-0.45707659843292237,High,Silver
3830,69,Female,Pants,Clothing,32,Washington,M,Indigo,Spring,2.9,No,Free Shipping,No,32,Debit Card,Fortnightly,26,1.2307692307692308,1056,0,0.4,Low,0.9675631735850881,-0.8716565868631228,High,Silver
3831,22,Female,Hat,Accessories,27,Pennsylvania,M,Indigo,Summer,3.0,No,2-Day Shipping,No,33,Bank Transfer,Quarterly,4,8.25,918,0,0.4,Low,-0.2719912753075062,1.1332592466197708,Medium,Silver
3832,36,Female,Backpack,Accessories,86,Nevada,L,Silver,Spring,4.0,No,Next Day Air,No,16,Debit Card,Quarterly,4,4.0,1462,0,0.4,Medium,-1.448695969107567,1.4055399515454108,Low,Gold
3833,64,Female,Boots,Footwear,38,Kansas,XL,Purple,Winter,4.8,No,2-Day Shipping,No,27,Cash,Weekly,52,0.5192307692307693,1064,0,0.4,High,2.1682045429201726,1.6019067820719224,High,Silver
3834,44,Female,Jacket,Outerwear,93,Arizona,L,Gray,Summer,4.6,No,Free Shipping,No,17,PayPal,Quarterly,4,4.25,1674,0,0.4,High,-1.3794780459428573,2.312776466186126,Low,Gold
3835,43,Female,Hoodie,Clothing,59,Tennessee,M,Magenta,Winter,4.1,No,2-Day Shipping,No,17,Cash,Quarterly,4,4.25,1062,0,0.4,High,-1.3794780459428573,1.6120933655692595,Low,Silver
3836,58,Female,Sandals,Footwear,58,Pennsylvania,L,Silver,Winter,2.6,No,Express,No,28,PayPal,Bi-Weekly,26,1.0769230769230769,1682,0,0.4,Low,0.6906914809262503,-1.332938320402766,Medium,Gold
3837,62,Female,Skirt,Clothing,84,Alaska,M,Violet,Spring,2.5,No,Free Shipping,No,38,PayPal,Fortnightly,26,1.4615384615384615,3276,0,0.4,Low,1.3828707125733448,-1.37089525760233,High,Platinum
3838,45,Female,Hoodie,Clothing,100,New Mexico,M,Green,Spring,4.8,No,Free Shipping,No,33,Bank Transfer,Fortnightly,26,1.2692307692307692,3400,0,0.4,High,1.0367810967497975,1.8011571637733508,High,Platinum
3839,47,Female,Dress,Clothing,25,Rhode Island,L,Green,Summer,4.2,No,Express,No,24,Venmo,Quarterly,4,6.0,625,0,0.4,High,-0.8949525837898912,2.217147542995966,Low,Bronze
3840,66,Female,Sandals,Footwear,29,Connecticut,M,Peach,Spring,3.9,No,Free Shipping,No,14,Venmo,Quarterly,4,3.5,435,0,0.4,Medium,-1.5871318154369858,1.1325697436210853,Low,Bronze
3841,30,Female,Jeans,Clothing,42,Idaho,M,Turquoise,Spring,3.7,No,Express,No,5,Venmo,Fortnightly,26,0.19230769230769232,252,0,0.4,Medium,-0.9013207518620671,-0.02644876977042121,Low,Bronze
3842,68,Female,Jeans,Clothing,57,Mississippi,L,Pink,Fall,4.2,No,2-Day Shipping,No,8,Bank Transfer,Monthly,12,0.6666666666666666,513,0,0.4,High,-1.5265221282225865,0.8002559397858101,Low,Bronze
3843,35,Female,Jacket,Outerwear,84,Colorado,L,Lavender,Winter,4.2,No,Next Day Air,No,42,Debit Card,Monthly,12,3.5,3612,0,0.4,High,0.8268872593775347,1.5529796039912056,Medium,Platinum
3844,64,Female,Hat,Accessories,71,Georgia,L,Silver,Winter,4.0,No,Free Shipping,No,48,Venmo,Quarterly,4,10.0,3479,0,0.4,Medium,0.7662775721631356,2.9995430051568364,Medium,Platinum
3845,30,Female,Shorts,Clothing,87,Montana,S,Cyan,Fall,5.0,No,Next Day Air,No,40,Venmo,Quarterly,4,10.0,3567,0,0.4,High,0.21253418684546,4.400909206390569,Medium,Platinum
3846,58,Female,Sweater,Clothing,52,California,M,Green,Winter,4.9,No,Standard,No,46,Venmo,Annually,1,10.0,2444,0,0.4,High,0.4493727660077206,4.260772586267197,Medium,Platinum
3847,57,Female,Blouse,Clothing,58,Pennsylvania,L,Orange,Summer,4.0,No,Express,No,40,PayPal,Quarterly,4,10.0,2378,0,0.4,Medium,0.21253418684546,2.9995430051568364,Medium,Platinum
3848,60,Female,Sweater,Clothing,34,Delaware,S,Blue,Fall,3.2,No,2-Day Shipping,No,31,PayPal,Fortnightly,26,1.1923076923076923,1088,0,0.4,Medium,0.8983452504203787,-0.4614646947853833,High,Silver
3849,22,Female,Jewelry,Accessories,60,New Hampshire,M,Magenta,Winter,3.0,No,Next Day Air,No,39,Cash,Quarterly,4,9.75,2400,0,0.4,Low,0.14331626368075057,1.5317600100226274,Medium,Platinum
3850,46,Female,Hoodie,Clothing,68,Florida,S,Cyan,Winter,2.6,No,Express,No,36,PayPal,Fortnightly,26,1.3846153846153846,2516,0,0.4,Low,1.244434866243926,-1.2511945740637187,High,Platinum
3851,27,Female,Jewelry,Accessories,74,Mississippi,L,Indigo,Summer,4.4,No,2-Day Shipping,No,25,Debit Card,Quarterly,4,6.25,1924,0,0.4,High,-0.8257346606251817,2.563837577143189,Low,Gold
3852,50,Female,Scarf,Accessories,83,Montana,M,Pink,Summer,3.9,No,Free Shipping,No,24,Debit Card,Annually,1,10.0,2075,0,0.4,Medium,-1.0734215436158872,2.859406385033463,Low,Gold
3853,65,Female,Hat,Accessories,79,Mississippi,M,Peach,Fall,4.0,No,2-Day Shipping,No,19,PayPal,Weekly,52,0.36538461538461536,1580,0,0.4,Medium,1.6144611576024972,0.43994194791541275,High,Gold
3854,61,Female,Sunglasses,Accessories,76,Tennessee,M,Lavender,Fall,4.0,No,Store Pickup,No,49,Debit Card,Bi-Weekly,26,1.8846153846153846,3800,0,0.4,Medium,2.1442678673851487,0.8435516954644595,High,Platinum
3855,57,Female,T-shirt,Clothing,20,Florida,M,Black,Spring,4.2,No,Free Shipping,No,4,Venmo,Annually,1,4.0,100,0,0.4,High,-2.457780006910076,1.6858131917921577,Low,Bronze
3856,40,Female,Shirt,Clothing,61,Illinois,XL,Lavender,Summer,4.4,No,Next Day Air,No,36,Cash,Quarterly,4,9.0,2257,0,0.4,High,-0.06433750581337783,3.2944223100484256,Medium,Gold
3857,39,Female,Sandals,Footwear,78,Virginia,S,Brown,Summer,2.5,No,Free Shipping,No,8,Debit Card,Quarterly,4,2.0,702,0,0.4,Low,-2.0024393544252423,-1.2278437015089971,Low,Silver
3858,42,Female,Hat,Accessories,21,Texas,S,Yellow,Summer,3.1,No,Store Pickup,No,29,Credit Card,Quarterly,4,7.25,630,0,0.4,Medium,-0.5488629679663439,1.0077286911412402,Low,Bronze
3859,30,Female,T-shirt,Clothing,77,Missouri,M,Olive,Winter,3.5,No,Store Pickup,No,26,Credit Card,Quarterly,4,6.5,2079,0,0.4,Medium,-0.7565167374604723,1.369024789933305,Low,Gold
3860,65,Female,Shorts,Clothing,88,Mississippi,S,Blue,Fall,3.0,No,2-Day Shipping,No,47,Bank Transfer,Bi-Weekly,26,1.8076923076923077,4224,0,0.4,Low,2.00583202105573,-0.5782504423540353,High,Platinum
3861,57,Female,Sunglasses,Accessories,64,Pennsylvania,M,Turquoise,Summer,4.4,No,Next Day Air,No,44,Cash,Annually,1,10.0,2880,0,0.4,High,0.3109369196783017,3.5600894856503302,Medium,Platinum
3862,64,Female,Jacket,Outerwear,57,Wyoming,M,Yellow,Spring,4.9,No,Standard,No,49,Credit Card,Monthly,12,4.083333333333333,2850,0,0.4,High,1.311412721530501,2.6889084639559293,High,Platinum
3863,56,Female,Shirt,Clothing,49,Idaho,L,Turquoise,Winter,2.8,No,Next Day Air,No,9,Venmo,Monthly,12,0.75,490,0,0.4,Low,-1.457304205057877,-1.1395178106412578,Low,Bronze
3864,40,Female,Scarf,Accessories,35,New Hampshire,M,Orange,Summer,3.3,No,Free Shipping,No,28,Cash,Fortnightly,26,1.0769230769230769,1015,0,0.4,Medium,0.6906914809262503,-0.3519819795391532,Medium,Silver
3865,55,Female,T-shirt,Clothing,99,Wyoming,S,Blue,Winter,4.9,No,Express,No,1,Debit Card,Fortnightly,26,0.038461538461538464,198,0,0.4,High,-1.1781924445209047,1.614318798540535,Low,Bronze
3866,25,Female,Shorts,Clothing,42,Nebraska,M,Olive,Spring,4.2,No,Store Pickup,No,28,Cash,Quarterly,4,7.0,1218,0,0.4,High,-0.6180808911310534,2.4828147185978704,Low,Silver
3867,58,Female,Hat,Accessories,32,Alaska,M,Beige,Winter,3.3,No,2-Day Shipping,No,33,Credit Card,Fortnightly,26,1.2692307692307692,1088,0,0.4,Medium,1.0367810967497975,-0.3008921380772487,High,Silver
3868,46,Female,Jacket,Outerwear,21,Maryland,L,Lavender,Summer,2.7,No,Standard,No,28,Credit Card,Monthly,12,2.3333333333333335,609,0,0.4,Low,-0.1421636649283975,-0.8590147360616154,Medium,Bronze
3869,18,Female,Dress,Clothing,29,Maryland,XL,Magenta,Winter,3.3,No,2-Day Shipping,No,9,Cash,Annually,1,9.0,290,0,0.4,Medium,-2.111690391086529,1.7529194886913189,Low,Bronze
3870,26,Female,Coat,Outerwear,64,Arizona,L,Cyan,Spring,3.8,No,Free Shipping,No,28,Bank Transfer,Annually,1,10.0,1856,0,0.4,Medium,-0.7965498509570494,2.7192697649100896,Low,Gold
3871,61,Female,Sandals,Footwear,46,Ohio,L,Lavender,Fall,3.2,No,Next Day Air,No,19,Cash,Quarterly,4,4.75,920,0,0.4,Medium,-1.2410421996134384,0.483697372259853,Low,Silver
3872,55,Female,T-shirt,Clothing,97,Minnesota,M,Black,Fall,4.1,No,2-Day Shipping,No,20,Bank Transfer,Quarterly,4,5.0,2037,0,0.4,High,-1.171824276448729,1.811343747270688,Low,Gold
3873,41,Female,Jacket,Outerwear,94,New Hampshire,M,Green,Spring,4.3,No,Standard,No,3,Cash,Monthly,12,0.25,376,0,0.4,High,-1.8726117440461338,0.8296979034083896,Low,Bronze
3874,42,Female,Sandals,Footwear,43,Louisiana,L,Silver,Summer,4.0,No,Standard,No,22,Credit Card,Weekly,52,0.4230769230769231,989,0,0.4,Medium,1.8221149270966255,0.45526890035398404,High,Silver
3875,70,Female,Sweater,Clothing,54,Nevada,XL,Beige,Summer,3.9,No,2-Day Shipping,No,33,Credit Card,Bi-Weekly,26,1.2692307692307692,1836,0,0.4,Medium,1.0367810967497975,0.5399275826629911,High,Gold
3876,63,Female,Hat,Accessories,51,New Hampshire,M,Pink,Winter,3.3,No,2-Day Shipping,No,21,Credit Card,Annually,1,10.0,1122,0,0.4,Medium,-1.2810753131100157,2.018586664293223,Low,Silver
3877,60,Female,Shoes,Footwear,85,Wisconsin,S,Cyan,Fall,2.6,No,2-Day Shipping,No,7,Cash,Annually,1,7.0,680,0,0.4,Low,-2.2501262374159476,0.24062879662389758,Low,Silver
3878,28,Female,Hoodie,Clothing,96,Nevada,M,Olive,Spring,4.2,No,Next Day Air,No,46,Debit Card,Monthly,12,3.8333333333333335,4512,0,0.4,High,1.1037589520363724,1.6415353291918402,High,Platinum
3879,60,Female,Hat,Accessories,42,South Carolina,M,Pink,Summer,3.4,No,2-Day Shipping,No,24,Credit Card,Annually,1,10.0,1050,0,0.4,Medium,-1.0734215436158872,2.1587232844165967,Low,Silver
3880,26,Female,Skirt,Clothing,63,Florida,L,Maroon,Winter,4.1,No,Free Shipping,No,6,Debit Card,Quarterly,4,1.5,441,0,0.4,High,-2.140875200754661,0.8815086326640229,Low,Bronze
3881,42,Female,Shirt,Clothing,20,Massachusetts,M,Red,Winter,3.9,No,Free Shipping,No,40,PayPal,Monthly,12,3.3333333333333335,820,0,0.4,Medium,0.6884514130481159,1.088291881020768,Medium,Silver
3882,56,Female,Scarf,Accessories,25,Georgia,L,Silver,Spring,2.8,No,2-Day Shipping,No,17,Debit Card,Weekly,52,0.3269230769230769,450,0,0.4,Low,1.4760253112730783,-1.2519154618574477,High,Bronze
3883,35,Female,Pants,Clothing,95,North Dakota,L,Blue,Fall,2.6,No,Free Shipping,No,24,Cash,Fortnightly,26,0.9230769230769231,2375,0,0.4,Low,0.41381978826741256,-1.3738101935722895,Medium,Platinum
3884,34,Female,Hat,Accessories,38,North Dakota,XL,Purple,Fall,4.0,No,Next Day Air,No,22,Cash,Fortnightly,26,0.8461538461538461,874,0,0.4,Medium,0.27538394193799365,0.5676665515701744,Medium,Silver
3885,47,Female,Sandals,Footwear,29,Maryland,M,Brown,Fall,4.9,No,Express,No,3,PayPal,Weekly,52,0.057692307692307696,116,0,0.4,High,0.5069743869671459,1.6194277826867252,Medium,Bronze
3886,49,Female,Socks,Clothing,64,New Mexico,L,Purple,Winter,3.2,No,Free Shipping,No,39,Cash,Quarterly,4,9.75,2560,0,0.4,Medium,0.14331626368075057,1.8120332502693743,Medium,Platinum
3887,37,Female,Jewelry,Accessories,92,Iowa,S,Brown,Summer,3.9,No,Express,No,40,Debit Card,Quarterly,4,10.0,3772,0,0.4,Medium,0.21253418684546,2.859406385033463,Medium,Platinum
3888,40,Female,Shirt,Clothing,34,Kansas,M,Charcoal,Spring,2.7,No,Express,No,1,Credit Card,Quarterly,4,0.25,68,0,0.4,Low,-2.4869648165782086,-1.4124880185655826,Low,Bronze
3889,45,Female,Sneakers,Footwear,69,Virginia,M,Violet,Spring,3.4,No,Standard,No,14,Venmo,Bi-Weekly,26,0.5384615384615384,1035,0,0.4,Medium,-0.2783594433796819,-0.35489691550911306,Medium,Silver
3890,57,Female,Dress,Clothing,65,Alaska,S,Yellow,Spring,3.5,No,Express,No,49,Bank Transfer,Annually,1,10.0,3250,0,0.4,Medium,0.6570265355018491,2.2988599045399702,Medium,Platinum
3891,35,Female,Shirt,Clothing,81,Nebraska,XL,Green,Winter,2.6,No,Standard,No,33,Debit Card,Annually,1,10.0,2754,0,0.4,Low,-0.4504602351335022,1.0376303234296105,Medium,Platinum
3892,36,Female,Dress,Clothing,30,Colorado,L,Peach,Winter,4.7,No,Free Shipping,No,6,Bank Transfer,Quarterly,4,1.5,210,0,0.4,High,-2.140875200754661,1.7223283534042633,Low,Bronze
3893,35,Female,Jewelry,Accessories,86,Michigan,L,Indigo,Summer,3.5,No,Standard,No,5,PayPal,Fortnightly,26,0.19230769230769232,516,0,0.4,Medium,-0.9013207518620671,-0.3067220100171679,Low,Bronze
3894,21,Female,Hat,Accessories,64,Massachusetts,L,White,Fall,3.3,No,Store Pickup,No,29,Bank Transfer,Bi-Weekly,26,1.1153846153846154,1920,0,0.4,Medium,0.7599094040909598,-0.34176401124677236,Medium,Gold
3895,66,Female,Skirt,Clothing,78,Connecticut,L,White,Spring,3.9,No,2-Day Shipping,No,44,Credit Card,Quarterly,4,10.0,3510,0,0.4,Medium,0.4894058795042977,2.859406385033463,Medium,Platinum
3896,40,Female,Hoodie,Clothing,28,Virginia,L,Turquoise,Summer,4.2,No,2-Day Shipping,No,32,Venmo,Weekly,52,0.6153846153846154,924,0,0.4,High,2.51429415874372,0.7866319820626356,High,Silver
3897,52,Female,Backpack,Accessories,49,Iowa,L,White,Spring,4.5,No,Store Pickup,No,41,Bank Transfer,Bi-Weekly,26,1.5769230769230769,2058,0,0.4,High,1.5905244820674733,1.4624910497422785,High,Gold
3898,46,Female,Belt,Accessories,33,New Jersey,L,Green,Spring,2.9,No,Standard,No,24,Venmo,Quarterly,4,6.0,825,0,0.4,Low,-0.8949525837898912,0.395371481392113,Low,Silver
3899,44,Female,Shoes,Footwear,77,Minnesota,S,Brown,Summer,3.8,No,Express,No,24,Venmo,Weekly,52,0.46153846153846156,1925,0,0.4,Medium,1.9605507734260443,0.1852136283996183,High,Gold
3900,52,Female,Handbag,Accessories,81,California,M,Beige,Spring,3.1,No,Store Pickup,No,33,Venmo,Quarterly,4,8.25,2754,0,0.4,Medium,-0.2719912753075062,1.2733958667431442,Medium,Platinum
